Delito,SubDelito,Fecha,Hora,Victima,SubVictima,Edad,Sexo,Nacionalidad,Provincia,Canton,Distrito
HOMICIDIO,AJUSTE DE CUENTAS/VENGANZA,1/22/21,21:00:00 - 23:59:59,PERSONA,OTRO O INDETERMINADO [PERSONA],Mayor de edad,HOMBRE,COSTA RICA,HEREDIA,BELEN,LA RIBERA
HOMICIDIO,AJUSTE DE CUENTAS/VENGANZA,1/30/21,00:00:00 - 02:59:59,PERSONA,OTRO O INDETERMINADO [PERSONA],Desconocido,HOMBRE,Desconocido,HEREDIA,SAN ISIDRO,SAN FRANCISCO
HOMICIDIO,AJUSTE DE CUENTAS/VENGANZA,2/14/21,00:00:00 - 02:59:59,PERSONA,PEATON [PERSONA],Menor de edad,MUJER,COSTA RICA,LIMON,MATINA,CARRANDI
HOMICIDIO,AJUSTE DE CUENTAS/VENGANZA,2/16/21,21:00:00 - 23:59:59,PERSONA,MENOR DE EDAD [PERSONA],Menor de edad,HOMBRE,COSTA RICA,PUNTARENAS,PUNTARENAS,CHACARITA
HOMICIDIO,AJUSTE DE CUENTAS/VENGANZA,2/17/21,00:00:00 - 02:59:59,PERSONA,OTRO O INDETERMINADO [PERSONA],Menor de edad,HOMBRE,COSTA RICA,GUANACASTE,LIBERIA,LIBERIA
HOMICIDIO,AJUSTE DE CUENTAS/VENGANZA,3/12/21,00:00:00 - 02:59:59,PERSONA,OTRO O INDETERMINADO [PERSONA],Mayor de edad,HOMBRE,COSTA RICA,PUNTARENAS,PUNTARENAS,BARRANCA
HOMICIDIO,AJUSTE DE CUENTAS/VENGANZA,4/26/21,18:00:00 - 20:59:59,PERSONA,OTRO O INDETERMINADO [PERSONA],Mayor de edad,HOMBRE,Desconocido,LIMON,GUACIMO,RIO JIMENEZ
HOMICIDIO,AJUSTE DE CUENTAS/VENGANZA,4/29/21,21:00:00 - 23:59:59,PERSONA,OTRO O INDETERMINADO [PERSONA],Mayor de edad,HOMBRE,COSTA RICA,LIMON,POCOCI,GUAPILES
HOMICIDIO,AJUSTE DE CUENTAS/VENGANZA,6/8/21,12:00:00 - 14:59:59,PERSONA,OTRO O INDETERMINADO [PERSONA],Mayor de edad,DESCONOCIDO,Desconocido,HEREDIA,HEREDIA,SAN FRANCISCO
HOMICIDIO,AJUSTE DE CUENTAS/VENGANZA,7/2/21,00:00:00 - 02:59:59,PERSONA,OTRO O INDETERMINADO [PERSONA],Mayor de edad,HOMBRE,COSTA RICA,SAN JOSE,MORA,PIEDRAS NEGRAS
HOMICIDIO,AJUSTE DE CUENTAS/VENGANZA,8/12/21,06:00:00 - 08:59:59,PERSONA,PEATON [PERSONA],Mayor de edad,HOMBRE,COSTA RICA,GUANACASTE,SANTA CRUZ,SANTA CRUZ
HOMICIDIO,AJUSTE DE CUENTAS/VENGANZA,8/31/21,18:00:00 - 20:59:59,PERSONA,CLIENTE LOCAL COMERCIAL [PERSONA],Mayor de edad,DESCONOCIDO,Desconocido,LIMON,POCOCI,CARIARI
HOMICIDIO,AJUSTE DE CUENTAS/VENGANZA,10/10/21,03:00:00 - 05:59:59,PERSONA,OTRO O INDETERMINADO [PERSONA],Mayor de edad,HOMBRE,Desconocido,CARTAGO,PARAISO,PARAISO
HOMICIDIO,AJUSTE DE CUENTAS/VENGANZA,10/23/21,00:00:00 - 02:59:59,PERSONA,OTRO O INDETERMINADO [PERSONA],Mayor de edad,DESCONOCIDO,COLOMBIA,PUNTARENAS,GARABITO,TARCOLES
HOMICIDIO,AJUSTE DE CUENTAS/VENGANZA,11/1/21,12:00:00 - 14:59:59,PERSONA,PEATON [PERSONA],Mayor de edad,HOMBRE,COSTA RICA,SAN JOSE,DESAMPARADOS,DAMAS
HOMICIDIO,AJUSTE DE CUENTAS/VENGANZA,11/27/21,00:00:00 - 02:59:59,PERSONA,OTRO O INDETERMINADO [PERSONA],Mayor de edad,HOMBRE,COSTA RICA,LIMON,POCOCI,CARIARI
HOMICIDIO,AJUSTE DE CUENTAS/VENGANZA,12/17/21,06:00:00 - 08:59:59,PERSONA,PEATON [PERSONA],Mayor de edad,HOMBRE,COSTA RICA,LIMON,LIMON,LIMON
HOMICIDIO,AJUSTE DE CUENTAS/VENGANZA,12/25/21,18:00:00 - 20:59:59,PERSONA,PEATON [PERSONA],Mayor de edad,HOMBRE,COSTA RICA,LIMON,MATINA,BATAN
HOMICIDIO,AJUSTE DE CUENTAS/VENGANZA,1/1/22,21:00:00 - 23:59:59,PERSONA,OTRO O INDETERMINADO [PERSONA],Mayor de edad,HOMBRE,COSTA RICA,SAN JOSE,ALAJUELITA,SAN ANTONIO
HOMICIDIO,AJUSTE DE CUENTAS/VENGANZA,1/14/22,18:00:00 - 20:59:59,PERSONA,PEATON [PERSONA],Mayor de edad,HOMBRE,COSTA RICA,CARTAGO,TURRIALBA,TURRIALBA
HOMICIDIO,AJUSTE DE CUENTAS/VENGANZA,1/17/22,18:00:00 - 20:59:59,PERSONA,OTRO O INDETERMINADO [PERSONA],Mayor de edad,DESCONOCIDO,COSTA RICA,ALAJUELA,ALAJUELA,GUACIMA
HOMICIDIO,AJUSTE DE CUENTAS/VENGANZA,1/27/22,21:00:00 - 23:59:59,PERSONA,OTRO O INDETERMINADO [PERSONA],Mayor de edad,DESCONOCIDO,Desconocido,SAN JOSE,GOICOECHEA,IPIS
HOMICIDIO,AJUSTE DE CUENTAS/VENGANZA,3/2/22,09:00:00 - 11:59:59,PERSONA,PEATON [PERSONA],Mayor de edad,HOMBRE,COSTA RICA,LIMON,LIMON,LIMON
HOMICIDIO,AJUSTE DE CUENTAS/VENGANZA,1/8/21,00:00:00 - 02:59:59,PERSONA,OTRO O INDETERMINADO [PERSONA],Desconocido,HOMBRE,COLOMBIA,ALAJUELA,ALAJUELA,SAN RAFAEL
HOMICIDIO,AJUSTE DE CUENTAS/VENGANZA,1/8/21,15:00:00 - 17:59:59,PERSONA,PEATON [PERSONA],Mayor de edad,HOMBRE,COSTA RICA,PUNTARENAS,CORREDORES,CANOAS
HOMICIDIO,AJUSTE DE CUENTAS/VENGANZA,1/9/21,15:00:00 - 17:59:59,PERSONA,PEATON [PERSONA],Mayor de edad,HOMBRE,COSTA RICA,LIMON,SIQUIRRES,ALEGRIA
HOMICIDIO,AJUSTE DE CUENTAS/VENGANZA,1/24/21,00:00:00 - 02:59:59,PERSONA,OTRO O INDETERMINADO [PERSONA],Mayor de edad,HOMBRE,COSTA RICA,PUNTARENAS,PUNTARENAS,EL ROBLE
HOMICIDIO,AJUSTE DE CUENTAS/VENGANZA,2/12/21,15:00:00 - 17:59:59,PERSONA,PEATON [PERSONA],Mayor de edad,HOMBRE,COSTA RICA,PUNTARENAS,CORREDORES,CANOAS
HOMICIDIO,AJUSTE DE CUENTAS/VENGANZA,3/2/21,00:00:00 - 02:59:59,PERSONA,OTRO O INDETERMINADO [PERSONA],Desconocido,HOMBRE,COSTA RICA,HEREDIA,HEREDIA,HEREDIA
HOMICIDIO,AJUSTE DE CUENTAS/VENGANZA,3/9/21,00:00:00 - 02:59:59,PERSONA,OTRO O INDETERMINADO [PERSONA],Mayor de edad,HOMBRE,COSTA RICA,HEREDIA,HEREDIA,SAN FRANCISCO
HOMICIDIO,AJUSTE DE CUENTAS/VENGANZA,3/28/21,06:00:00 - 08:59:59,PERSONA,PEATON [PERSONA],Mayor de edad,HOMBRE,PANAMA,PUNTARENAS,CORREDORES,CANOAS
HOMICIDIO,AJUSTE DE CUENTAS/VENGANZA,5/7/21,21:00:00 - 23:59:59,PERSONA,PEATON [PERSONA],Mayor de edad,HOMBRE,COSTA RICA,PUNTARENAS,PUNTARENAS,EL ROBLE
HOMICIDIO,AJUSTE DE CUENTAS/VENGANZA,5/21/21,06:00:00 - 08:59:59,PERSONA,PEATON [PERSONA],Mayor de edad,HOMBRE,COSTA RICA,LIMON,LIMON,VALLE LA ESTRELLA
HOMICIDIO,AJUSTE DE CUENTAS/VENGANZA,6/9/21,00:00:00 - 02:59:59,PERSONA,OTRO O INDETERMINADO [PERSONA],Mayor de edad,HOMBRE,COSTA RICA,CARTAGO,LA UNION,SAN RAFAEL
HOMICIDIO,AJUSTE DE CUENTAS/VENGANZA,6/11/21,15:00:00 - 17:59:59,PERSONA,CLIENTE LOCAL COMERCIAL [PERSONA],Mayor de edad,DESCONOCIDO,COSTA RICA,LIMON,POCOCI,RITA
HOMICIDIO,AJUSTE DE CUENTAS/VENGANZA,7/6/21,21:00:00 - 23:59:59,PERSONA,OTRO O INDETERMINADO [PERSONA],Mayor de edad,DESCONOCIDO,COSTA RICA,LIMON,GUACIMO,RIO JIMENEZ
HOMICIDIO,AJUSTE DE CUENTAS/VENGANZA,7/26/21,09:00:00 - 11:59:59,PERSONA,OTRO O INDETERMINADO [PERSONA],Mayor de edad,DESCONOCIDO,COSTA RICA,LIMON,POCOCI,RITA
HOMICIDIO,AJUSTE DE CUENTAS/VENGANZA,8/18/21,00:00:00 - 02:59:59,PERSONA,PEATON [PERSONA],Mayor de edad,HOMBRE,COSTA RICA,HEREDIA,FLORES,BARRANTES
HOMICIDIO,AJUSTE DE CUENTAS/VENGANZA,7/31/21,03:00:00 - 05:59:59,PERSONA,OTRO O INDETERMINADO [PERSONA],Mayor de edad,HOMBRE,COSTA RICA,PUNTARENAS,GARABITO,JACO
HOMICIDIO,AJUSTE DE CUENTAS/VENGANZA,9/17/21,12:00:00 - 14:59:59,PERSONA,OTRO O INDETERMINADO [PERSONA],Mayor de edad,HOMBRE,Desconocido,SAN JOSE,TIBAS,CINCO ESQUINAS
HOMICIDIO,AJUSTE DE CUENTAS/VENGANZA,10/15/21,21:00:00 - 23:59:59,PERSONA,OTRO O INDETERMINADO [PERSONA],Mayor de edad,MUJER,COSTA RICA,SAN JOSE,GOICOECHEA,PURRAL
HOMICIDIO,AJUSTE DE CUENTAS/VENGANZA,11/3/21,18:00:00 - 20:59:59,PERSONA,OTRO O INDETERMINADO [PERSONA],Mayor de edad,HOMBRE,COSTA RICA,LIMON,GUACIMO,GUACIMO
HOMICIDIO,AJUSTE DE CUENTAS/VENGANZA,11/20/21,15:00:00 - 17:59:59,PERSONA,PEATON [PERSONA],Desconocido,HOMBRE,NICARAGUA,ALAJUELA,LOS CHILES,SAN JORGE
HOMICIDIO,AJUSTE DE CUENTAS/VENGANZA,10/29/21,18:00:00 - 20:59:59,PERSONA,OTRO O INDETERMINADO [PERSONA],Mayor de edad,HOMBRE,COSTA RICA,SAN JOSE,ASERRI,SALITRILLOS
HOMICIDIO,AJUSTE DE CUENTAS/VENGANZA,12/27/21,06:00:00 - 08:59:59,PERSONA,PEATON [PERSONA],Mayor de edad,HOMBRE,NICARAGUA,LIMON,LIMON,LIMON
HOMICIDIO,AJUSTE DE CUENTAS/VENGANZA,1/7/22,06:00:00 - 08:59:59,PERSONA,PEATON [PERSONA],Mayor de edad,HOMBRE,COSTA RICA,PUNTARENAS,GARABITO,JACO
HOMICIDIO,AJUSTE DE CUENTAS/VENGANZA,1/27/21,00:00:00 - 02:59:59,PERSONA,PEATON [PERSONA],Desconocido,HOMBRE,COLOMBIA,PUNTARENAS,GARABITO,JACO
HOMICIDIO,AJUSTE DE CUENTAS/VENGANZA,1/27/21,12:00:00 - 14:59:59,PERSONA,PEATON [PERSONA],Mayor de edad,HOMBRE,COSTA RICA,LIMON,LIMON,LIMON
HOMICIDIO,AJUSTE DE CUENTAS/VENGANZA,2/10/21,00:00:00 - 02:59:59,PERSONA,OTRO O INDETERMINADO [PERSONA],Mayor de edad,HOMBRE,COSTA RICA,LIMON,POCOCI,RITA
HOMICIDIO,AJUSTE DE CUENTAS/VENGANZA,2/14/21,00:00:00 - 02:59:59,PERSONA,PEATON [PERSONA],Mayor de edad,MUJER,COSTA RICA,LIMON,MATINA,CARRANDI
HOMICIDIO,AJUSTE DE CUENTAS/VENGANZA,2/17/21,18:00:00 - 20:59:59,PERSONA,OTRO O INDETERMINADO [PERSONA],Mayor de edad,HOMBRE,COSTA RICA,LIMON,POCOCI,GUAPILES
HOMICIDIO,AJUSTE DE CUENTAS/VENGANZA,3/9/21,21:00:00 - 23:59:59,PERSONA,PEATON [PERSONA],Mayor de edad,HOMBRE,COSTA RICA,GUANACASTE,LA CRUZ,LA CRUZ
HOMICIDIO,AJUSTE DE CUENTAS/VENGANZA,3/21/21,12:00:00 - 14:59:59,PERSONA,OTRO O INDETERMINADO [PERSONA],Mayor de edad,HOMBRE,NICARAGUA,HEREDIA,SARAPIQUI,HORQUETAS
HOMICIDIO,AJUSTE DE CUENTAS/VENGANZA,4/14/21,18:00:00 - 20:59:59,PERSONA,PEATON [PERSONA],Mayor de edad,HOMBRE,COSTA RICA,GUANACASTE,LA CRUZ,LA CRUZ
HOMICIDIO,AJUSTE DE CUENTAS/VENGANZA,4/17/21,00:00:00 - 02:59:59,PERSONA,PEATON [PERSONA],Mayor de edad,DESCONOCIDO,COSTA RICA,ALAJUELA,ALAJUELA,ALAJUELA
HOMICIDIO,AJUSTE DE CUENTAS/VENGANZA,5/24/21,21:00:00 - 23:59:59,PERSONA,OTRO O INDETERMINADO [PERSONA],Mayor de edad,HOMBRE,COSTA RICA,LIMON,SIQUIRRES,SIQUIRRES
HOMICIDIO,AJUSTE DE CUENTAS/VENGANZA,6/29/21,21:00:00 - 23:59:59,PERSONA,OTRO O INDETERMINADO [PERSONA],Mayor de edad,HOMBRE,COSTA RICA,CARTAGO,LA UNION,SAN JUAN
HOMICIDIO,AJUSTE DE CUENTAS/VENGANZA,7/24/21,15:00:00 - 17:59:59,PERSONA,OTRO O INDETERMINADO [PERSONA],Mayor de edad,HOMBRE,COSTA RICA,CARTAGO,PARAISO,PARAISO
HOMICIDIO,AJUSTE DE CUENTAS/VENGANZA,8/6/21,09:00:00 - 11:59:59,PERSONA,OTRO O INDETERMINADO [PERSONA],Desconocido,HOMBRE,NICARAGUA,SAN JOSE,ALAJUELITA,SAN FELIPE
HOMICIDIO,AJUSTE DE CUENTAS/VENGANZA,8/20/21,03:00:00 - 05:59:59,PERSONA,OTRO O INDETERMINADO [PERSONA],Mayor de edad,HOMBRE,NICARAGUA,SAN JOSE,SAN JOSE,URUCA
HOMICIDIO,AJUSTE DE CUENTAS/VENGANZA,8/31/21,18:00:00 - 20:59:59,PERSONA,CLIENTE LOCAL COMERCIAL [PERSONA],Mayor de edad,DESCONOCIDO,Desconocido,LIMON,POCOCI,CARIARI
HOMICIDIO,AJUSTE DE CUENTAS/VENGANZA,9/19/21,18:00:00 - 20:59:59,PERSONA,OTRO O INDETERMINADO [PERSONA],Mayor de edad,HOMBRE,COSTA RICA,SAN JOSE,VASQUEZ DE CORONADO,SAN ISIDRO
HOMICIDIO,AJUSTE DE CUENTAS/VENGANZA,10/16/21,09:00:00 - 11:59:59,PERSONA,PEATON [PERSONA],Mayor de edad,HOMBRE,COSTA RICA,ALAJUELA,ALAJUELA,ALAJUELA
HOMICIDIO,AJUSTE DE CUENTAS/VENGANZA,10/23/21,03:00:00 - 05:59:59,PERSONA,OTRO O INDETERMINADO [PERSONA],Mayor de edad,HOMBRE,Desconocido,LIMON,GUACIMO,POCORA
HOMICIDIO,AJUSTE DE CUENTAS/VENGANZA,10/24/21,00:00:00 - 02:59:59,PERSONA,OTRO O INDETERMINADO [PERSONA],Mayor de edad,HOMBRE,COSTA RICA,PUNTARENAS,PUNTARENAS,BARRANCA
HOMICIDIO,AJUSTE DE CUENTAS/VENGANZA,10/28/21,06:00:00 - 08:59:59,PERSONA,PEATON [PERSONA],Mayor de edad,DESCONOCIDO,Desconocido,SAN JOSE,SAN JOSE,URUCA
HOMICIDIO,AJUSTE DE CUENTAS/VENGANZA,12/7/21,00:00:00 - 02:59:59,PERSONA,OTRO O INDETERMINADO [PERSONA],Mayor de edad,HOMBRE,COSTA RICA,PUNTARENAS,PUNTARENAS,BARRANCA
HOMICIDIO,AJUSTE DE CUENTAS/VENGANZA,12/12/21,00:00:00 - 02:59:59,PERSONA,PEATON [PERSONA],Mayor de edad,HOMBRE,COSTA RICA,SAN JOSE,SAN JOSE,URUCA
HOMICIDIO,AJUSTE DE CUENTAS/VENGANZA,12/20/21,06:00:00 - 08:59:59,PERSONA,OTRO O INDETERMINADO [PERSONA],Mayor de edad,HOMBRE,COSTA RICA,SAN JOSE,SAN JOSE,CATEDRAL
HOMICIDIO,AJUSTE DE CUENTAS/VENGANZA,2/17/21,21:00:00 - 23:59:59,PERSONA,PEATON [PERSONA],Mayor de edad,HOMBRE,COSTA RICA,ALAJUELA,SAN CARLOS,FLORENCIA
HOMICIDIO,AJUSTE DE CUENTAS/VENGANZA,2/27/21,12:00:00 - 14:59:59,PERSONA,OTRO O INDETERMINADO [PERSONA],Mayor de edad,HOMBRE,COSTA RICA,ALAJUELA,ALAJUELA,GUACIMA
HOMICIDIO,AJUSTE DE CUENTAS/VENGANZA,3/3/21,00:00:00 - 02:59:59,PERSONA,PEATON [PERSONA],Mayor de edad,HOMBRE,COSTA RICA,PUNTARENAS,PUNTARENAS,CHACARITA
HOMICIDIO,AJUSTE DE CUENTAS/VENGANZA,3/5/21,09:00:00 - 11:59:59,PERSONA,OTRO O INDETERMINADO [PERSONA],Mayor de edad,HOMBRE,COSTA RICA,PUNTARENAS,GOLFITO,PAVON
HOMICIDIO,AJUSTE DE CUENTAS/VENGANZA,3/9/21,15:00:00 - 17:59:59,PERSONA,CLIENTE LOCAL COMERCIAL [PERSONA],Mayor de edad,HOMBRE,COSTA RICA,LIMON,GUACIMO,GUACIMO
HOMICIDIO,AJUSTE DE CUENTAS/VENGANZA,3/27/21,15:00:00 - 17:59:59,PERSONA,PEATON [PERSONA],Mayor de edad,HOMBRE,COSTA RICA,GUANACASTE,SANTA CRUZ,SANTA CRUZ
HOMICIDIO,AJUSTE DE CUENTAS/VENGANZA,3/26/21,18:00:00 - 20:59:59,PERSONA,OTRO O INDETERMINADO [PERSONA],Mayor de edad,DESCONOCIDO,COSTA RICA,PUNTARENAS,PUNTARENAS,COBANO
HOMICIDIO,AJUSTE DE CUENTAS/VENGANZA,4/1/21,03:00:00 - 05:59:59,PERSONA,OTRO O INDETERMINADO [PERSONA],Mayor de edad,HOMBRE,Desconocido,SAN JOSE,TIBAS,LEON XIII
HOMICIDIO,AJUSTE DE CUENTAS/VENGANZA,4/9/21,09:00:00 - 11:59:59,PERSONA,PEATON [PERSONA],Mayor de edad,HOMBRE,COSTA RICA,ALAJUELA,ALAJUELA,GUACIMA
HOMICIDIO,AJUSTE DE CUENTAS/VENGANZA,5/2/21,21:00:00 - 23:59:59,PERSONA,PEATON [PERSONA],Mayor de edad,HOMBRE,COSTA RICA,LIMON,LIMON,RIO BLANCO
HOMICIDIO,AJUSTE DE CUENTAS/VENGANZA,7/1/21,00:00:00 - 02:59:59,PERSONA,OTRO O INDETERMINADO [PERSONA],Mayor de edad,HOMBRE,COSTA RICA,SAN JOSE,SANTA ANA,POZOS
HOMICIDIO,AJUSTE DE CUENTAS/VENGANZA,7/3/21,12:00:00 - 14:59:59,PERSONA,OTRO O INDETERMINADO [PERSONA],Mayor de edad,HOMBRE,Desconocido,SAN JOSE,SAN JOSE,HOSPITAL
HOMICIDIO,AJUSTE DE CUENTAS/VENGANZA,8/3/21,18:00:00 - 20:59:59,PERSONA,CLIENTE LOCAL COMERCIAL [PERSONA],Mayor de edad,HOMBRE,COSTA RICA,GUANACASTE,LA CRUZ,LA CRUZ
HOMICIDIO,AJUSTE DE CUENTAS/VENGANZA,7/25/21,00:00:00 - 02:59:59,PERSONA,OTRO O INDETERMINADO [PERSONA],Mayor de edad,HOMBRE,COSTA RICA,HEREDIA,SARAPIQUI,PUERTO VIEJO
HOMICIDIO,AJUSTE DE CUENTAS/VENGANZA,8/21/21,00:00:00 - 02:59:59,PERSONA,OTRO O INDETERMINADO [PERSONA],Mayor de edad,DESCONOCIDO,COSTA RICA,HEREDIA,SANTO DOMINGO,PARACITO
HOMICIDIO,AJUSTE DE CUENTAS/VENGANZA,8/24/21,15:00:00 - 17:59:59,PERSONA,PEATON [PERSONA],Mayor de edad,HOMBRE,COSTA RICA,SAN JOSE,DESAMPARADOS,PATARRA
HOMICIDIO,AJUSTE DE CUENTAS/VENGANZA,8/26/21,00:00:00 - 02:59:59,PERSONA,OTRO O INDETERMINADO [PERSONA],Mayor de edad,HOMBRE,COSTA RICA,LIMON,POCOCI,RITA
HOMICIDIO,AJUSTE DE CUENTAS/VENGANZA,9/15/21,18:00:00 - 20:59:59,PERSONA,OTRO O INDETERMINADO [PERSONA],Mayor de edad,HOMBRE,Desconocido,SAN JOSE,MORAVIA,SAN JERONIMO
HOMICIDIO,AJUSTE DE CUENTAS/VENGANZA,9/30/21,18:00:00 - 20:59:59,PERSONA,OTRO O INDETERMINADO [PERSONA],Mayor de edad,HOMBRE,COSTA RICA,PUNTARENAS,PUNTARENAS,CHACARITA
HOMICIDIO,AJUSTE DE CUENTAS/VENGANZA,10/4/21,21:00:00 - 23:59:59,PERSONA,PEATON [PERSONA],Mayor de edad,HOMBRE,COSTA RICA,LIMON,MATINA,BATAN
HOMICIDIO,AJUSTE DE CUENTAS/VENGANZA,10/21/21,18:00:00 - 20:59:59,PERSONA,OTRO O INDETERMINADO [PERSONA],Mayor de edad,HOMBRE,COSTA RICA,HEREDIA,SARAPIQUI,PUERTO VIEJO
HOMICIDIO,AJUSTE DE CUENTAS/VENGANZA,11/8/21,18:00:00 - 20:59:59,PERSONA,PEATON [PERSONA],Mayor de edad,HOMBRE,COSTA RICA,LIMON,MATINA,CARRANDI
HOMICIDIO,AJUSTE DE CUENTAS/VENGANZA,12/6/21,00:00:00 - 02:59:59,PERSONA,PEATON [PERSONA],Mayor de edad,HOMBRE,COSTA RICA,LIMON,MATINA,BATAN
HOMICIDIO,AJUSTE DE CUENTAS/VENGANZA,1/11/21,00:00:00 - 02:59:59,PERSONA,OTRO O INDETERMINADO [PERSONA],Mayor de edad,HOMBRE,COSTA RICA,HEREDIA,SARAPIQUI,HORQUETAS
HOMICIDIO,AJUSTE DE CUENTAS/VENGANZA,1/13/21,18:00:00 - 20:59:59,PERSONA,OTRO O INDETERMINADO [PERSONA],Mayor de edad,HOMBRE,COSTA RICA,ALAJUELA,SAN CARLOS,FLORENCIA
HOMICIDIO,AJUSTE DE CUENTAS/VENGANZA,1/24/21,21:00:00 - 23:59:59,PERSONA,OTRO O INDETERMINADO [PERSONA],Mayor de edad,HOMBRE,COSTA RICA,PUNTARENAS,PUNTARENAS,CHACARITA
HOMICIDIO,AJUSTE DE CUENTAS/VENGANZA,2/19/21,18:00:00 - 20:59:59,PERSONA,OTRO O INDETERMINADO [PERSONA],Mayor de edad,HOMBRE,COSTA RICA,CARTAGO,EL GUARCO,EL TEJAR
HOMICIDIO,AJUSTE DE CUENTAS/VENGANZA,2/18/21,15:00:00 - 17:59:59,PERSONA,OTRO O INDETERMINADO [PERSONA],Mayor de edad,HOMBRE,COSTA RICA,SAN JOSE,GOICOECHEA,CALLE BLANCOS
HOMICIDIO,AJUSTE DE CUENTAS/VENGANZA,2/20/21,21:00:00 - 23:59:59,PERSONA,CLIENTE LOCAL COMERCIAL [PERSONA],Mayor de edad,HOMBRE,COSTA RICA,LIMON,SIQUIRRES,SIQUIRRES
HOMICIDIO,AJUSTE DE CUENTAS/VENGANZA,3/2/21,18:00:00 - 20:59:59,PERSONA,MENOR DE EDAD [PERSONA],Menor de edad,HOMBRE,COSTA RICA,ALAJUELA,ALAJUELA,ALAJUELA
HOMICIDIO,AJUSTE DE CUENTAS/VENGANZA,3/9/21,21:00:00 - 23:59:59,PERSONA,PEATON [PERSONA],Desconocido,HOMBRE,NICARAGUA,GUANACASTE,LA CRUZ,LA CRUZ
HOMICIDIO,AJUSTE DE CUENTAS/VENGANZA,3/15/21,09:00:00 - 11:59:59,PERSONA,OTRO O INDETERMINADO [PERSONA],Mayor de edad,HOMBRE,COSTA RICA,PUNTARENAS,PUNTARENAS,CHACARITA
HOMICIDIO,AJUSTE DE CUENTAS/VENGANZA,3/22/21,15:00:00 - 17:59:59,PERSONA,PEATON [PERSONA],Desconocido,HOMBRE,COSTA RICA,PUNTARENAS,PUNTARENAS,CHACARITA
HOMICIDIO,AJUSTE DE CUENTAS/VENGANZA,3/28/21,06:00:00 - 08:59:59,PERSONA,PEATON [PERSONA],Mayor de edad,HOMBRE,PANAMA,PUNTARENAS,CORREDORES,CANOAS
HOMICIDIO,AJUSTE DE CUENTAS/VENGANZA,4/23/21,21:00:00 - 23:59:59,PERSONA,CLIENTE HOTEL/MOTEL/PENSION [PERSONA],Mayor de edad,HOMBRE,COSTA RICA,PUNTARENAS,ESPARZA,MACACOMA
HOMICIDIO,AJUSTE DE CUENTAS/VENGANZA,4/24/21,12:00:00 - 14:59:59,PERSONA,OTRO O INDETERMINADO [PERSONA],Mayor de edad,HOMBRE,COSTA RICA,SAN JOSE,VASQUEZ DE CORONADO,DULCE NOMBRE DE JESUS
HOMICIDIO,AJUSTE DE CUENTAS/VENGANZA,5/3/21,18:00:00 - 20:59:59,PERSONA,PEATON [PERSONA],Mayor de edad,HOMBRE,COSTA RICA,SAN JOSE,DESAMPARADOS,SAN RAFAEL ARRIBA
HOMICIDIO,AJUSTE DE CUENTAS/VENGANZA,5/23/21,00:00:00 - 02:59:59,PERSONA,OTRO O INDETERMINADO [PERSONA],Mayor de edad,HOMBRE,COSTA RICA,SAN JOSE,DESAMPARADOS,SAN MIGUEL
HOMICIDIO,AJUSTE DE CUENTAS/VENGANZA,6/20/21,00:00:00 - 02:59:59,PERSONA,OTRO O INDETERMINADO [PERSONA],Mayor de edad,MUJER,NICARAGUA,LIMON,SIQUIRRES,PACUARITO
HOMICIDIO,AJUSTE DE CUENTAS/VENGANZA,7/11/21,09:00:00 - 11:59:59,PERSONA,PEATON [PERSONA],Mayor de edad,HOMBRE,COSTA RICA,LIMON,LIMON,LIMON
HOMICIDIO,AJUSTE DE CUENTAS/VENGANZA,7/14/21,18:00:00 - 20:59:59,PERSONA,OTRO O INDETERMINADO [PERSONA],Mayor de edad,HOMBRE,COSTA RICA,LIMON,GUACIMO,GUACIMO
HOMICIDIO,AJUSTE DE CUENTAS/VENGANZA,8/14/21,06:00:00 - 08:59:59,PERSONA,PEATON [PERSONA],Mayor de edad,HOMBRE,NICARAGUA,LIMON,LIMON,VALLE LA ESTRELLA
HOMICIDIO,AJUSTE DE CUENTAS/VENGANZA,8/14/21,21:00:00 - 23:59:59,PERSONA,OTRO O INDETERMINADO [PERSONA],Desconocido,HOMBRE,COLOMBIA,SAN JOSE,SAN JOSE,MATA REDONDA
HOMICIDIO,AJUSTE DE CUENTAS/VENGANZA,9/4/21,06:00:00 - 08:59:59,PERSONA,PEATON [PERSONA],Mayor de edad,HOMBRE,Desconocido,LIMON,MATINA,BATAN
HOMICIDIO,AJUSTE DE CUENTAS/VENGANZA,10/3/21,15:00:00 - 17:59:59,PERSONA,PEATON [PERSONA],Mayor de edad,HOMBRE,COSTA RICA,PUNTARENAS,PUNTARENAS,CHACARITA
HOMICIDIO,AJUSTE DE CUENTAS/VENGANZA,10/6/21,06:00:00 - 08:59:59,PERSONA,PEATON [PERSONA],Desconocido,HOMBRE,Desconocido,LIMON,LIMON,LIMON
HOMICIDIO,AJUSTE DE CUENTAS/VENGANZA,3/6/22,03:00:00 - 05:59:59,PERSONA,PEATON [PERSONA],Mayor de edad,HOMBRE,COSTA RICA,SAN JOSE,TIBAS,LEON XIII
HOMICIDIO,AJUSTE DE CUENTAS/VENGANZA,3/7/22,09:00:00 - 11:59:59,PERSONA,OTRO O INDETERMINADO [PERSONA],Mayor de edad,HOMBRE,COSTA RICA,CARTAGO,EL GUARCO,EL TEJAR
HOMICIDIO,AJUSTE DE CUENTAS/VENGANZA,3/16/22,06:00:00 - 08:59:59,PERSONA,OTRO O INDETERMINADO [PERSONA],Mayor de edad,MUJER,COSTA RICA,HEREDIA,SANTO DOMINGO,SAN MIGUEL
HOMICIDIO,AJUSTE DE CUENTAS/VENGANZA,3/17/22,12:00:00 - 14:59:59,PERSONA,PEATON [PERSONA],Mayor de edad,HOMBRE,COSTA RICA,PUNTARENAS,PUNTARENAS,EL ROBLE
HOMICIDIO,AJUSTE DE CUENTAS/VENGANZA,4/6/22,18:00:00 - 20:59:59,PERSONA,OTRO O INDETERMINADO [PERSONA],Mayor de edad,DESCONOCIDO,Desconocido,SAN JOSE,MORAVIA,LA TRINIDAD
HOMICIDIO,AJUSTE DE CUENTAS/VENGANZA,3/24/22,18:00:00 - 20:59:59,PERSONA,OTRO O INDETERMINADO [PERSONA],Mayor de edad,HOMBRE,COSTA RICA,SAN JOSE,TIBAS,SAN JUAN
HOMICIDIO,AJUSTE DE CUENTAS/VENGANZA,4/21/22,18:00:00 - 20:59:59,PERSONA,OTRO O INDETERMINADO [PERSONA],Mayor de edad,HOMBRE,COSTA RICA,SAN JOSE,SAN JOSE,HATILLO
HOMICIDIO,AJUSTE DE CUENTAS/VENGANZA,5/8/22,21:00:00 - 23:59:59,PERSONA,OTRO O INDETERMINADO [PERSONA],Mayor de edad,HOMBRE,COSTA RICA,LIMON,SIQUIRRES,SIQUIRRES
HOMICIDIO,AJUSTE DE CUENTAS/VENGANZA,5/17/22,06:00:00 - 08:59:59,PERSONA,PEATON [PERSONA],Mayor de edad,HOMBRE,COSTA RICA,LIMON,LIMON,LIMON
HOMICIDIO,AJUSTE DE CUENTAS/VENGANZA,6/18/22,15:00:00 - 17:59:59,PERSONA,PEATON [PERSONA],Mayor de edad,HOMBRE,COSTA RICA,GUANACASTE,NICOYA,NICOYA
HOMICIDIO,AJUSTE DE CUENTAS/VENGANZA,7/13/22,21:00:00 - 23:59:59,PERSONA,PEATON [PERSONA],Mayor de edad,HOMBRE,COSTA RICA,LIMON,LIMON,LIMON
HOMICIDIO,AJUSTE DE CUENTAS/VENGANZA,7/23/22,18:00:00 - 20:59:59,PERSONA,PEATON [PERSONA],Mayor de edad,HOMBRE,COSTA RICA,PUNTARENAS,PARRITA,PARRITA
HOMICIDIO,AJUSTE DE CUENTAS/VENGANZA,7/31/22,03:00:00 - 05:59:59,PERSONA,PEATON [PERSONA],Mayor de edad,HOMBRE,COSTA RICA,GUANACASTE,CANAS,CANAS
HOMICIDIO,AJUSTE DE CUENTAS/VENGANZA,8/3/22,15:00:00 - 17:59:59,PERSONA,OTRO O INDETERMINADO [PERSONA],Mayor de edad,HOMBRE,COSTA RICA,CARTAGO,CARTAGO,SAN NICOLAS
HOMICIDIO,AJUSTE DE CUENTAS/VENGANZA,8/11/22,00:00:00 - 02:59:59,PERSONA,OTRO O INDETERMINADO [PERSONA],Mayor de edad,HOMBRE,COSTA RICA,PUNTARENAS,PUNTARENAS,COBANO
HOMICIDIO,AJUSTE DE CUENTAS/VENGANZA,8/19/22,21:00:00 - 23:59:59,PERSONA,PEATON [PERSONA],Mayor de edad,HOMBRE,COSTA RICA,PUNTARENAS,PUNTARENAS,CHACARITA
HOMICIDIO,AJUSTE DE CUENTAS/VENGANZA,9/19/22,15:00:00 - 17:59:59,PERSONA,PEATON [PERSONA],Mayor de edad,HOMBRE,COSTA RICA,PUNTARENAS,GOLFITO,GOLFITO
HOMICIDIO,AJUSTE DE CUENTAS/VENGANZA,10/25/22,00:00:00 - 02:59:59,PERSONA,PEATON [PERSONA],Menor de edad,DESCONOCIDO,COSTA RICA,ALAJUELA,SAN CARLOS,CUTRIS
HOMICIDIO,AJUSTE DE CUENTAS/VENGANZA,10/31/22,06:00:00 - 08:59:59,PERSONA,OTRO O INDETERMINADO [PERSONA],Desconocido,HOMBRE,Desconocido,CARTAGO,CARTAGO,SAN FRANCISCO
HOMICIDIO,AJUSTE DE CUENTAS/VENGANZA,11/13/22,18:00:00 - 20:59:59,PERSONA,OTRO O INDETERMINADO [PERSONA],Mayor de edad,HOMBRE,COSTA RICA,CARTAGO,PARAISO,LLANOS DE SANTA LUCIA
HOMICIDIO,AJUSTE DE CUENTAS/VENGANZA,11/19/22,15:00:00 - 17:59:59,PERSONA,OTRO O INDETERMINADO [PERSONA],Mayor de edad,HOMBRE,COSTA RICA,LIMON,LIMON,LIMON
HOMICIDIO,AJUSTE DE CUENTAS/VENGANZA,11/21/22,00:00:00 - 02:59:59,PERSONA,OTRO O INDETERMINADO [PERSONA],Mayor de edad,HOMBRE,COSTA RICA,SAN JOSE,GOICOECHEA,PURRAL
HOMICIDIO,AJUSTE DE CUENTAS/VENGANZA,11/23/22,18:00:00 - 20:59:59,PERSONA,OTRO O INDETERMINADO [PERSONA],Mayor de edad,HOMBRE,COSTA RICA,GUANACASTE,CANAS,SAN MIGUEL
HOMICIDIO,AJUSTE DE CUENTAS/VENGANZA,1/24/22,18:00:00 - 20:59:59,PERSONA,OTRO O INDETERMINADO [PERSONA],Mayor de edad,HOMBRE,COSTA RICA,SAN JOSE,DESAMPARADOS,SAN RAFAEL ARRIBA
HOMICIDIO,AJUSTE DE CUENTAS/VENGANZA,2/6/22,18:00:00 - 20:59:59,PERSONA,PEATON [PERSONA],Mayor de edad,DESCONOCIDO,COSTA RICA,ALAJUELA,SAN CARLOS,FLORENCIA
HOMICIDIO,AJUSTE DE CUENTAS/VENGANZA,2/11/22,09:00:00 - 11:59:59,PERSONA,OTRO O INDETERMINADO [PERSONA],Mayor de edad,HOMBRE,JAMAICA,ALAJUELA,ATENAS,SAN ISIDRO
HOMICIDIO,AJUSTE DE CUENTAS/VENGANZA,2/24/22,18:00:00 - 20:59:59,PERSONA,OTRO O INDETERMINADO [PERSONA],Mayor de edad,HOMBRE,COSTA RICA,PUNTARENAS,MONTES DE ORO,SAN ISIDRO
HOMICIDIO,AJUSTE DE CUENTAS/VENGANZA,2/26/22,15:00:00 - 17:59:59,PERSONA,OTRO O INDETERMINADO [PERSONA],Mayor de edad,HOMBRE,COSTA RICA,SAN JOSE,TIBAS,LEON XIII
HOMICIDIO,AJUSTE DE CUENTAS/VENGANZA,2/27/22,18:00:00 - 20:59:59,PERSONA,PEATON [PERSONA],Mayor de edad,HOMBRE,COSTA RICA,PUNTARENAS,OSA,SIERPE
HOMICIDIO,AJUSTE DE CUENTAS/VENGANZA,4/10/22,15:00:00 - 17:59:59,PERSONA,PEATON [PERSONA],Desconocido,HOMBRE,PANAMA,LIMON,LIMON,LIMON
HOMICIDIO,AJUSTE DE CUENTAS/VENGANZA,4/16/22,00:00:00 - 02:59:59,PERSONA,OTRO O INDETERMINADO [PERSONA],Mayor de edad,DESCONOCIDO,COSTA RICA,HEREDIA,HEREDIA,SAN FRANCISCO
HOMICIDIO,AJUSTE DE CUENTAS/VENGANZA,4/16/22,18:00:00 - 20:59:59,PERSONA,OTRO O INDETERMINADO [PERSONA],Mayor de edad,HOMBRE,COSTA RICA,LIMON,POCOCI,GUAPILES
HOMICIDIO,AJUSTE DE CUENTAS/VENGANZA,4/22/22,00:00:00 - 02:59:59,PERSONA,PEATON [PERSONA],Mayor de edad,HOMBRE,COSTA RICA,ALAJUELA,ALAJUELA,SAN RAFAEL
HOMICIDIO,AJUSTE DE CUENTAS/VENGANZA,5/11/22,21:00:00 - 23:59:59,PERSONA,PEATON [PERSONA],Mayor de edad,HOMBRE,COSTA RICA,LIMON,TALAMANCA,CAHUITA
HOMICIDIO,AJUSTE DE CUENTAS/VENGANZA,5/14/22,18:00:00 - 20:59:59,PERSONA,OTRO O INDETERMINADO [PERSONA],Mayor de edad,HOMBRE,COSTA RICA,LIMON,GUACIMO,RIO JIMENEZ
HOMICIDIO,AJUSTE DE CUENTAS/VENGANZA,5/21/22,21:00:00 - 23:59:59,PERSONA,PEATON [PERSONA],Mayor de edad,HOMBRE,COSTA RICA,LIMON,LIMON,MATAMA
HOMICIDIO,AJUSTE DE CUENTAS/VENGANZA,5/26/22,06:00:00 - 08:59:59,PERSONA,OTRO O INDETERMINADO [PERSONA],Mayor de edad,HOMBRE,COSTA RICA,SAN JOSE,TURRUBARES,SAN JUAN DE MATA
HOMICIDIO,AJUSTE DE CUENTAS/VENGANZA,5/27/22,21:00:00 - 23:59:59,PERSONA,OTRO O INDETERMINADO [PERSONA],Mayor de edad,HOMBRE,Desconocido,SAN JOSE,GOICOECHEA,RANCHO REDONDO
HOMICIDIO,AJUSTE DE CUENTAS/VENGANZA,5/27/22,21:00:00 - 23:59:59,PERSONA,OTRO O INDETERMINADO [PERSONA],Mayor de edad,HOMBRE,Desconocido,SAN JOSE,GOICOECHEA,RANCHO REDONDO
HOMICIDIO,AJUSTE DE CUENTAS/VENGANZA,6/9/22,00:00:00 - 02:59:59,PERSONA,OTRO O INDETERMINADO [PERSONA],Mayor de edad,HOMBRE,COSTA RICA,ALAJUELA,POAS,CARRILLOS
HOMICIDIO,AJUSTE DE CUENTAS/VENGANZA,7/9/22,21:00:00 - 23:59:59,PERSONA,OTRO O INDETERMINADO [PERSONA],Desconocido,HOMBRE,NICARAGUA,GUANACASTE,SANTA CRUZ,TEMPATE
HOMICIDIO,AJUSTE DE CUENTAS/VENGANZA,7/9/22,21:00:00 - 23:59:59,PERSONA,OTRO O INDETERMINADO [PERSONA],Mayor de edad,MUJER,NICARAGUA,GUANACASTE,SANTA CRUZ,TEMPATE
HOMICIDIO,AJUSTE DE CUENTAS/VENGANZA,8/5/22,00:00:00 - 02:59:59,PERSONA,PEATON [PERSONA],Mayor de edad,HOMBRE,COSTA RICA,LIMON,LIMON,LIMON
HOMICIDIO,AJUSTE DE CUENTAS/VENGANZA,9/19/22,09:00:00 - 11:59:59,PERSONA,OTRO O INDETERMINADO [PERSONA],Adulto Mayor,HOMBRE,COSTA RICA,LIMON,MATINA,MATINA
HOMICIDIO,AJUSTE DE CUENTAS/VENGANZA,10/22/22,00:00:00 - 02:59:59,PERSONA,PEATON [PERSONA],Mayor de edad,HOMBRE,COSTA RICA,LIMON,MATINA,MATINA
HOMICIDIO,AJUSTE DE CUENTAS/VENGANZA,11/3/22,06:00:00 - 08:59:59,PERSONA,OTRO O INDETERMINADO [PERSONA],Mayor de edad,HOMBRE,COSTA RICA,GUANACASTE,TILARAN,SANTA ROSA
HOMICIDIO,AJUSTE DE CUENTAS/VENGANZA,1/9/21,18:00:00 - 20:59:59,PERSONA,OTRO O INDETERMINADO [PERSONA],Mayor de edad,HOMBRE,COSTA RICA,SAN JOSE,TIBAS,LEON XIII
HOMICIDIO,AJUSTE DE CUENTAS/VENGANZA,1/11/21,00:00:00 - 02:59:59,PERSONA,PEATON [PERSONA],Mayor de edad,HOMBRE,NICARAGUA,PUNTARENAS,PUNTARENAS,EL ROBLE
HOMICIDIO,AJUSTE DE CUENTAS/VENGANZA,3/5/21,21:00:00 - 23:59:59,PERSONA,PEATON [PERSONA],Mayor de edad,HOMBRE,COSTA RICA,SAN JOSE,PEREZ ZELEDON,SAN PEDRO
HOMICIDIO,AJUSTE DE CUENTAS/VENGANZA,3/9/21,09:00:00 - 11:59:59,PERSONA,OTRO O INDETERMINADO [PERSONA],Desconocido,HOMBRE,Desconocido,ALAJUELA,ALAJUELA,GUACIMA
HOMICIDIO,AJUSTE DE CUENTAS/VENGANZA,3/16/21,12:00:00 - 14:59:59,PERSONA,OTRO O INDETERMINADO [PERSONA],Mayor de edad,HOMBRE,COSTA RICA,CARTAGO,LA UNION,SAN RAFAEL
HOMICIDIO,AJUSTE DE CUENTAS/VENGANZA,4/13/21,21:00:00 - 23:59:59,PERSONA,OTRO O INDETERMINADO [PERSONA],Mayor de edad,HOMBRE,COSTA RICA,SAN JOSE,GOICOECHEA,IPIS
HOMICIDIO,AJUSTE DE CUENTAS/VENGANZA,4/16/21,21:00:00 - 23:59:59,PERSONA,PEATON [PERSONA],Mayor de edad,DESCONOCIDO,Desconocido,SAN JOSE,SAN JOSE,PAVAS
HOMICIDIO,AJUSTE DE CUENTAS/VENGANZA,4/19/21,06:00:00 - 08:59:59,PERSONA,OTRO O INDETERMINADO [PERSONA],Mayor de edad,HOMBRE,COSTA RICA,LIMON,POCOCI,GUAPILES
HOMICIDIO,AJUSTE DE CUENTAS/VENGANZA,4/25/21,00:00:00 - 02:59:59,PERSONA,TAXISTA [PERSONA],Mayor de edad,HOMBRE,NICARAGUA,GUANACASTE,CARRILLO,SARDINAL
HOMICIDIO,AJUSTE DE CUENTAS/VENGANZA,5/13/21,03:00:00 - 05:59:59,PERSONA,OTRO O INDETERMINADO [PERSONA],Mayor de edad,HOMBRE,COSTA RICA,PUNTARENAS,PUNTARENAS,BARRANCA
HOMICIDIO,AJUSTE DE CUENTAS/VENGANZA,6/2/21,09:00:00 - 11:59:59,PERSONA,FINQUERO [PERSONA],Mayor de edad,HOMBRE,COSTA RICA,GUANACASTE,LA CRUZ,LA GARITA
HOMICIDIO,AJUSTE DE CUENTAS/VENGANZA,6/6/21,21:00:00 - 23:59:59,PERSONA,CLIENTE LOCAL COMERCIAL [PERSONA],Desconocido,HOMBRE,COSTA RICA,HEREDIA,SAN PABLO,RINCON DE SABANILLA
HOMICIDIO,AJUSTE DE CUENTAS/VENGANZA,6/13/21,00:00:00 - 02:59:59,PERSONA,OTRO O INDETERMINADO [PERSONA],Mayor de edad,HOMBRE,COSTA RICA,GUANACASTE,TILARAN,ARENAL
HOMICIDIO,AJUSTE DE CUENTAS/VENGANZA,8/2/21,21:00:00 - 23:59:59,PERSONA,OTRO O INDETERMINADO [PERSONA],Mayor de edad,HOMBRE,COSTA RICA,PUNTARENAS,MONTES DE ORO,MIRAMAR
HOMICIDIO,AJUSTE DE CUENTAS/VENGANZA,8/6/21,09:00:00 - 11:59:59,PERSONA,PEATON [PERSONA],Mayor de edad,HOMBRE,COSTA RICA,PUNTARENAS,PUNTARENAS,EL ROBLE
HOMICIDIO,AJUSTE DE CUENTAS/VENGANZA,8/6/21,18:00:00 - 20:59:59,PERSONA,OTRO O INDETERMINADO [PERSONA],Mayor de edad,HOMBRE,COSTA RICA,SAN JOSE,SAN JOSE,HATILLO
HOMICIDIO,AJUSTE DE CUENTAS/VENGANZA,8/30/21,09:00:00 - 11:59:59,PERSONA,OTRO O INDETERMINADO [PERSONA],Menor de edad,HOMBRE,COSTA RICA,GUANACASTE,BAGACES,BAGACES
HOMICIDIO,AJUSTE DE CUENTAS/VENGANZA,10/9/21,00:00:00 - 02:59:59,PERSONA,OTRO O INDETERMINADO [PERSONA],Mayor de edad,HOMBRE,COSTA RICA,HEREDIA,SANTO DOMINGO,SAN VICENTE
HOMICIDIO,AJUSTE DE CUENTAS/VENGANZA,9/17/21,15:00:00 - 17:59:59,PERSONA,OTRO O INDETERMINADO [PERSONA],Desconocido,HOMBRE,COSTA RICA,HEREDIA,SARAPIQUI,PUERTO VIEJO
HOMICIDIO,AJUSTE DE CUENTAS/VENGANZA,10/19/21,03:00:00 - 05:59:59,PERSONA,PEATON [PERSONA],Mayor de edad,HOMBRE,COSTA RICA,SAN JOSE,SAN JOSE,URUCA
HOMICIDIO,AJUSTE DE CUENTAS/VENGANZA,11/5/21,15:00:00 - 17:59:59,PERSONA,OTRO O INDETERMINADO [PERSONA],Desconocido,DESCONOCIDO,Desconocido,LIMON,POCOCI,CARIARI
HOMICIDIO,AJUSTE DE CUENTAS/VENGANZA,11/8/21,18:00:00 - 20:59:59,PERSONA,OTRO O INDETERMINADO [PERSONA],Mayor de edad,HOMBRE,COSTA RICA,SAN JOSE,TIBAS,LEON XIII
HOMICIDIO,AJUSTE DE CUENTAS/VENGANZA,11/8/21,18:00:00 - 20:59:59,PERSONA,OTRO O INDETERMINADO [PERSONA],Mayor de edad,DESCONOCIDO,Desconocido,LIMON,POCOCI,RITA
HOMICIDIO,AJUSTE DE CUENTAS/VENGANZA,12/22/21,21:00:00 - 23:59:59,PERSONA,OTRO O INDETERMINADO [PERSONA],Mayor de edad,HOMBRE,COSTA RICA,SAN JOSE,ASERRI,ASERRI
HOMICIDIO,AJUSTE DE CUENTAS/VENGANZA,1/4/22,18:00:00 - 20:59:59,PERSONA,OTRO O INDETERMINADO [PERSONA],Mayor de edad,HOMBRE,COSTA RICA,GUANACASTE,LA CRUZ,LA CRUZ
HOMICIDIO,AJUSTE DE CUENTAS/VENGANZA,1/19/22,21:00:00 - 23:59:59,PERSONA,PEATON [PERSONA],Mayor de edad,HOMBRE,COSTA RICA,ALAJUELA,ALAJUELA,GUACIMA
HOMICIDIO,AJUSTE DE CUENTAS/VENGANZA,1/26/22,09:00:00 - 11:59:59,PERSONA,OTRO O INDETERMINADO [PERSONA],Mayor de edad,HOMBRE,COSTA RICA,SAN JOSE,ASERRI,ASERRI
HOMICIDIO,AJUSTE DE CUENTAS/VENGANZA,1/29/22,03:00:00 - 05:59:59,PERSONA,OTRO O INDETERMINADO [PERSONA],Mayor de edad,HOMBRE,COSTA RICA,LIMON,POCOCI,GUAPILES
HOMICIDIO,AJUSTE DE CUENTAS/VENGANZA,2/3/22,06:00:00 - 08:59:59,PERSONA,OTRO O INDETERMINADO [PERSONA],Mayor de edad,HOMBRE,COSTA RICA,LIMON,POCOCI,JIMENEZ
HOMICIDIO,AJUSTE DE CUENTAS/VENGANZA,2/12/22,00:00:00 - 02:59:59,PERSONA,OTRO O INDETERMINADO [PERSONA],Menor de edad,HOMBRE,COSTA RICA,ALAJUELA,ATENAS,CONCEPCION
HOMICIDIO,AJUSTE DE CUENTAS/VENGANZA,2/27/22,03:00:00 - 05:59:59,PERSONA,OTRO O INDETERMINADO [PERSONA],Mayor de edad,HOMBRE,COSTA RICA,SAN JOSE,SAN JOSE,MATA REDONDA
HOMICIDIO,AJUSTE DE CUENTAS/VENGANZA,3/23/22,18:00:00 - 20:59:59,PERSONA,PEATON [PERSONA],Mayor de edad,HOMBRE,COSTA RICA,CARTAGO,LA UNION,CONCEPCION
HOMICIDIO,AJUSTE DE CUENTAS/VENGANZA,3/27/22,09:00:00 - 11:59:59,PERSONA,OTRO O INDETERMINADO [PERSONA],Desconocido,DESCONOCIDO,Desconocido,SAN JOSE,SAN JOSE,MERCED
HOMICIDIO,AJUSTE DE CUENTAS/VENGANZA,4/11/22,06:00:00 - 08:59:59,PERSONA,PEATON [PERSONA],Desconocido,HOMBRE,NICARAGUA,CARTAGO,LA UNION,RIO AZUL
HOMICIDIO,AJUSTE DE CUENTAS/VENGANZA,4/19/22,00:00:00 - 02:59:59,PERSONA,PEATON [PERSONA],Menor de edad,DESCONOCIDO,COSTA RICA,ALAJUELA,SAN RAMON,PENAS BLANCAS
HOMICIDIO,AJUSTE DE CUENTAS/VENGANZA,3/24/22,18:00:00 - 20:59:59,PERSONA,OTRO O INDETERMINADO [PERSONA],Mayor de edad,HOMBRE,COSTA RICA,SAN JOSE,TIBAS,SAN JUAN
HOMICIDIO,AJUSTE DE CUENTAS/VENGANZA,5/9/22,18:00:00 - 20:59:59,PERSONA,OTRO O INDETERMINADO [PERSONA],Mayor de edad,HOMBRE,COSTA RICA,LIMON,POCOCI,RITA
HOMICIDIO,AJUSTE DE CUENTAS/VENGANZA,6/9/22,00:00:00 - 02:59:59,PERSONA,OTRO O INDETERMINADO [PERSONA],Mayor de edad,HOMBRE,COSTA RICA,ALAJUELA,POAS,CARRILLOS
HOMICIDIO,AJUSTE DE CUENTAS/VENGANZA,6/20/22,00:00:00 - 02:59:59,PERSONA,OTRO O INDETERMINADO [PERSONA],Mayor de edad,HOMBRE,COSTA RICA,PUNTARENAS,PUNTARENAS,CHACARITA
HOMICIDIO,AJUSTE DE CUENTAS/VENGANZA,6/23/22,21:00:00 - 23:59:59,PERSONA,OTRO O INDETERMINADO [PERSONA],Mayor de edad,DESCONOCIDO,COSTA RICA,LIMON,POCOCI,GUAPILES
HOMICIDIO,AJUSTE DE CUENTAS/VENGANZA,6/24/22,18:00:00 - 20:59:59,PERSONA,PEATON [PERSONA],Mayor de edad,HOMBRE,COSTA RICA,LIMON,LIMON,RIO BLANCO
HOMICIDIO,AJUSTE DE CUENTAS/VENGANZA,6/28/22,18:00:00 - 20:59:59,PERSONA,PEATON [PERSONA],Mayor de edad,HOMBRE,COSTA RICA,LIMON,LIMON,LIMON
HOMICIDIO,AJUSTE DE CUENTAS/VENGANZA,7/8/22,21:00:00 - 23:59:59,PERSONA,PEATON [PERSONA],Mayor de edad,HOMBRE,COSTA RICA,LIMON,LIMON,LIMON
HOMICIDIO,AJUSTE DE CUENTAS/VENGANZA,7/9/22,21:00:00 - 23:59:59,PERSONA,OTRO O INDETERMINADO [PERSONA],Mayor de edad,HOMBRE,NICARAGUA,GUANACASTE,SANTA CRUZ,TEMPATE
HOMICIDIO,AJUSTE DE CUENTAS/VENGANZA,7/7/22,21:00:00 - 23:59:59,PERSONA,PEATON [PERSONA],Mayor de edad,HOMBRE,COSTA RICA,PUNTARENAS,PUNTARENAS,BARRANCA
HOMICIDIO,AJUSTE DE CUENTAS/VENGANZA,7/13/22,12:00:00 - 14:59:59,PERSONA,PEATON [PERSONA],Mayor de edad,HOMBRE,COSTA RICA,PUNTARENAS,PUNTARENAS,BARRANCA
HOMICIDIO,AJUSTE DE CUENTAS/VENGANZA,1/7/21,15:00:00 - 17:59:59,PERSONA,PEATON [PERSONA],Mayor de edad,HOMBRE,COSTA RICA,ALAJUELA,SAN CARLOS,VENECIA
HOMICIDIO,AJUSTE DE CUENTAS/VENGANZA,1/13/21,18:00:00 - 20:59:59,PERSONA,PEATON [PERSONA],Mayor de edad,HOMBRE,COSTA RICA,HEREDIA,SARAPIQUI,HORQUETAS
HOMICIDIO,AJUSTE DE CUENTAS/VENGANZA,1/18/21,00:00:00 - 02:59:59,PERSONA,OTRO O INDETERMINADO [PERSONA],Mayor de edad,HOMBRE,COSTA RICA,HEREDIA,HEREDIA,HEREDIA
HOMICIDIO,AJUSTE DE CUENTAS/VENGANZA,1/31/21,18:00:00 - 20:59:59,PERSONA,OTRO O INDETERMINADO [PERSONA],Mayor de edad,HOMBRE,COSTA RICA,CARTAGO,OREAMUNO,SAN RAFAEL
HOMICIDIO,AJUSTE DE CUENTAS/VENGANZA,3/19/21,00:00:00 - 02:59:59,PERSONA,OTRO O INDETERMINADO [PERSONA],Mayor de edad,HOMBRE,NICARAGUA,PUNTARENAS,PUNTARENAS,EL ROBLE
HOMICIDIO,AJUSTE DE CUENTAS/VENGANZA,3/20/21,18:00:00 - 20:59:59,PERSONA,PEATON [PERSONA],Mayor de edad,HOMBRE,COSTA RICA,SAN JOSE,DESAMPARADOS,SAN JUAN DE DIOS
HOMICIDIO,AJUSTE DE CUENTAS/VENGANZA,3/28/21,21:00:00 - 23:59:59,PERSONA,OTRO O INDETERMINADO [PERSONA],Mayor de edad,HOMBRE,COSTA RICA,LIMON,POCOCI,GUAPILES
HOMICIDIO,AJUSTE DE CUENTAS/VENGANZA,3/31/21,18:00:00 - 20:59:59,PERSONA,OTRO O INDETERMINADO [PERSONA],Mayor de edad,HOMBRE,COLOMBIA,SAN JOSE,TIBAS,LEON XIII
HOMICIDIO,AJUSTE DE CUENTAS/VENGANZA,4/8/21,18:00:00 - 20:59:59,PERSONA,OTRO O INDETERMINADO [PERSONA],Desconocido,DESCONOCIDO,COLOMBIA,SAN JOSE,SAN JOSE,URUCA
HOMICIDIO,AJUSTE DE CUENTAS/VENGANZA,4/9/21,09:00:00 - 11:59:59,PERSONA,PEATON [PERSONA],Mayor de edad,MUJER,COSTA RICA,LIMON,LIMON,VALLE LA ESTRELLA
HOMICIDIO,AJUSTE DE CUENTAS/VENGANZA,4/9/21,21:00:00 - 23:59:59,PERSONA,OTRO O INDETERMINADO [PERSONA],Mayor de edad,HOMBRE,COSTA RICA,PUNTARENAS,PUNTARENAS,CHACARITA
HOMICIDIO,AJUSTE DE CUENTAS/VENGANZA,5/2/21,15:00:00 - 17:59:59,PERSONA,CLIENTE LOCAL COMERCIAL [PERSONA],Mayor de edad,HOMBRE,COSTA RICA,GUANACASTE,LA CRUZ,LA CRUZ
HOMICIDIO,AJUSTE DE CUENTAS/VENGANZA,5/14/21,15:00:00 - 17:59:59,PERSONA,OTRO O INDETERMINADO [PERSONA],Mayor de edad,HOMBRE,COSTA RICA,PUNTARENAS,PUNTARENAS,CHACARITA
HOMICIDIO,AJUSTE DE CUENTAS/VENGANZA,7/23/21,09:00:00 - 11:59:59,PERSONA,OTRO O INDETERMINADO [PERSONA],Mayor de edad,HOMBRE,COSTA RICA,ALAJUELA,ALAJUELA,SAN JOSE
HOMICIDIO,AJUSTE DE CUENTAS/VENGANZA,7/26/21,03:00:00 - 05:59:59,PERSONA,MENOR DE EDAD [PERSONA],Menor de edad,DESCONOCIDO,COSTA RICA,PUNTARENAS,PUNTARENAS,EL ROBLE
HOMICIDIO,AJUSTE DE CUENTAS/VENGANZA,7/24/21,15:00:00 - 17:59:59,PERSONA,OTRO O INDETERMINADO [PERSONA],Desconocido,HOMBRE,Desconocido,CARTAGO,PARAISO,PARAISO
HOMICIDIO,AJUSTE DE CUENTAS/VENGANZA,8/31/21,18:00:00 - 20:59:59,PERSONA,CLIENTE LOCAL COMERCIAL [PERSONA],Mayor de edad,DESCONOCIDO,Desconocido,LIMON,POCOCI,CARIARI
HOMICIDIO,AJUSTE DE CUENTAS/VENGANZA,10/8/21,21:00:00 - 23:59:59,PERSONA,OTRO O INDETERMINADO [PERSONA],Mayor de edad,HOMBRE,COSTA RICA,PUNTARENAS,PUNTARENAS,CHACARITA
HOMICIDIO,AJUSTE DE CUENTAS/VENGANZA,10/24/21,18:00:00 - 20:59:59,PERSONA,PEATON [PERSONA],Mayor de edad,HOMBRE,COSTA RICA,LIMON,LIMON,VALLE LA ESTRELLA
HOMICIDIO,AJUSTE DE CUENTAS/VENGANZA,11/9/21,00:00:00 - 02:59:59,PERSONA,OTRO O INDETERMINADO [PERSONA],Mayor de edad,HOMBRE,COSTA RICA,LIMON,GUACIMO,GUACIMO
HOMICIDIO,AJUSTE DE CUENTAS/VENGANZA,11/12/21,12:00:00 - 14:59:59,PERSONA,PEATON [PERSONA],Mayor de edad,HOMBRE,COSTA RICA,HEREDIA,SARAPIQUI,PUERTO VIEJO
HOMICIDIO,AJUSTE DE CUENTAS/VENGANZA,12/5/21,18:00:00 - 20:59:59,PERSONA,PEATON [PERSONA],Mayor de edad,HOMBRE,COSTA RICA,LIMON,MATINA,CARRANDI
HOMICIDIO,AJUSTE DE CUENTAS/VENGANZA,12/16/21,21:00:00 - 23:59:59,PERSONA,OTRO O INDETERMINADO [PERSONA],Mayor de edad,HOMBRE,COSTA RICA,SAN JOSE,VASQUEZ DE CORONADO,SAN ISIDRO
HOMICIDIO,AJUSTE DE CUENTAS/VENGANZA,1/16/22,21:00:00 - 23:59:59,PERSONA,PEATON [PERSONA],Mayor de edad,HOMBRE,COSTA RICA,ALAJUELA,ALAJUELA,SAN RAFAEL
HOMICIDIO,AJUSTE DE CUENTAS/VENGANZA,1/18/22,21:00:00 - 23:59:59,PERSONA,OTRO O INDETERMINADO [PERSONA],Mayor de edad,HOMBRE,COSTA RICA,SAN JOSE,MORAVIA,LA TRINIDAD
HOMICIDIO,AJUSTE DE CUENTAS/VENGANZA,2/6/22,09:00:00 - 11:59:59,PERSONA,PEATON [PERSONA],Mayor de edad,HOMBRE,COSTA RICA,LIMON,MATINA,BATAN
HOMICIDIO,AJUSTE DE CUENTAS/VENGANZA,2/13/22,09:00:00 - 11:59:59,PERSONA,PEATON [PERSONA],Mayor de edad,HOMBRE,COSTA RICA,LIMON,MATINA,BATAN
HOMICIDIO,AJUSTE DE CUENTAS/VENGANZA,2/20/22,18:00:00 - 20:59:59,PERSONA,PEATON [PERSONA],Mayor de edad,HOMBRE,COSTA RICA,SAN JOSE,GOICOECHEA,PURRAL
HOMICIDIO,AJUSTE DE CUENTAS/VENGANZA,2/21/22,00:00:00 - 02:59:59,PERSONA,PEATON [PERSONA],Mayor de edad,HOMBRE,COSTA RICA,LIMON,LIMON,MATAMA
HOMICIDIO,AJUSTE DE CUENTAS/VENGANZA,3/3/22,09:00:00 - 11:59:59,PERSONA,OTRO O INDETERMINADO [PERSONA],Mayor de edad,HOMBRE,COSTA RICA,CARTAGO,LA UNION,SAN RAMON
HOMICIDIO,AJUSTE DE CUENTAS/VENGANZA,3/2/22,09:00:00 - 11:59:59,PERSONA,PEATON [PERSONA],Mayor de edad,HOMBRE,COSTA RICA,LIMON,LIMON,LIMON
HOMICIDIO,AJUSTE DE CUENTAS/VENGANZA,3/2/22,09:00:00 - 11:59:59,PERSONA,PEATON [PERSONA],Mayor de edad,HOMBRE,COSTA RICA,LIMON,LIMON,LIMON
HOMICIDIO,AJUSTE DE CUENTAS/VENGANZA,3/11/22,00:00:00 - 02:59:59,PERSONA,OTRO O INDETERMINADO [PERSONA],Mayor de edad,HOMBRE,COSTA RICA,HEREDIA,SANTO DOMINGO,PARA
HOMICIDIO,AJUSTE DE CUENTAS/VENGANZA,3/20/22,15:00:00 - 17:59:59,PERSONA,OTRO O INDETERMINADO [PERSONA],Mayor de edad,MUJER,COSTA RICA,PUNTARENAS,ESPARZA,ESPIRITU SANTO
HOMICIDIO,AJUSTE DE CUENTAS/VENGANZA,4/10/22,18:00:00 - 20:59:59,PERSONA,EMPRESARIO/COMERCIANTE [PERSONA],Mayor de edad,HOMBRE,COLOMBIA,ALAJUELA,ALAJUELA,GUACIMA
HOMICIDIO,AJUSTE DE CUENTAS/VENGANZA,4/18/22,00:00:00 - 02:59:59,PERSONA,OTRO O INDETERMINADO [PERSONA],Mayor de edad,HOMBRE,COSTA RICA,LIMON,GUACIMO,POCORA
HOMICIDIO,AJUSTE DE CUENTAS/VENGANZA,4/25/22,21:00:00 - 23:59:59,PERSONA,PEATON [PERSONA],Mayor de edad,HOMBRE,COSTA RICA,LIMON,LIMON,LIMON
HOMICIDIO,AJUSTE DE CUENTAS/VENGANZA,5/8/22,21:00:00 - 23:59:59,PERSONA,PEATON [PERSONA],Mayor de edad,HOMBRE,COSTA RICA,ALAJUELA,RIO CUARTO,RIO CUARTO
HOMICIDIO,AJUSTE DE CUENTAS/VENGANZA,5/10/22,09:00:00 - 11:59:59,PERSONA,OTRO O INDETERMINADO [PERSONA],Mayor de edad,HOMBRE,COSTA RICA,PUNTARENAS,PUNTARENAS,PUNTARENAS
HOMICIDIO,AJUSTE DE CUENTAS/VENGANZA,5/20/22,00:00:00 - 02:59:59,PERSONA,PEATON [PERSONA],Mayor de edad,HOMBRE,COSTA RICA,ALAJUELA,SAN CARLOS,PALMERA
HOMICIDIO,AJUSTE DE CUENTAS/VENGANZA,6/6/22,15:00:00 - 17:59:59,PERSONA,PEATON [PERSONA],Mayor de edad,HOMBRE,COSTA RICA,LIMON,MATINA,BATAN
HOMICIDIO,AJUSTE DE CUENTAS/VENGANZA,6/8/22,18:00:00 - 20:59:59,PERSONA,OTRO O INDETERMINADO [PERSONA],Mayor de edad,HOMBRE,COSTA RICA,SAN JOSE,SAN JOSE,SAN FRANCISCO DE DOS RIOS
HOMICIDIO,AJUSTE DE CUENTAS/VENGANZA,6/12/22,21:00:00 - 23:59:59,PERSONA,PEATON [PERSONA],Mayor de edad,HOMBRE,COSTA RICA,LIMON,SIQUIRRES,SIQUIRRES
HOMICIDIO,AJUSTE DE CUENTAS/VENGANZA,6/29/22,03:00:00 - 05:59:59,PERSONA,PEATON [PERSONA],Mayor de edad,HOMBRE,COSTA RICA,SAN JOSE,SAN JOSE,HOSPITAL
HOMICIDIO,AJUSTE DE CUENTAS/VENGANZA,7/8/22,00:00:00 - 02:59:59,PERSONA,OTRO O INDETERMINADO [PERSONA],Desconocido,HOMBRE,COSTA RICA,ALAJUELA,ALAJUELA,GUACIMA
HOMICIDIO,AJUSTE DE CUENTAS/VENGANZA,7/9/22,21:00:00 - 23:59:59,PERSONA,OTRO O INDETERMINADO [PERSONA],Mayor de edad,HOMBRE,NICARAGUA,GUANACASTE,SANTA CRUZ,TEMPATE
HOMICIDIO,AJUSTE DE CUENTAS/VENGANZA,1/3/21,15:00:00 - 17:59:59,PERSONA,OTRO O INDETERMINADO [PERSONA],Mayor de edad,HOMBRE,COSTA RICA,SAN JOSE,VASQUEZ DE CORONADO,CASCAJAL
HOMICIDIO,AJUSTE DE CUENTAS/VENGANZA,2/25/21,21:00:00 - 23:59:59,PERSONA,OTRO O INDETERMINADO [PERSONA],Mayor de edad,HOMBRE,COSTA RICA,PUNTARENAS,PUNTARENAS,CHACARITA
HOMICIDIO,AJUSTE DE CUENTAS/VENGANZA,3/1/21,09:00:00 - 11:59:59,PERSONA,OTRO O INDETERMINADO [PERSONA],Mayor de edad,HOMBRE,COSTA RICA,PUNTARENAS,ESPARZA,CALDERA
HOMICIDIO,AJUSTE DE CUENTAS/VENGANZA,3/15/21,15:00:00 - 17:59:59,PERSONA,PEATON [PERSONA],Desconocido,HOMBRE,Desconocido,LIMON,LIMON,LIMON
HOMICIDIO,AJUSTE DE CUENTAS/VENGANZA,3/17/21,18:00:00 - 20:59:59,PERSONA,MENOR DE EDAD [PERSONA],Menor de edad,HOMBRE,COSTA RICA,PUNTARENAS,PUNTARENAS,BARRANCA
HOMICIDIO,AJUSTE DE CUENTAS/VENGANZA,3/29/21,21:00:00 - 23:59:59,PERSONA,PEATON [PERSONA],Mayor de edad,HOMBRE,COSTA RICA,LIMON,LIMON,LIMON
HOMICIDIO,AJUSTE DE CUENTAS/VENGANZA,4/11/21,00:00:00 - 02:59:59,PERSONA,PEATON [PERSONA],Mayor de edad,HOMBRE,COSTA RICA,LIMON,LIMON,LIMON
HOMICIDIO,AJUSTE DE CUENTAS/VENGANZA,6/21/21,00:00:00 - 02:59:59,PERSONA,PEATON [PERSONA],Mayor de edad,HOMBRE,COSTA RICA,PUNTARENAS,CORREDORES,CANOAS
HOMICIDIO,AJUSTE DE CUENTAS/VENGANZA,6/24/21,12:00:00 - 14:59:59,PERSONA,PEATON [PERSONA],Mayor de edad,HOMBRE,COSTA RICA,SAN JOSE,ALAJUELITA,SAN FELIPE
HOMICIDIO,AJUSTE DE CUENTAS/VENGANZA,6/26/21,09:00:00 - 11:59:59,PERSONA,PEATON [PERSONA],Mayor de edad,HOMBRE,COSTA RICA,LIMON,LIMON,LIMON
HOMICIDIO,AJUSTE DE CUENTAS/VENGANZA,7/2/21,18:00:00 - 20:59:59,PERSONA,PEATON [PERSONA],Mayor de edad,HOMBRE,COSTA RICA,LIMON,LIMON,MATAMA
HOMICIDIO,AJUSTE DE CUENTAS/VENGANZA,7/24/21,21:00:00 - 23:59:59,PERSONA,OTRO O INDETERMINADO [PERSONA],Mayor de edad,DESCONOCIDO,COSTA RICA,LIMON,POCOCI,CARIARI
HOMICIDIO,AJUSTE DE CUENTAS/VENGANZA,8/23/21,00:00:00 - 02:59:59,PERSONA,OTRO O INDETERMINADO [PERSONA],Mayor de edad,HOMBRE,COSTA RICA,SAN JOSE,DESAMPARADOS,SAN MIGUEL
HOMICIDIO,AJUSTE DE CUENTAS/VENGANZA,8/25/21,06:00:00 - 08:59:59,PERSONA,PEATON [PERSONA],Mayor de edad,HOMBRE,COSTA RICA,GUANACASTE,LIBERIA,LIBERIA
HOMICIDIO,AJUSTE DE CUENTAS/VENGANZA,9/2/21,12:00:00 - 14:59:59,PERSONA,PEATON [PERSONA],Mayor de edad,HOMBRE,COSTA RICA,LIMON,LIMON,VALLE LA ESTRELLA
HOMICIDIO,AJUSTE DE CUENTAS/VENGANZA,9/22/21,03:00:00 - 05:59:59,PERSONA,OTRO O INDETERMINADO [PERSONA],Mayor de edad,HOMBRE,COSTA RICA,PUNTARENAS,PUNTARENAS,EL ROBLE
HOMICIDIO,AJUSTE DE CUENTAS/VENGANZA,10/5/21,06:00:00 - 08:59:59,PERSONA,PEATON [PERSONA],Adulto Mayor,HOMBRE,FRANCIA,GUANACASTE,SANTA CRUZ,TAMARINDO
HOMICIDIO,AJUSTE DE CUENTAS/VENGANZA,10/10/21,03:00:00 - 05:59:59,PERSONA,PEATON [PERSONA],Mayor de edad,HOMBRE,COSTA RICA,LIMON,LIMON,RIO BLANCO
HOMICIDIO,AJUSTE DE CUENTAS/VENGANZA,10/23/21,18:00:00 - 20:59:59,PERSONA,OTRO O INDETERMINADO [PERSONA],Mayor de edad,HOMBRE,COSTA RICA,LIMON,GUACIMO,DUACARI
HOMICIDIO,AJUSTE DE CUENTAS/VENGANZA,11/9/21,06:00:00 - 08:59:59,PERSONA,OTRO O INDETERMINADO [PERSONA],Desconocido,MUJER,Desconocido,LIMON,SIQUIRRES,PACUARITO
HOMICIDIO,AJUSTE DE CUENTAS/VENGANZA,11/16/21,18:00:00 - 20:59:59,PERSONA,OTRO O INDETERMINADO [PERSONA],Mayor de edad,DESCONOCIDO,COSTA RICA,PUNTARENAS,PUNTARENAS,BARRANCA
HOMICIDIO,AJUSTE DE CUENTAS/VENGANZA,11/17/21,00:00:00 - 02:59:59,PERSONA,PEATON [PERSONA],Mayor de edad,HOMBRE,COSTA RICA,PUNTARENAS,QUEPOS,QUEPOS
HOMICIDIO,AJUSTE DE CUENTAS/VENGANZA,11/18/21,21:00:00 - 23:59:59,PERSONA,OTRO O INDETERMINADO [PERSONA],Mayor de edad,HOMBRE,NICARAGUA,HEREDIA,HEREDIA,ULLOA
HOMICIDIO,AJUSTE DE CUENTAS/VENGANZA,10/19/21,15:00:00 - 17:59:59,PERSONA,OTRO O INDETERMINADO [PERSONA],Mayor de edad,MUJER,COSTA RICA,ALAJUELA,ALAJUELA,ALAJUELA
HOMICIDIO,AJUSTE DE CUENTAS/VENGANZA,11/18/21,21:00:00 - 23:59:59,PERSONA,PEATON [PERSONA],Mayor de edad,HOMBRE,COSTA RICA,CARTAGO,CARTAGO,SAN NICOLAS
HOMICIDIO,AJUSTE DE CUENTAS/VENGANZA,11/19/21,21:00:00 - 23:59:59,PERSONA,OTRO O INDETERMINADO [PERSONA],Mayor de edad,HOMBRE,NICARAGUA,HEREDIA,SARAPIQUI,HORQUETAS
HOMICIDIO,AJUSTE DE CUENTAS/VENGANZA,11/21/21,03:00:00 - 05:59:59,PERSONA,OTRO O INDETERMINADO [PERSONA],Mayor de edad,DESCONOCIDO,COSTA RICA,CARTAGO,PARAISO,LLANOS DE SANTA LUCIA
HOMICIDIO,AJUSTE DE CUENTAS/VENGANZA,11/24/21,12:00:00 - 14:59:59,PERSONA,PEATON [PERSONA],Mayor de edad,HOMBRE,COSTA RICA,LIMON,LIMON,LIMON
HOMICIDIO,AJUSTE DE CUENTAS/VENGANZA,12/2/21,15:00:00 - 17:59:59,PERSONA,PEATON [PERSONA],Mayor de edad,HOMBRE,COSTA RICA,LIMON,LIMON,MATAMA
HOMICIDIO,AJUSTE DE CUENTAS/VENGANZA,12/8/21,18:00:00 - 20:59:59,PERSONA,OTRO O INDETERMINADO [PERSONA],Mayor de edad,DESCONOCIDO,COSTA RICA,LIMON,POCOCI,RITA
HOMICIDIO,AJUSTE DE CUENTAS/VENGANZA,12/10/21,15:00:00 - 17:59:59,PERSONA,PEATON [PERSONA],Desconocido,HOMBRE,NICARAGUA,PUNTARENAS,PUNTARENAS,CHACARITA
HOMICIDIO,AJUSTE DE CUENTAS/VENGANZA,12/13/21,00:00:00 - 02:59:59,PERSONA,OTRO O INDETERMINADO [PERSONA],Mayor de edad,HOMBRE,NICARAGUA,HEREDIA,BELEN,SAN ANTONIO
HOMICIDIO,AJUSTE DE CUENTAS/VENGANZA,1/2/22,15:00:00 - 17:59:59,PERSONA,OTRO O INDETERMINADO [PERSONA],Mayor de edad,HOMBRE,COSTA RICA,SAN JOSE,DESAMPARADOS,PATARRA
HOMICIDIO,AJUSTE DE CUENTAS/VENGANZA,1/1/22,21:00:00 - 23:59:59,PERSONA,OTRO O INDETERMINADO [PERSONA],Mayor de edad,HOMBRE,COSTA RICA,SAN JOSE,TIBAS,LEON XIII
HOMICIDIO,AJUSTE DE CUENTAS/VENGANZA,1/8/22,18:00:00 - 20:59:59,PERSONA,CLIENTE LOCAL COMERCIAL [PERSONA],Mayor de edad,HOMBRE,COSTA RICA,LIMON,GUACIMO,RIO JIMENEZ
HOMICIDIO,AJUSTE DE CUENTAS/VENGANZA,1/14/22,21:00:00 - 23:59:59,PERSONA,OTRO O INDETERMINADO [PERSONA],Mayor de edad,HOMBRE,COSTA RICA,SAN JOSE,SAN JOSE,HOSPITAL
HOMICIDIO,AJUSTE DE CUENTAS/VENGANZA,1/29/22,03:00:00 - 05:59:59,PERSONA,OTRO O INDETERMINADO [PERSONA],Mayor de edad,HOMBRE,COSTA RICA,LIMON,POCOCI,GUAPILES
HOMICIDIO,AJUSTE DE CUENTAS/VENGANZA,2/14/22,18:00:00 - 20:59:59,PERSONA,PEATON [PERSONA],Mayor de edad,HOMBRE,COSTA RICA,LIMON,LIMON,LIMON
HOMICIDIO,AJUSTE DE CUENTAS/VENGANZA,2/17/22,15:00:00 - 17:59:59,PERSONA,PEATON [PERSONA],Mayor de edad,HOMBRE,COSTA RICA,LIMON,LIMON,LIMON
HOMICIDIO,AJUSTE DE CUENTAS/VENGANZA,2/25/22,21:00:00 - 23:59:59,PERSONA,CLIENTE LOCAL COMERCIAL [PERSONA],Mayor de edad,HOMBRE,COSTA RICA,LIMON,POCOCI,ROXANA
HOMICIDIO,AJUSTE DE CUENTAS/VENGANZA,2/27/22,18:00:00 - 20:59:59,PERSONA,PEATON [PERSONA],Mayor de edad,HOMBRE,NICARAGUA,LIMON,MATINA,CARRANDI
HOMICIDIO,AJUSTE DE CUENTAS/VENGANZA,4/9/22,18:00:00 - 20:59:59,PERSONA,PEATON [PERSONA],Mayor de edad,HOMBRE,COSTA RICA,LIMON,MATINA,BATAN
HOMICIDIO,AJUSTE DE CUENTAS/VENGANZA,4/22/22,00:00:00 - 02:59:59,PERSONA,PEATON [PERSONA],Mayor de edad,HOMBRE,COSTA RICA,ALAJUELA,ALAJUELA,SAN RAFAEL
HOMICIDIO,AJUSTE DE CUENTAS/VENGANZA,5/3/22,09:00:00 - 11:59:59,PERSONA,OTRO O INDETERMINADO [PERSONA],Mayor de edad,HOMBRE,COSTA RICA,HEREDIA,SANTO DOMINGO,TURES
HOMICIDIO,AJUSTE DE CUENTAS/VENGANZA,5/10/22,21:00:00 - 23:59:59,PERSONA,OTRO O INDETERMINADO [PERSONA],Mayor de edad,HOMBRE,COSTA RICA,GUANACASTE,LIBERIA,LIBERIA
HOMICIDIO,AJUSTE DE CUENTAS/VENGANZA,4/22/22,15:00:00 - 17:59:59,PERSONA,PEATON [PERSONA],Mayor de edad,HOMBRE,COSTA RICA,PUNTARENAS,CORREDORES,CANOAS
HOMICIDIO,AJUSTE DE CUENTAS/VENGANZA,1/1/21,00:00:00 - 02:59:59,PERSONA,PEATON [PERSONA],Mayor de edad,HOMBRE,COSTA RICA,LIMON,MATINA,CARRANDI
HOMICIDIO,AJUSTE DE CUENTAS/VENGANZA,1/27/21,12:00:00 - 14:59:59,PERSONA,PEATON [PERSONA],Mayor de edad,HOMBRE,COSTA RICA,LIMON,LIMON,LIMON
HOMICIDIO,AJUSTE DE CUENTAS/VENGANZA,1/31/21,00:00:00 - 02:59:59,PERSONA,PEATON [PERSONA],Mayor de edad,HOMBRE,COSTA RICA,LIMON,MATINA,MATINA
HOMICIDIO,AJUSTE DE CUENTAS/VENGANZA,1/31/21,00:00:00 - 02:59:59,PERSONA,OTRO O INDETERMINADO [PERSONA],Mayor de edad,HOMBRE,COSTA RICA,PUNTARENAS,BUENOS AIRES,BIOLLEY
HOMICIDIO,AJUSTE DE CUENTAS/VENGANZA,2/17/21,21:00:00 - 23:59:59,PERSONA,OTRO O INDETERMINADO [PERSONA],Mayor de edad,HOMBRE,NICARAGUA,HEREDIA,SARAPIQUI,LA VIRGEN
HOMICIDIO,AJUSTE DE CUENTAS/VENGANZA,3/8/21,00:00:00 - 02:59:59,PERSONA,OTRO O INDETERMINADO [PERSONA],Mayor de edad,HOMBRE,COSTA RICA,PUNTARENAS,PUNTARENAS,EL ROBLE
HOMICIDIO,AJUSTE DE CUENTAS/VENGANZA,3/8/21,15:00:00 - 17:59:59,PERSONA,PEATON [PERSONA],Mayor de edad,MUJER,COSTA RICA,PUNTARENAS,CORREDORES,CORREDOR
HOMICIDIO,AJUSTE DE CUENTAS/VENGANZA,3/18/21,18:00:00 - 20:59:59,PERSONA,CLIENTE LOCAL COMERCIAL [PERSONA],Mayor de edad,HOMBRE,COSTA RICA,GUANACASTE,LA CRUZ,LA CRUZ
HOMICIDIO,AJUSTE DE CUENTAS/VENGANZA,3/20/21,09:00:00 - 11:59:59,PERSONA,OTRO O INDETERMINADO [PERSONA],Mayor de edad,HOMBRE,COSTA RICA,LIMON,GUACIMO,GUACIMO
HOMICIDIO,AJUSTE DE CUENTAS/VENGANZA,4/11/21,15:00:00 - 17:59:59,PERSONA,OTRO O INDETERMINADO [PERSONA],Mayor de edad,HOMBRE,COSTA RICA,PUNTARENAS,PUNTARENAS,LEPANTO
HOMICIDIO,AJUSTE DE CUENTAS/VENGANZA,5/15/21,18:00:00 - 20:59:59,PERSONA,PEATON [PERSONA],Mayor de edad,HOMBRE,COSTA RICA,PUNTARENAS,CORREDORES,LA CUESTA
HOMICIDIO,AJUSTE DE CUENTAS/VENGANZA,5/28/21,18:00:00 - 20:59:59,PERSONA,OTRO O INDETERMINADO [PERSONA],Mayor de edad,DESCONOCIDO,COSTA RICA,LIMON,POCOCI,RITA
HOMICIDIO,AJUSTE DE CUENTAS/VENGANZA,4/23/21,09:00:00 - 11:59:59,PERSONA,OTRO O INDETERMINADO [PERSONA],Mayor de edad,DESCONOCIDO,ISRAEL,PUNTARENAS,PUNTARENAS,COBANO
HOMICIDIO,AJUSTE DE CUENTAS/VENGANZA,6/6/21,21:00:00 - 23:59:59,PERSONA,OTRO O INDETERMINADO [PERSONA],Mayor de edad,HOMBRE,COSTA RICA,ALAJUELA,PALMARES,ESQUIPULAS
HOMICIDIO,AJUSTE DE CUENTAS/VENGANZA,6/5/21,18:00:00 - 20:59:59,PERSONA,PEATON [PERSONA],Mayor de edad,HOMBRE,NICARAGUA,GUANACASTE,LA CRUZ,SANTA CECILIA
HOMICIDIO,AJUSTE DE CUENTAS/VENGANZA,6/21/21,18:00:00 - 20:59:59,PERSONA,EMPRESARIO/COMERCIANTE [PERSONA],Mayor de edad,HOMBRE,COSTA RICA,GUANACASTE,LA CRUZ,LA CRUZ
HOMICIDIO,AJUSTE DE CUENTAS/VENGANZA,6/23/21,09:00:00 - 11:59:59,PERSONA,OTRO O INDETERMINADO [PERSONA],Mayor de edad,HOMBRE,COSTA RICA,ALAJUELA,ATENAS,ATENAS
HOMICIDIO,AJUSTE DE CUENTAS/VENGANZA,6/28/21,06:00:00 - 08:59:59,PERSONA,OTRO O INDETERMINADO [PERSONA],Mayor de edad,HOMBRE,COSTA RICA,HEREDIA,SANTO DOMINGO,SAN MIGUEL
HOMICIDIO,AJUSTE DE CUENTAS/VENGANZA,7/3/21,21:00:00 - 23:59:59,PERSONA,PEATON [PERSONA],Mayor de edad,HOMBRE,COSTA RICA,PUNTARENAS,PUNTARENAS,CHACARITA
HOMICIDIO,AJUSTE DE CUENTAS/VENGANZA,7/21/21,09:00:00 - 11:59:59,PERSONA,OTRO O INDETERMINADO [PERSONA],Desconocido,DESCONOCIDO,Desconocido,LIMON,POCOCI,JIMENEZ
HOMICIDIO,AJUSTE DE CUENTAS/VENGANZA,8/11/21,18:00:00 - 20:59:59,PERSONA,PEATON [PERSONA],Mayor de edad,HOMBRE,COSTA RICA,CARTAGO,CARTAGO,GUADALUPE
HOMICIDIO,AJUSTE DE CUENTAS/VENGANZA,8/22/21,21:00:00 - 23:59:59,PERSONA,OTRO O INDETERMINADO [PERSONA],Mayor de edad,HOMBRE,COSTA RICA,HEREDIA,HEREDIA,ULLOA
HOMICIDIO,AJUSTE DE CUENTAS/VENGANZA,8/26/21,12:00:00 - 14:59:59,PERSONA,PEATON [PERSONA],Mayor de edad,DESCONOCIDO,COSTA RICA,HEREDIA,HEREDIA,SAN FRANCISCO
HOMICIDIO,AJUSTE DE CUENTAS/VENGANZA,12/2/22,03:00:00 - 05:59:59,PERSONA,PEATON [PERSONA],Mayor de edad,MUJER,COSTA RICA,SAN JOSE,TURRUBARES,SAN JUAN DE MATA
HOMICIDIO,AJUSTE DE CUENTAS/VENGANZA,11/27/22,00:00:00 - 02:59:59,PERSONA,PEATON [PERSONA],Mayor de edad,HOMBRE,COSTA RICA,ALAJUELA,LOS CHILES,LOS CHILES
HOMICIDIO,AJUSTE DE CUENTAS/VENGANZA,12/19/22,15:00:00 - 17:59:59,PERSONA,OTRO O INDETERMINADO [PERSONA],Mayor de edad,HOMBRE,NICARAGUA,SAN JOSE,CURRIDABAT,TIRRASES
HOMICIDIO,AJUSTE DE CUENTAS/VENGANZA,12/22/22,18:00:00 - 20:59:59,PERSONA,OTRO O INDETERMINADO [PERSONA],Mayor de edad,HOMBRE,COSTA RICA,CARTAGO,EL GUARCO,TOBOSI
HOMICIDIO,AJUSTE DE CUENTAS/VENGANZA,1/9/23,21:00:00 - 23:59:59,PERSONA,OTRO O INDETERMINADO [PERSONA],Mayor de edad,HOMBRE,COSTA RICA,LIMON,SIQUIRRES,ALEGRIA
HOMICIDIO,AJUSTE DE CUENTAS/VENGANZA,1/11/23,15:00:00 - 17:59:59,PERSONA,PEATON [PERSONA],Menor de edad,DESCONOCIDO,COSTA RICA,LIMON,LIMON,LIMON
HOMICIDIO,AJUSTE DE CUENTAS/VENGANZA,1/14/23,09:00:00 - 11:59:59,PERSONA,PEATON [PERSONA],Mayor de edad,HOMBRE,COSTA RICA,PUNTARENAS,GOLFITO,GOLFITO
HOMICIDIO,AJUSTE DE CUENTAS/VENGANZA,1/15/23,09:00:00 - 11:59:59,PERSONA,PEATON [PERSONA],Mayor de edad,HOMBRE,COSTA RICA,PUNTARENAS,ESPARZA,SAN JUAN GRANDE
HOMICIDIO,AJUSTE DE CUENTAS/VENGANZA,1/16/23,00:00:00 - 02:59:59,PERSONA,EMPRESARIO/COMERCIANTE [PERSONA],Mayor de edad,HOMBRE,COSTA RICA,ALAJUELA,GUATUSO,KATIRA
HOMICIDIO,AJUSTE DE CUENTAS/VENGANZA,3/1/23,21:00:00 - 23:59:59,PERSONA,OTRO O INDETERMINADO [PERSONA],Mayor de edad,HOMBRE,COSTA RICA,SAN JOSE,ALAJUELITA,CONCEPCION
HOMICIDIO,AJUSTE DE CUENTAS/VENGANZA,2/16/23,12:00:00 - 14:59:59,PERSONA,OTRO O INDETERMINADO [PERSONA],Mayor de edad,HOMBRE,COSTA RICA,SAN JOSE,SAN JOSE,HATILLO
HOMICIDIO,AJUSTE DE CUENTAS/VENGANZA,2/27/23,18:00:00 - 20:59:59,PERSONA,OTRO O INDETERMINADO [PERSONA],Mayor de edad,DESCONOCIDO,Desconocido,LIMON,GUACIMO,DUACARI
HOMICIDIO,AJUSTE DE CUENTAS/VENGANZA,3/3/23,06:00:00 - 08:59:59,PERSONA,OTRO O INDETERMINADO [PERSONA],Desconocido,HOMBRE,Desconocido,HEREDIA,HEREDIA,SAN FRANCISCO
HOMICIDIO,AJUSTE DE CUENTAS/VENGANZA,3/18/23,00:00:00 - 02:59:59,PERSONA,PEATON [PERSONA],Mayor de edad,DESCONOCIDO,COSTA RICA,LIMON,MATINA,BATAN
HOMICIDIO,AJUSTE DE CUENTAS/VENGANZA,3/24/23,15:00:00 - 17:59:59,PERSONA,OTRO O INDETERMINADO [PERSONA],Mayor de edad,HOMBRE,NICARAGUA,LIMON,LIMON,LIMON
HOMICIDIO,AJUSTE DE CUENTAS/VENGANZA,3/24/23,18:00:00 - 20:59:59,PERSONA,OTRO O INDETERMINADO [PERSONA],Mayor de edad,HOMBRE,COSTA RICA,ALAJUELA,SAN RAMON,SANTIAGO
HOMICIDIO,AJUSTE DE CUENTAS/VENGANZA,4/4/23,09:00:00 - 11:59:59,PERSONA,CLIENTE LOCAL COMERCIAL [PERSONA],Mayor de edad,HOMBRE,COSTA RICA,LIMON,LIMON,RIO BLANCO
HOMICIDIO,AJUSTE DE CUENTAS/VENGANZA,4/10/23,12:00:00 - 14:59:59,PERSONA,OTRO O INDETERMINADO [PERSONA],Menor de edad,DESCONOCIDO,COSTA RICA,SAN JOSE,ALAJUELITA,SAN FELIPE
HOMICIDIO,AJUSTE DE CUENTAS/VENGANZA,4/7/23,21:00:00 - 23:59:59,PERSONA,PEATON [PERSONA],Mayor de edad,HOMBRE,COSTA RICA,SAN JOSE,GOICOECHEA,IPIS
HOMICIDIO,AJUSTE DE CUENTAS/VENGANZA,4/17/23,18:00:00 - 20:59:59,PERSONA,PEATON [PERSONA],Mayor de edad,HOMBRE,COSTA RICA,PUNTARENAS,PUNTARENAS,BARRANCA
HOMICIDIO,AJUSTE DE CUENTAS/VENGANZA,4/24/23,15:00:00 - 17:59:59,PERSONA,OTRO O INDETERMINADO [PERSONA],Mayor de edad,HOMBRE,COSTA RICA,GUANACASTE,NICOYA,NICOYA
HOMICIDIO,AJUSTE DE CUENTAS/VENGANZA,4/25/23,15:00:00 - 17:59:59,PERSONA,OTRO O INDETERMINADO [PERSONA],Mayor de edad,HOMBRE,COSTA RICA,LIMON,SIQUIRRES,SIQUIRRES
HOMICIDIO,AJUSTE DE CUENTAS/VENGANZA,4/27/23,18:00:00 - 20:59:59,PERSONA,OTRO O INDETERMINADO [PERSONA],Mayor de edad,HOMBRE,COSTA RICA,ALAJUELA,SAN RAMON,SAN JUAN
HOMICIDIO,AJUSTE DE CUENTAS/VENGANZA,11/18/22,18:00:00 - 20:59:59,PERSONA,PEATON [PERSONA],Mayor de edad,HOMBRE,COSTA RICA,ALAJUELA,ALAJUELA,SAN RAFAEL
HOMICIDIO,AJUSTE DE CUENTAS/VENGANZA,12/4/22,15:00:00 - 17:59:59,PERSONA,PEATON [PERSONA],Mayor de edad,HOMBRE,NICARAGUA,PUNTARENAS,PARRITA,PARRITA
HOMICIDIO,AJUSTE DE CUENTAS/VENGANZA,12/2/22,03:00:00 - 05:59:59,PERSONA,PEATON [PERSONA],Mayor de edad,HOMBRE,COSTA RICA,SAN JOSE,TURRUBARES,SAN JUAN DE MATA
HOMICIDIO,AJUSTE DE CUENTAS/VENGANZA,12/23/22,18:00:00 - 20:59:59,PERSONA,PEATON [PERSONA],Mayor de edad,DESCONOCIDO,COSTA RICA,PUNTARENAS,PUNTARENAS,CHACARITA
HOMICIDIO,AJUSTE DE CUENTAS/VENGANZA,12/18/22,21:00:00 - 23:59:59,PERSONA,OTRO O INDETERMINADO [PERSONA],Mayor de edad,DESCONOCIDO,COSTA RICA,LIMON,POCOCI,GUAPILES
HOMICIDIO,AJUSTE DE CUENTAS/VENGANZA,12/20/22,18:00:00 - 20:59:59,PERSONA,OTRO O INDETERMINADO [PERSONA],Mayor de edad,HOMBRE,COSTA RICA,LIMON,GUACIMO,POCORA
HOMICIDIO,AJUSTE DE CUENTAS/VENGANZA,12/20/22,21:00:00 - 23:59:59,PERSONA,OTRO O INDETERMINADO [PERSONA],Mayor de edad,HOMBRE,NICARAGUA,SAN JOSE,DESAMPARADOS,SAN RAFAEL ABAJO
HOMICIDIO,AJUSTE DE CUENTAS/VENGANZA,12/26/22,12:00:00 - 14:59:59,PERSONA,PEATON [PERSONA],Mayor de edad,HOMBRE,NICARAGUA,SAN JOSE,SAN JOSE,MERCED
HOMICIDIO,AJUSTE DE CUENTAS/VENGANZA,6/14/22,00:00:00 - 02:59:59,PERSONA,OTRO O INDETERMINADO [PERSONA],Mayor de edad,HOMBRE,COSTA RICA,LIMON,GUACIMO,GUACIMO
HOMICIDIO,AJUSTE DE CUENTAS/VENGANZA,1/7/23,09:00:00 - 11:59:59,PERSONA,PEATON [PERSONA],Mayor de edad,HOMBRE,COSTA RICA,HEREDIA,SARAPIQUI,HORQUETAS
HOMICIDIO,AJUSTE DE CUENTAS/VENGANZA,1/11/23,15:00:00 - 17:59:59,PERSONA,DELINCUENTE (RECONOCIDO) [PERSONA],Mayor de edad,HOMBRE,COSTA RICA,SAN JOSE,PEREZ ZELEDON,DANIEL FLORES
HOMICIDIO,AJUSTE DE CUENTAS/VENGANZA,1/14/23,21:00:00 - 23:59:59,PERSONA,OTRO O INDETERMINADO [PERSONA],Mayor de edad,MUJER,COSTA RICA,SAN JOSE,ASERRI,TARBACA
HOMICIDIO,AJUSTE DE CUENTAS/VENGANZA,1/17/23,00:00:00 - 02:59:59,PERSONA,PEATON [PERSONA],Adulto Mayor,HOMBRE,COSTA RICA,PUNTARENAS,OSA,DRAKE
HOMICIDIO,AJUSTE DE CUENTAS/VENGANZA,1/25/23,00:00:00 - 02:59:59,PERSONA,PEATON [PERSONA],Mayor de edad,DESCONOCIDO,COSTA RICA,SAN JOSE,SAN JOSE,SAN SEBASTIAN
HOMICIDIO,AJUSTE DE CUENTAS/VENGANZA,1/28/23,21:00:00 - 23:59:59,PERSONA,PEATON [PERSONA],Mayor de edad,HOMBRE,COSTA RICA,SAN JOSE,SAN JOSE,HATILLO
HOMICIDIO,AJUSTE DE CUENTAS/VENGANZA,1/31/23,09:00:00 - 11:59:59,PERSONA,PEATON [PERSONA],Mayor de edad,HOMBRE,COSTA RICA,HEREDIA,SARAPIQUI,HORQUETAS
HOMICIDIO,AJUSTE DE CUENTAS/VENGANZA,2/6/23,09:00:00 - 11:59:59,PERSONA,PEATON [PERSONA],Mayor de edad,HOMBRE,NICARAGUA,HEREDIA,HEREDIA,SAN FRANCISCO
HOMICIDIO,AJUSTE DE CUENTAS/VENGANZA,2/19/23,03:00:00 - 05:59:59,PERSONA,PEATON [PERSONA],Mayor de edad,HOMBRE,PANAMA,PUNTARENAS,CORREDORES,CANOAS
HOMICIDIO,AJUSTE DE CUENTAS/VENGANZA,2/24/23,00:00:00 - 02:59:59,PERSONA,CLIENTE LOCAL COMERCIAL [PERSONA],Mayor de edad,DESCONOCIDO,COSTA RICA,LIMON,POCOCI,CARIARI
HOMICIDIO,AJUSTE DE CUENTAS/VENGANZA,3/5/23,18:00:00 - 20:59:59,PERSONA,OTRO O INDETERMINADO [PERSONA],Mayor de edad,HOMBRE,COSTA RICA,GUANACASTE,LIBERIA,NACASCOLO
HOMICIDIO,AJUSTE DE CUENTAS/VENGANZA,3/20/23,21:00:00 - 23:59:59,PERSONA,OTRO O INDETERMINADO [PERSONA],Mayor de edad,MUJER,COSTA RICA,LIMON,POCOCI,CARIARI
HOMICIDIO,AJUSTE DE CUENTAS/VENGANZA,3/19/23,03:00:00 - 05:59:59,PERSONA,PEATON [PERSONA],Desconocido,HOMBRE,COSTA RICA,ALAJUELA,SAN CARLOS,POCOSOL
HOMICIDIO,AJUSTE DE CUENTAS/VENGANZA,3/30/23,00:00:00 - 02:59:59,PERSONA,TAXISTA [PERSONA],Mayor de edad,HOMBRE,COSTA RICA,PUNTARENAS,CORREDORES,CANOAS
HOMICIDIO,AJUSTE DE CUENTAS/VENGANZA,1/19/21,00:00:00 - 02:59:59,PERSONA,PEATON [PERSONA],Mayor de edad,HOMBRE,COSTA RICA,SAN JOSE,TIBAS,LEON XIII
HOMICIDIO,AJUSTE DE CUENTAS/VENGANZA,2/1/21,06:00:00 - 08:59:59,PERSONA,OTRO O INDETERMINADO [PERSONA],Mayor de edad,HOMBRE,CANADA,GUANACASTE,CARRILLO,BELEN
HOMICIDIO,AJUSTE DE CUENTAS/VENGANZA,2/15/21,15:00:00 - 17:59:59,PERSONA,OTRO O INDETERMINADO [PERSONA],Mayor de edad,HOMBRE,COSTA RICA,LIMON,POCOCI,ROXANA
HOMICIDIO,AJUSTE DE CUENTAS/VENGANZA,2/14/21,00:00:00 - 02:59:59,PERSONA,PEATON [PERSONA],Mayor de edad,MUJER,NICARAGUA,LIMON,MATINA,CARRANDI
HOMICIDIO,AJUSTE DE CUENTAS/VENGANZA,2/5/21,00:00:00 - 02:59:59,PERSONA,OTRO O INDETERMINADO [PERSONA],Mayor de edad,HOMBRE,NICARAGUA,SAN JOSE,VASQUEZ DE CORONADO,SAN ISIDRO
HOMICIDIO,AJUSTE DE CUENTAS/VENGANZA,2/22/21,21:00:00 - 23:59:59,PERSONA,OTRO O INDETERMINADO [PERSONA],Mayor de edad,HOMBRE,COSTA RICA,CARTAGO,EL GUARCO,EL TEJAR
HOMICIDIO,AJUSTE DE CUENTAS/VENGANZA,2/27/21,12:00:00 - 14:59:59,PERSONA,OTRO O INDETERMINADO [PERSONA],Mayor de edad,MUJER,COSTA RICA,ALAJUELA,ALAJUELA,GUACIMA
HOMICIDIO,AJUSTE DE CUENTAS/VENGANZA,3/10/21,18:00:00 - 20:59:59,PERSONA,PEATON [PERSONA],Mayor de edad,HOMBRE,COSTA RICA,LIMON,MATINA,BATAN
HOMICIDIO,AJUSTE DE CUENTAS/VENGANZA,2/21/21,00:00:00 - 02:59:59,PERSONA,PEATON [PERSONA],Mayor de edad,HOMBRE,COSTA RICA,LIMON,LIMON,VALLE LA ESTRELLA
HOMICIDIO,AJUSTE DE CUENTAS/VENGANZA,3/25/21,21:00:00 - 23:59:59,PERSONA,OTRO O INDETERMINADO [PERSONA],Mayor de edad,HOMBRE,COSTA RICA,SAN JOSE,SAN JOSE,URUCA
HOMICIDIO,AJUSTE DE CUENTAS/VENGANZA,3/30/21,00:00:00 - 02:59:59,PERSONA,PEATON [PERSONA],Mayor de edad,HOMBRE,COSTA RICA,PUNTARENAS,GOLFITO,PAVON
HOMICIDIO,AJUSTE DE CUENTAS/VENGANZA,4/9/21,09:00:00 - 11:59:59,PERSONA,PEATON [PERSONA],Mayor de edad,MUJER,COSTA RICA,LIMON,LIMON,VALLE LA ESTRELLA
HOMICIDIO,AJUSTE DE CUENTAS/VENGANZA,4/10/21,15:00:00 - 17:59:59,PERSONA,OTRO O INDETERMINADO [PERSONA],Mayor de edad,HOMBRE,COSTA RICA,CARTAGO,PARAISO,PARAISO
HOMICIDIO,AJUSTE DE CUENTAS/VENGANZA,4/20/21,18:00:00 - 20:59:59,PERSONA,PEATON [PERSONA],Mayor de edad,HOMBRE,COSTA RICA,LIMON,LIMON,LIMON
HOMICIDIO,AJUSTE DE CUENTAS/VENGANZA,4/20/21,21:00:00 - 23:59:59,PERSONA,PEATON [PERSONA],Mayor de edad,HOMBRE,COSTA RICA,PUNTARENAS,GOLFITO,GOLFITO
HOMICIDIO,AJUSTE DE CUENTAS/VENGANZA,4/25/21,00:00:00 - 02:59:59,PERSONA,CLIENTE LOCAL COMERCIAL [PERSONA],Mayor de edad,HOMBRE,COSTA RICA,GUANACASTE,LA CRUZ,LA CRUZ
HOMICIDIO,AJUSTE DE CUENTAS/VENGANZA,5/6/21,18:00:00 - 20:59:59,PERSONA,OTRO O INDETERMINADO [PERSONA],Desconocido,HOMBRE,COSTA RICA,LIMON,GUACIMO,RIO JIMENEZ
HOMICIDIO,AJUSTE DE CUENTAS/VENGANZA,5/23/21,21:00:00 - 23:59:59,PERSONA,OTRO O INDETERMINADO [PERSONA],Mayor de edad,HOMBRE,COSTA RICA,SAN JOSE,PEREZ ZELEDON,DANIEL FLORES
HOMICIDIO,AJUSTE DE CUENTAS/VENGANZA,5/23/21,18:00:00 - 20:59:59,PERSONA,OTRO O INDETERMINADO [PERSONA],Mayor de edad,DESCONOCIDO,COSTA RICA,LIMON,POCOCI,RITA
HOMICIDIO,AJUSTE DE CUENTAS/VENGANZA,5/31/21,18:00:00 - 20:59:59,PERSONA,OTRO O INDETERMINADO [PERSONA],Mayor de edad,HOMBRE,COSTA RICA,CARTAGO,LA UNION,DULCE NOMBRE
HOMICIDIO,AJUSTE DE CUENTAS/VENGANZA,6/7/21,18:00:00 - 20:59:59,PERSONA,PEATON [PERSONA],Mayor de edad,HOMBRE,COSTA RICA,LIMON,MATINA,BATAN
HOMICIDIO,AJUSTE DE CUENTAS/VENGANZA,6/18/21,00:00:00 - 02:59:59,PERSONA,OTRO O INDETERMINADO [PERSONA],Mayor de edad,HOMBRE,COSTA RICA,CARTAGO,CARTAGO,SAN NICOLAS
HOMICIDIO,AJUSTE DE CUENTAS/VENGANZA,6/25/21,15:00:00 - 17:59:59,PERSONA,OTRO O INDETERMINADO [PERSONA],Mayor de edad,HOMBRE,COSTA RICA,LIMON,GUACIMO,RIO JIMENEZ
HOMICIDIO,AJUSTE DE CUENTAS/VENGANZA,11/11/21,00:00:00 - 02:59:59,PERSONA,OTRO O INDETERMINADO [PERSONA],Mayor de edad,HOMBRE,COSTA RICA,HEREDIA,SARAPIQUI,PUERTO VIEJO
HOMICIDIO,AJUSTE DE CUENTAS/VENGANZA,11/30/21,18:00:00 - 20:59:59,PERSONA,PEATON [PERSONA],Mayor de edad,HOMBRE,COSTA RICA,LIMON,LIMON,LIMON
HOMICIDIO,AJUSTE DE CUENTAS/VENGANZA,12/2/21,15:00:00 - 17:59:59,PERSONA,PEATON [PERSONA],Mayor de edad,HOMBRE,COSTA RICA,LIMON,LIMON,MATAMA
HOMICIDIO,AJUSTE DE CUENTAS/VENGANZA,12/13/21,21:00:00 - 23:59:59,PERSONA,OTRO O INDETERMINADO [PERSONA],Mayor de edad,DESCONOCIDO,COSTA RICA,LIMON,POCOCI,CARIARI
HOMICIDIO,AJUSTE DE CUENTAS/VENGANZA,12/25/21,09:00:00 - 11:59:59,PERSONA,PEATON [PERSONA],Mayor de edad,HOMBRE,COSTA RICA,LIMON,LIMON,LIMON
HOMICIDIO,AJUSTE DE CUENTAS/VENGANZA,12/28/21,06:00:00 - 08:59:59,PERSONA,PEATON [PERSONA],Mayor de edad,HOMBRE,COSTA RICA,PUNTARENAS,CORREDORES,CANOAS
HOMICIDIO,AJUSTE DE CUENTAS/VENGANZA,1/8/22,18:00:00 - 20:59:59,PERSONA,CLIENTE LOCAL COMERCIAL [PERSONA],Mayor de edad,HOMBRE,COSTA RICA,LIMON,GUACIMO,RIO JIMENEZ
HOMICIDIO,AJUSTE DE CUENTAS/VENGANZA,1/14/22,00:00:00 - 02:59:59,PERSONA,PEATON [PERSONA],Mayor de edad,HOMBRE,COSTA RICA,GUANACASTE,LA CRUZ,LA CRUZ
HOMICIDIO,AJUSTE DE CUENTAS/VENGANZA,1/15/22,21:00:00 - 23:59:59,PERSONA,PEATON [PERSONA],Mayor de edad,HOMBRE,COSTA RICA,PUNTARENAS,PUNTARENAS,EL ROBLE
HOMICIDIO,AJUSTE DE CUENTAS/VENGANZA,1/22/22,18:00:00 - 20:59:59,PERSONA,OTRO O INDETERMINADO [PERSONA],Mayor de edad,HOMBRE,COSTA RICA,PUNTARENAS,PUNTARENAS,CHACARITA
HOMICIDIO,AJUSTE DE CUENTAS/VENGANZA,1/26/22,09:00:00 - 11:59:59,PERSONA,PEATON [PERSONA],Mayor de edad,DESCONOCIDO,COSTA RICA,ALAJUELA,ALAJUELA,SAN JOSE
HOMICIDIO,AJUSTE DE CUENTAS/VENGANZA,2/10/22,18:00:00 - 20:59:59,PERSONA,OTRO O INDETERMINADO [PERSONA],Mayor de edad,HOMBRE,COSTA RICA,SAN JOSE,SAN JOSE,SAN SEBASTIAN
HOMICIDIO,AJUSTE DE CUENTAS/VENGANZA,2/21/22,18:00:00 - 20:59:59,PERSONA,PEATON [PERSONA],Mayor de edad,HOMBRE,COSTA RICA,GUANACASTE,SANTA CRUZ,TEMPATE
HOMICIDIO,AJUSTE DE CUENTAS/VENGANZA,2/27/22,03:00:00 - 05:59:59,PERSONA,OTRO O INDETERMINADO [PERSONA],Mayor de edad,MUJER,COSTA RICA,SAN JOSE,SAN JOSE,MATA REDONDA
HOMICIDIO,AJUSTE DE CUENTAS/VENGANZA,3/22/22,18:00:00 - 20:59:59,PERSONA,OTRO O INDETERMINADO [PERSONA],Mayor de edad,HOMBRE,COSTA RICA,LIMON,POCOCI,JIMENEZ
HOMICIDIO,AJUSTE DE CUENTAS/VENGANZA,4/9/22,21:00:00 - 23:59:59,PERSONA,OTRO O INDETERMINADO [PERSONA],Mayor de edad,HOMBRE,COSTA RICA,HEREDIA,SARAPIQUI,PUERTO VIEJO
HOMICIDIO,AJUSTE DE CUENTAS/VENGANZA,4/12/22,06:00:00 - 08:59:59,PERSONA,OTRO O INDETERMINADO [PERSONA],Mayor de edad,HOMBRE,COSTA RICA,GUANACASTE,SANTA CRUZ,TAMARINDO
HOMICIDIO,AJUSTE DE CUENTAS/VENGANZA,5/2/22,00:00:00 - 02:59:59,PERSONA,EMPRESARIO/COMERCIANTE [PERSONA],Mayor de edad,HOMBRE,NICARAGUA,GUANACASTE,LA CRUZ,LA CRUZ
HOMICIDIO,AJUSTE DE CUENTAS/VENGANZA,5/11/22,21:00:00 - 23:59:59,PERSONA,OTRO O INDETERMINADO [PERSONA],Mayor de edad,HOMBRE,COSTA RICA,PUNTARENAS,CORREDORES,CANOAS
HOMICIDIO,AJUSTE DE CUENTAS/VENGANZA,5/13/22,12:00:00 - 14:59:59,PERSONA,PEATON [PERSONA],Mayor de edad,HOMBRE,COSTA RICA,LIMON,LIMON,LIMON
HOMICIDIO,AJUSTE DE CUENTAS/VENGANZA,5/24/22,00:00:00 - 02:59:59,PERSONA,OTRO O INDETERMINADO [PERSONA],Mayor de edad,HOMBRE,COSTA RICA,PUNTARENAS,PUNTARENAS,BARRANCA
HOMICIDIO,AJUSTE DE CUENTAS/VENGANZA,5/27/22,21:00:00 - 23:59:59,PERSONA,OTRO O INDETERMINADO [PERSONA],Mayor de edad,DESCONOCIDO,Desconocido,LIMON,GUACIMO,RIO JIMENEZ
HOMICIDIO,AJUSTE DE CUENTAS/VENGANZA,6/20/22,03:00:00 - 05:59:59,PERSONA,PEATON [PERSONA],Mayor de edad,DESCONOCIDO,COSTA RICA,HEREDIA,SARAPIQUI,PUERTO VIEJO
HOMICIDIO,AJUSTE DE CUENTAS/VENGANZA,7/16/22,12:00:00 - 14:59:59,PERSONA,PEATON [PERSONA],Mayor de edad,HOMBRE,COSTA RICA,LIMON,LIMON,LIMON
HOMICIDIO,AJUSTE DE CUENTAS/VENGANZA,7/29/22,21:00:00 - 23:59:59,PERSONA,PEATON [PERSONA],Mayor de edad,DESCONOCIDO,NICARAGUA,HEREDIA,BARVA,SAN PEDRO
HOMICIDIO,AJUSTE DE CUENTAS/VENGANZA,8/2/22,21:00:00 - 23:59:59,PERSONA,PEATON [PERSONA],Mayor de edad,HOMBRE,COSTA RICA,LIMON,LIMON,LIMON
HOMICIDIO,AJUSTE DE CUENTAS/VENGANZA,8/2/22,15:00:00 - 17:59:59,PERSONA,PEATON [PERSONA],Menor de edad,HOMBRE,COSTA RICA,LIMON,MATINA,BATAN
HOMICIDIO,AJUSTE DE CUENTAS/VENGANZA,10/2/22,18:00:00 - 20:59:59,PERSONA,OTRO O INDETERMINADO [PERSONA],Desconocido,HOMBRE,Desconocido,GUANACASTE,LA CRUZ,LA CRUZ
HOMICIDIO,AJUSTE DE CUENTAS/VENGANZA,10/25/22,00:00:00 - 02:59:59,PERSONA,PEATON [PERSONA],Mayor de edad,DESCONOCIDO,COSTA RICA,ALAJUELA,SAN CARLOS,CUTRIS
HOMICIDIO,AJUSTE DE CUENTAS/VENGANZA,10/25/22,21:00:00 - 23:59:59,PERSONA,OTRO O INDETERMINADO [PERSONA],Mayor de edad,HOMBRE,COSTA RICA,LIMON,LIMON,LIMON
HOMICIDIO,AJUSTE DE CUENTAS/VENGANZA,11/2/22,18:00:00 - 20:59:59,PERSONA,OTRO O INDETERMINADO [PERSONA],Mayor de edad,HOMBRE,COSTA RICA,LIMON,POCOCI,CARIARI
HOMICIDIO,AJUSTE DE CUENTAS/VENGANZA,11/6/22,21:00:00 - 23:59:59,PERSONA,OTRO O INDETERMINADO [PERSONA],Mayor de edad,HOMBRE,COSTA RICA,GUANACASTE,CARRILLO,BELEN
HOMICIDIO,AJUSTE DE CUENTAS/VENGANZA,11/19/22,15:00:00 - 17:59:59,PERSONA,OTRO O INDETERMINADO [PERSONA],Mayor de edad,DESCONOCIDO,COSTA RICA,LIMON,LIMON,LIMON
HOMICIDIO,AJUSTE DE CUENTAS/VENGANZA,12/6/22,21:00:00 - 23:59:59,PERSONA,OTRO O INDETERMINADO [PERSONA],Mayor de edad,DESCONOCIDO,Desconocido,LIMON,POCOCI,RITA
HOMICIDIO,AJUSTE DE CUENTAS/VENGANZA,12/24/22,21:00:00 - 23:59:59,PERSONA,PEATON [PERSONA],Mayor de edad,HOMBRE,COSTA RICA,PUNTARENAS,ESPARZA,ESPIRITU SANTO
HOMICIDIO,AJUSTE DE CUENTAS/VENGANZA,1/3/23,21:00:00 - 23:59:59,PERSONA,PEATON [PERSONA],Mayor de edad,HOMBRE,NICARAGUA,PUNTARENAS,PUNTARENAS,EL ROBLE
HOMICIDIO,AJUSTE DE CUENTAS/VENGANZA,1/5/23,21:00:00 - 23:59:59,PERSONA,PEATON [PERSONA],Mayor de edad,HOMBRE,COSTA RICA,LIMON,LIMON,LIMON
HOMICIDIO,AJUSTE DE CUENTAS/VENGANZA,1/8/23,06:00:00 - 08:59:59,PERSONA,PEATON [PERSONA],Desconocido,HOMBRE,Desconocido,GUANACASTE,SANTA CRUZ,TEMPATE
HOMICIDIO,AJUSTE DE CUENTAS/VENGANZA,1/10/23,15:00:00 - 17:59:59,PERSONA,OTRO O INDETERMINADO [PERSONA],Mayor de edad,MUJER,COSTA RICA,CARTAGO,ALVARADO,PACAYAS
HOMICIDIO,AJUSTE DE CUENTAS/VENGANZA,2/10/23,00:00:00 - 02:59:59,PERSONA,PEATON [PERSONA],Mayor de edad,HOMBRE,COSTA RICA,PUNTARENAS,PUNTARENAS,BARRANCA
HOMICIDIO,AJUSTE DE CUENTAS/VENGANZA,2/17/23,18:00:00 - 20:59:59,PERSONA,PEATON [PERSONA],Mayor de edad,HOMBRE,COSTA RICA,GUANACASTE,SANTA CRUZ,TAMARINDO
HOMICIDIO,AJUSTE DE CUENTAS/VENGANZA,2/26/23,21:00:00 - 23:59:59,PERSONA,CLIENTE LOCAL COMERCIAL [PERSONA],Mayor de edad,HOMBRE,HONDURAS,GUANACASTE,SANTA CRUZ,DIRIA
HOMICIDIO,AJUSTE DE CUENTAS/VENGANZA,3/4/23,15:00:00 - 17:59:59,PERSONA,OTRO O INDETERMINADO [PERSONA],Mayor de edad,HOMBRE,COSTA RICA,SAN JOSE,GOICOECHEA,PURRAL
HOMICIDIO,AJUSTE DE CUENTAS/VENGANZA,3/4/23,21:00:00 - 23:59:59,PERSONA,OTRO O INDETERMINADO [PERSONA],Mayor de edad,HOMBRE,COSTA RICA,SAN JOSE,SAN JOSE,SAN SEBASTIAN
HOMICIDIO,AJUSTE DE CUENTAS/VENGANZA,3/15/23,15:00:00 - 17:59:59,PERSONA,PEATON [PERSONA],Mayor de edad,HOMBRE,COSTA RICA,PUNTARENAS,PUNTARENAS,CHACARITA
HOMICIDIO,AJUSTE DE CUENTAS/VENGANZA,3/20/23,18:00:00 - 20:59:59,PERSONA,OTRO O INDETERMINADO [PERSONA],Mayor de edad,HOMBRE,COSTA RICA,GUANACASTE,CARRILLO,SARDINAL
HOMICIDIO,AJUSTE DE CUENTAS/VENGANZA,12/19/21,00:00:00 - 02:59:59,PERSONA,OTRO O INDETERMINADO [PERSONA],Desconocido,HOMBRE,Desconocido,CARTAGO,CARTAGO,LLANO GRANDE
HOMICIDIO,AJUSTE DE CUENTAS/VENGANZA,2/10/22,00:00:00 - 02:59:59,PERSONA,PEATON [PERSONA],Mayor de edad,HOMBRE,NICARAGUA,SAN JOSE,SAN JOSE,HOSPITAL
HOMICIDIO,AJUSTE DE CUENTAS/VENGANZA,2/12/22,21:00:00 - 23:59:59,PERSONA,OTRO O INDETERMINADO [PERSONA],Mayor de edad,HOMBRE,COSTA RICA,SAN JOSE,GOICOECHEA,IPIS
HOMICIDIO,AJUSTE DE CUENTAS/VENGANZA,4/6/22,03:00:00 - 05:59:59,PERSONA,PEATON [PERSONA],Mayor de edad,DESCONOCIDO,Desconocido,SAN JOSE,SAN JOSE,URUCA
HOMICIDIO,AJUSTE DE CUENTAS/VENGANZA,4/5/22,18:00:00 - 20:59:59,PERSONA,OTRO O INDETERMINADO [PERSONA],Mayor de edad,HOMBRE,COSTA RICA,ALAJUELA,ALAJUELA,SAN RAFAEL
HOMICIDIO,AJUSTE DE CUENTAS/VENGANZA,3/2/22,09:00:00 - 11:59:59,PERSONA,PEATON [PERSONA],Mayor de edad,HOMBRE,COSTA RICA,LIMON,LIMON,LIMON
HOMICIDIO,AJUSTE DE CUENTAS/VENGANZA,4/17/22,18:00:00 - 20:59:59,PERSONA,PEATON [PERSONA],Desconocido,HOMBRE,COSTA RICA,ALAJUELA,SAN CARLOS,FORTUNA
HOMICIDIO,AJUSTE DE CUENTAS/VENGANZA,4/20/22,18:00:00 - 20:59:59,PERSONA,CLIENTE LOCAL COMERCIAL [PERSONA],Mayor de edad,HOMBRE,COSTA RICA,PUNTARENAS,OSA,PALMAR
HOMICIDIO,AJUSTE DE CUENTAS/VENGANZA,4/26/22,12:00:00 - 14:59:59,PERSONA,OTRO O INDETERMINADO [PERSONA],Mayor de edad,HOMBRE,COSTA RICA,SAN JOSE,SAN JOSE,CATEDRAL
HOMICIDIO,AJUSTE DE CUENTAS/VENGANZA,5/17/22,18:00:00 - 20:59:59,PERSONA,OTRO O INDETERMINADO [PERSONA],Mayor de edad,HOMBRE,COSTA RICA,HEREDIA,SARAPIQUI,LA VIRGEN
HOMICIDIO,AJUSTE DE CUENTAS/VENGANZA,6/15/22,18:00:00 - 20:59:59,PERSONA,OTRO O INDETERMINADO [PERSONA],Mayor de edad,DESCONOCIDO,COSTA RICA,LIMON,POCOCI,JIMENEZ
HOMICIDIO,AJUSTE DE CUENTAS/VENGANZA,7/9/22,21:00:00 - 23:59:59,PERSONA,OTRO O INDETERMINADO [PERSONA],Mayor de edad,HOMBRE,NICARAGUA,GUANACASTE,SANTA CRUZ,TEMPATE
HOMICIDIO,AJUSTE DE CUENTAS/VENGANZA,7/15/22,09:00:00 - 11:59:59,PERSONA,OTRO O INDETERMINADO [PERSONA],Mayor de edad,MUJER,COSTA RICA,ALAJUELA,ALAJUELA,DESAMPARADOS
HOMICIDIO,AJUSTE DE CUENTAS/VENGANZA,7/17/22,00:00:00 - 02:59:59,PERSONA,CLIENTE LOCAL COMERCIAL [PERSONA],Mayor de edad,HOMBRE,COSTA RICA,PUNTARENAS,PUERTO JIMÉNEZ,PUERTO JIMÉNEZ
HOMICIDIO,AJUSTE DE CUENTAS/VENGANZA,7/23/22,15:00:00 - 17:59:59,PERSONA,PEATON [PERSONA],Mayor de edad,HOMBRE,COSTA RICA,LIMON,LIMON,LIMON
HOMICIDIO,AJUSTE DE CUENTAS/VENGANZA,8/8/22,06:00:00 - 08:59:59,PERSONA,OTRO O INDETERMINADO [PERSONA],Mayor de edad,HOMBRE,COSTA RICA,LIMON,POCOCI,JIMENEZ
HOMICIDIO,AJUSTE DE CUENTAS/VENGANZA,8/12/22,21:00:00 - 23:59:59,PERSONA,OTRO O INDETERMINADO [PERSONA],Mayor de edad,HOMBRE,COSTA RICA,GUANACASTE,TILARAN,TILARAN
HOMICIDIO,AJUSTE DE CUENTAS/VENGANZA,8/17/22,12:00:00 - 14:59:59,PERSONA,CLIENTE LOCAL COMERCIAL [PERSONA],Mayor de edad,HOMBRE,COSTA RICA,GUANACASTE,BAGACES,BAGACES
HOMICIDIO,AJUSTE DE CUENTAS/VENGANZA,8/21/22,18:00:00 - 20:59:59,PERSONA,PEATON [PERSONA],Mayor de edad,HOMBRE,COSTA RICA,LIMON,LIMON,LIMON
HOMICIDIO,AJUSTE DE CUENTAS/VENGANZA,8/28/22,21:00:00 - 23:59:59,PERSONA,OTRO O INDETERMINADO [PERSONA],Mayor de edad,DESCONOCIDO,Desconocido,CARTAGO,TURRIALBA,TRES EQUIS
HOMICIDIO,AJUSTE DE CUENTAS/VENGANZA,9/8/22,15:00:00 - 17:59:59,PERSONA,PEATON [PERSONA],Mayor de edad,HOMBRE,COSTA RICA,ALAJUELA,UPALA,AGUAS CLARAS
HOMICIDIO,AJUSTE DE CUENTAS/VENGANZA,9/14/22,18:00:00 - 20:59:59,PERSONA,OTRO O INDETERMINADO [PERSONA],Mayor de edad,HOMBRE,COSTA RICA,SAN JOSE,DESAMPARADOS,SAN RAFAEL ARRIBA
HOMICIDIO,AJUSTE DE CUENTAS/VENGANZA,10/21/22,12:00:00 - 14:59:59,PERSONA,PEATON [PERSONA],Mayor de edad,HOMBRE,COSTA RICA,GUANACASTE,LIBERIA,LIBERIA
HOMICIDIO,AJUSTE DE CUENTAS/VENGANZA,1/7/21,18:00:00 - 20:59:59,PERSONA,OTRO O INDETERMINADO [PERSONA],Mayor de edad,HOMBRE,COSTA RICA,LIMON,POCOCI,GUAPILES
HOMICIDIO,AJUSTE DE CUENTAS/VENGANZA,2/19/21,18:00:00 - 20:59:59,PERSONA,OTRO O INDETERMINADO [PERSONA],Mayor de edad,HOMBRE,Desconocido,SAN JOSE,ASERRI,SAN GABRIEL
HOMICIDIO,AJUSTE DE CUENTAS/VENGANZA,3/2/21,00:00:00 - 02:59:59,PERSONA,OTRO O INDETERMINADO [PERSONA],Desconocido,HOMBRE,COSTA RICA,HEREDIA,HEREDIA,HEREDIA
HOMICIDIO,AJUSTE DE CUENTAS/VENGANZA,3/10/21,21:00:00 - 23:59:59,PERSONA,PEATON [PERSONA],Mayor de edad,HOMBRE,COSTA RICA,PUNTARENAS,PUNTARENAS,BARRANCA
HOMICIDIO,AJUSTE DE CUENTAS/VENGANZA,3/15/21,12:00:00 - 14:59:59,PERSONA,PEATON [PERSONA],Mayor de edad,HOMBRE,COSTA RICA,ALAJUELA,UPALA,AGUAS CLARAS
HOMICIDIO,AJUSTE DE CUENTAS/VENGANZA,3/25/21,21:00:00 - 23:59:59,PERSONA,OTRO O INDETERMINADO [PERSONA],Mayor de edad,HOMBRE,COSTA RICA,SAN JOSE,SAN JOSE,URUCA
HOMICIDIO,AJUSTE DE CUENTAS/VENGANZA,4/8/21,06:00:00 - 08:59:59,PERSONA,PEATON [PERSONA],Desconocido,HOMBRE,NICARAGUA,ALAJUELA,UPALA,SAN JOSE (PIZOTE)
HOMICIDIO,AJUSTE DE CUENTAS/VENGANZA,4/9/21,18:00:00 - 20:59:59,PERSONA,OTRO O INDETERMINADO [PERSONA],Mayor de edad,HOMBRE,COSTA RICA,LIMON,SIQUIRRES,CAIRO
HOMICIDIO,AJUSTE DE CUENTAS/VENGANZA,4/13/21,00:00:00 - 02:59:59,PERSONA,OTRO O INDETERMINADO [PERSONA],Mayor de edad,DESCONOCIDO,Desconocido,SAN JOSE,SAN JOSE,CATEDRAL
HOMICIDIO,AJUSTE DE CUENTAS/VENGANZA,4/20/21,09:00:00 - 11:59:59,PERSONA,PEATON [PERSONA],Mayor de edad,HOMBRE,COSTA RICA,LIMON,MATINA,BATAN
HOMICIDIO,AJUSTE DE CUENTAS/VENGANZA,4/24/21,03:00:00 - 05:59:59,PERSONA,OTRO O INDETERMINADO [PERSONA],Mayor de edad,DESCONOCIDO,Desconocido,LIMON,POCOCI,RITA
HOMICIDIO,AJUSTE DE CUENTAS/VENGANZA,4/29/21,18:00:00 - 20:59:59,PERSONA,OTRO O INDETERMINADO [PERSONA],Mayor de edad,HOMBRE,COSTA RICA,PUNTARENAS,QUEPOS,QUEPOS
HOMICIDIO,AJUSTE DE CUENTAS/VENGANZA,5/8/21,06:00:00 - 08:59:59,PERSONA,PEATON [PERSONA],Mayor de edad,HOMBRE,COSTA RICA,LIMON,LIMON,LIMON
HOMICIDIO,AJUSTE DE CUENTAS/VENGANZA,5/18/21,09:00:00 - 11:59:59,PERSONA,OTRO O INDETERMINADO [PERSONA],Mayor de edad,HOMBRE,COSTA RICA,LIMON,GUACIMO,GUACIMO
HOMICIDIO,AJUSTE DE CUENTAS/VENGANZA,5/28/21,18:00:00 - 20:59:59,PERSONA,OTRO O INDETERMINADO [PERSONA],Mayor de edad,DESCONOCIDO,COSTA RICA,LIMON,POCOCI,RITA
HOMICIDIO,AJUSTE DE CUENTAS/VENGANZA,6/6/21,03:00:00 - 05:59:59,PERSONA,OTRO O INDETERMINADO [PERSONA],Mayor de edad,DESCONOCIDO,Desconocido,SAN JOSE,TIBAS,LEON XIII
HOMICIDIO,AJUSTE DE CUENTAS/VENGANZA,6/6/21,12:00:00 - 14:59:59,PERSONA,OTRO O INDETERMINADO [PERSONA],Mayor de edad,HOMBRE,Desconocido,SAN JOSE,TIBAS,LEON XIII
HOMICIDIO,AJUSTE DE CUENTAS/VENGANZA,6/6/21,09:00:00 - 11:59:59,PERSONA,OTRO O INDETERMINADO [PERSONA],Mayor de edad,DESCONOCIDO,COSTA RICA,LIMON,POCOCI,LA COLONIA
HOMICIDIO,AJUSTE DE CUENTAS/VENGANZA,6/21/21,03:00:00 - 05:59:59,PERSONA,PEATON [PERSONA],Mayor de edad,HOMBRE,Desconocido,ALAJUELA,SAN CARLOS,FLORENCIA
HOMICIDIO,AJUSTE DE CUENTAS/VENGANZA,6/20/21,00:00:00 - 02:59:59,PERSONA,OTRO O INDETERMINADO [PERSONA],Mayor de edad,HOMBRE,COSTA RICA,LIMON,SIQUIRRES,PACUARITO
HOMICIDIO,AJUSTE DE CUENTAS/VENGANZA,6/27/21,09:00:00 - 11:59:59,PERSONA,OTRO O INDETERMINADO [PERSONA],Mayor de edad,HOMBRE,COSTA RICA,SAN JOSE,ALAJUELITA,SAN FELIPE
HOMICIDIO,AJUSTE DE CUENTAS/VENGANZA,7/2/21,00:00:00 - 02:59:59,PERSONA,PEATON [PERSONA],Menor de edad,HOMBRE,COSTA RICA,ALAJUELA,ALAJUELA,SAN JOSE
HOMICIDIO,AJUSTE DE CUENTAS/VENGANZA,7/22/21,15:00:00 - 17:59:59,PERSONA,OTRO O INDETERMINADO [PERSONA],Mayor de edad,HOMBRE,COSTA RICA,ALAJUELA,POAS,SAN PEDRO
HOMICIDIO,AJUSTE DE CUENTAS/VENGANZA,7/17/22,00:00:00 - 02:59:59,PERSONA,PEATON [PERSONA],Mayor de edad,HOMBRE,COSTA RICA,PUNTARENAS,PUNTARENAS,PUNTARENAS
HOMICIDIO,AJUSTE DE CUENTAS/VENGANZA,7/19/22,09:00:00 - 11:59:59,PERSONA,OTRO O INDETERMINADO [PERSONA],Mayor de edad,HOMBRE,COSTA RICA,LIMON,POCOCI,CARIARI
HOMICIDIO,AJUSTE DE CUENTAS/VENGANZA,7/23/22,15:00:00 - 17:59:59,PERSONA,OTRO O INDETERMINADO [PERSONA],Mayor de edad,HOMBRE,COSTA RICA,CARTAGO,CARTAGO,SAN NICOLAS
HOMICIDIO,AJUSTE DE CUENTAS/VENGANZA,8/17/22,00:00:00 - 02:59:59,PERSONA,PEATON [PERSONA],Mayor de edad,HOMBRE,COSTA RICA,PUNTARENAS,GARABITO,JACO
HOMICIDIO,AJUSTE DE CUENTAS/VENGANZA,9/8/22,00:00:00 - 02:59:59,PERSONA,PEATON [PERSONA],Mayor de edad,HOMBRE,PANAMA,PUNTARENAS,CORREDORES,CANOAS
HOMICIDIO,AJUSTE DE CUENTAS/VENGANZA,9/8/22,21:00:00 - 23:59:59,PERSONA,PEATON [PERSONA],Mayor de edad,HOMBRE,COSTA DE MARFIL,PUNTARENAS,PUNTARENAS,CHACARITA
HOMICIDIO,AJUSTE DE CUENTAS/VENGANZA,9/11/22,21:00:00 - 23:59:59,PERSONA,OTRO O INDETERMINADO [PERSONA],Mayor de edad,HOMBRE,COSTA RICA,SAN JOSE,GOICOECHEA,GUADALUPE
HOMICIDIO,AJUSTE DE CUENTAS/VENGANZA,9/26/22,12:00:00 - 14:59:59,PERSONA,OTRO O INDETERMINADO [PERSONA],Mayor de edad,HOMBRE,COSTA RICA,LIMON,TALAMANCA,CAHUITA
HOMICIDIO,AJUSTE DE CUENTAS/VENGANZA,9/30/22,21:00:00 - 23:59:59,PERSONA,PEATON [PERSONA],Mayor de edad,HOMBRE,COSTA RICA,LIMON,LIMON,LIMON
HOMICIDIO,AJUSTE DE CUENTAS/VENGANZA,10/8/22,18:00:00 - 20:59:59,PERSONA,OTRO O INDETERMINADO [PERSONA],Desconocido,HOMBRE,NICARAGUA,HEREDIA,SARAPIQUI,PUERTO VIEJO
HOMICIDIO,AJUSTE DE CUENTAS/VENGANZA,10/9/22,15:00:00 - 17:59:59,PERSONA,OTRO O INDETERMINADO [PERSONA],Mayor de edad,DESCONOCIDO,Desconocido,LIMON,GUACIMO,RIO JIMENEZ
HOMICIDIO,AJUSTE DE CUENTAS/VENGANZA,10/17/22,18:00:00 - 20:59:59,PERSONA,OTRO O INDETERMINADO [PERSONA],Mayor de edad,HOMBRE,COSTA RICA,LIMON,MATINA,CARRANDI
HOMICIDIO,AJUSTE DE CUENTAS/VENGANZA,10/23/22,15:00:00 - 17:59:59,PERSONA,PEATON [PERSONA],Mayor de edad,DESCONOCIDO,Desconocido,ALAJUELA,LOS CHILES,LOS CHILES
HOMICIDIO,AJUSTE DE CUENTAS/VENGANZA,10/25/22,21:00:00 - 23:59:59,PERSONA,OTRO O INDETERMINADO [PERSONA],Mayor de edad,HOMBRE,COSTA RICA,LIMON,LIMON,LIMON
HOMICIDIO,AJUSTE DE CUENTAS/VENGANZA,10/26/22,21:00:00 - 23:59:59,PERSONA,OTRO O INDETERMINADO [PERSONA],Mayor de edad,HOMBRE,COSTA RICA,CARTAGO,TURRIALBA,LA SUIZA
HOMICIDIO,AJUSTE DE CUENTAS/VENGANZA,10/31/22,00:00:00 - 02:59:59,PERSONA,PEATON [PERSONA],Desconocido,HOMBRE,COSTA RICA,CARTAGO,CARTAGO,SAN FRANCISCO
HOMICIDIO,AJUSTE DE CUENTAS/VENGANZA,11/5/22,00:00:00 - 02:59:59,PERSONA,CLIENTE BANCARIO [PERSONA],Mayor de edad,DESCONOCIDO,COSTA RICA,LIMON,SIQUIRRES,ALEGRIA
HOMICIDIO,AJUSTE DE CUENTAS/VENGANZA,11/24/22,00:00:00 - 02:59:59,PERSONA,PEATON [PERSONA],Mayor de edad,HOMBRE,COSTA RICA,GUANACASTE,CANAS,CANAS
HOMICIDIO,AJUSTE DE CUENTAS/VENGANZA,11/24/22,18:00:00 - 20:59:59,PERSONA,OTRO O INDETERMINADO [PERSONA],Mayor de edad,DESCONOCIDO,COSTA RICA,LIMON,MATINA,CARRANDI
HOMICIDIO,AJUSTE DE CUENTAS/VENGANZA,11/26/22,06:00:00 - 08:59:59,PERSONA,OTRO O INDETERMINADO [PERSONA],Mayor de edad,HOMBRE,COSTA RICA,ALAJUELA,ALAJUELA,SAN ISIDRO
HOMICIDIO,AJUSTE DE CUENTAS/VENGANZA,12/9/22,15:00:00 - 17:59:59,PERSONA,PEATON [PERSONA],Mayor de edad,HOMBRE,COSTA RICA,PUNTARENAS,PUNTARENAS,BARRANCA
HOMICIDIO,AJUSTE DE CUENTAS/VENGANZA,12/29/22,18:00:00 - 20:59:59,PERSONA,PEATON [PERSONA],Mayor de edad,HOMBRE,COSTA RICA,LIMON,MATINA,CARRANDI
HOMICIDIO,AJUSTE DE CUENTAS/VENGANZA,1/18/23,21:00:00 - 23:59:59,PERSONA,PEATON [PERSONA],Adulto Mayor,HOMBRE,COSTA RICA,GUANACASTE,CARRILLO,FILADELFIA
HOMICIDIO,AJUSTE DE CUENTAS/VENGANZA,12/8/21,06:00:00 - 08:59:59,PERSONA,OTRO O INDETERMINADO [PERSONA],Mayor de edad,HOMBRE,NICARAGUA,CARTAGO,LA UNION,RIO AZUL
HOMICIDIO,AJUSTE DE CUENTAS/VENGANZA,12/28/21,06:00:00 - 08:59:59,PERSONA,PEATON [PERSONA],Mayor de edad,DESCONOCIDO,COSTA RICA,CARTAGO,CARTAGO,CORRALILLO
HOMICIDIO,AJUSTE DE CUENTAS/VENGANZA,12/29/21,06:00:00 - 08:59:59,PERSONA,DELINCUENTE (RECONOCIDO) [PERSONA],Mayor de edad,DESCONOCIDO,COSTA RICA,ALAJUELA,SAN CARLOS,PITAL
HOMICIDIO,AJUSTE DE CUENTAS/VENGANZA,1/13/22,12:00:00 - 14:59:59,PERSONA,CLIENTE LOCAL COMERCIAL [PERSONA],Mayor de edad,HOMBRE,COSTA RICA,HEREDIA,SARAPIQUI,PUERTO VIEJO
HOMICIDIO,AJUSTE DE CUENTAS/VENGANZA,1/30/22,21:00:00 - 23:59:59,PERSONA,OTRO O INDETERMINADO [PERSONA],Mayor de edad,HOMBRE,COSTA RICA,LIMON,POCOCI,CARIARI
HOMICIDIO,AJUSTE DE CUENTAS/VENGANZA,2/17/22,15:00:00 - 17:59:59,PERSONA,PEATON [PERSONA],Mayor de edad,HOMBRE,COSTA RICA,LIMON,LIMON,LIMON
HOMICIDIO,AJUSTE DE CUENTAS/VENGANZA,2/23/22,18:00:00 - 20:59:59,PERSONA,OTRO O INDETERMINADO [PERSONA],Mayor de edad,HOMBRE,COSTA RICA,SAN JOSE,SAN JOSE,URUCA
HOMICIDIO,AJUSTE DE CUENTAS/VENGANZA,3/2/22,09:00:00 - 11:59:59,PERSONA,PEATON [PERSONA],Mayor de edad,HOMBRE,COSTA RICA,LIMON,LIMON,LIMON
HOMICIDIO,AJUSTE DE CUENTAS/VENGANZA,4/10/22,00:00:00 - 02:59:59,PERSONA,PEATON [PERSONA],Desconocido,HOMBRE,COSTA RICA,CARTAGO,CARTAGO,CARMEN
HOMICIDIO,AJUSTE DE CUENTAS/VENGANZA,4/27/22,00:00:00 - 02:59:59,PERSONA,OTRO O INDETERMINADO [PERSONA],Mayor de edad,HOMBRE,NICARAGUA,SAN JOSE,DESAMPARADOS,SAN ANTONIO
HOMICIDIO,AJUSTE DE CUENTAS/VENGANZA,5/4/22,15:00:00 - 17:59:59,PERSONA,PEATON [PERSONA],Mayor de edad,HOMBRE,COSTA RICA,ALAJUELA,ALAJUELA,RIO SEGUNDO
HOMICIDIO,AJUSTE DE CUENTAS/VENGANZA,5/23/22,21:00:00 - 23:59:59,PERSONA,PEATON [PERSONA],Mayor de edad,MUJER,COSTA RICA,PUNTARENAS,CORREDORES,CANOAS
HOMICIDIO,AJUSTE DE CUENTAS/VENGANZA,5/30/22,21:00:00 - 23:59:59,PERSONA,PEATON [PERSONA],Mayor de edad,HOMBRE,COSTA RICA,PUNTARENAS,PUERTO JIMÉNEZ,PUERTO JIMÉNEZ
HOMICIDIO,AJUSTE DE CUENTAS/VENGANZA,6/3/22,12:00:00 - 14:59:59,PERSONA,OTRO O INDETERMINADO [PERSONA],Mayor de edad,HOMBRE,COSTA RICA,ALAJUELA,ALAJUELA,SABANILLA
HOMICIDIO,AJUSTE DE CUENTAS/VENGANZA,6/19/22,21:00:00 - 23:59:59,PERSONA,PEATON [PERSONA],Mayor de edad,HOMBRE,COSTA RICA,LIMON,LIMON,LIMON
HOMICIDIO,AJUSTE DE CUENTAS/VENGANZA,7/22/22,21:00:00 - 23:59:59,PERSONA,PEATON [PERSONA],Mayor de edad,HOMBRE,COSTA RICA,PUNTARENAS,OSA,PALMAR
HOMICIDIO,AJUSTE DE CUENTAS/VENGANZA,8/13/22,21:00:00 - 23:59:59,PERSONA,PEATON [PERSONA],Mayor de edad,HOMBRE,COSTA RICA,PUNTARENAS,PUNTARENAS,CHACARITA
HOMICIDIO,AJUSTE DE CUENTAS/VENGANZA,8/19/22,06:00:00 - 08:59:59,PERSONA,PEATON [PERSONA],Adulto Mayor,HOMBRE,Desconocido,PUNTARENAS,GARABITO,JACO
HOMICIDIO,AJUSTE DE CUENTAS/VENGANZA,8/30/22,18:00:00 - 20:59:59,PERSONA,PEATON [PERSONA],Mayor de edad,HOMBRE,COSTA RICA,LIMON,MATINA,MATINA
HOMICIDIO,AJUSTE DE CUENTAS/VENGANZA,9/21/22,21:00:00 - 23:59:59,PERSONA,CLIENTE LOCAL COMERCIAL [PERSONA],Mayor de edad,HOMBRE,COSTA RICA,GUANACASTE,SANTA CRUZ,TAMARINDO
HOMICIDIO,AJUSTE DE CUENTAS/VENGANZA,9/14/22,18:00:00 - 20:59:59,PERSONA,OTRO O INDETERMINADO [PERSONA],Desconocido,DESCONOCIDO,Desconocido,ALAJUELA,POAS,CARRILLOS
HOMICIDIO,AJUSTE DE CUENTAS/VENGANZA,9/21/22,09:00:00 - 11:59:59,PERSONA,PEATON [PERSONA],Desconocido,HOMBRE,COSTA RICA,PUNTARENAS,PUNTARENAS,BARRANCA
HOMICIDIO,AJUSTE DE CUENTAS/VENGANZA,10/1/22,00:00:00 - 02:59:59,PERSONA,OTRO O INDETERMINADO [PERSONA],Mayor de edad,HOMBRE,COSTA RICA,LIMON,POCOCI,RITA
HOMICIDIO,AJUSTE DE CUENTAS/VENGANZA,5/17/22,00:00:00 - 02:59:59,PERSONA,PEATON [PERSONA],Mayor de edad,HOMBRE,COSTA RICA,ALAJUELA,SAN RAMON,PENAS BLANCAS
HOMICIDIO,AJUSTE DE CUENTAS/VENGANZA,5/31/22,15:00:00 - 17:59:59,PERSONA,OTRO O INDETERMINADO [PERSONA],Mayor de edad,HOMBRE,COSTA RICA,LIMON,POCOCI,JIMENEZ
HOMICIDIO,AJUSTE DE CUENTAS/VENGANZA,6/3/22,21:00:00 - 23:59:59,PERSONA,CLIENTE LOCAL COMERCIAL [PERSONA],Mayor de edad,HOMBRE,COSTA RICA,LIMON,POCOCI,GUAPILES
HOMICIDIO,AJUSTE DE CUENTAS/VENGANZA,6/21/22,06:00:00 - 08:59:59,PERSONA,OTRO O INDETERMINADO [PERSONA],Desconocido,HOMBRE,COSTA RICA,GUANACASTE,BAGACES,BAGACES
HOMICIDIO,AJUSTE DE CUENTAS/VENGANZA,6/21/22,06:00:00 - 08:59:59,PERSONA,OTRO O INDETERMINADO [PERSONA],Desconocido,HOMBRE,COSTA RICA,GUANACASTE,BAGACES,BAGACES
HOMICIDIO,AJUSTE DE CUENTAS/VENGANZA,7/22/22,12:00:00 - 14:59:59,PERSONA,PEATON [PERSONA],Mayor de edad,HOMBRE,COSTA RICA,PUNTARENAS,PARRITA,PARRITA
HOMICIDIO,AJUSTE DE CUENTAS/VENGANZA,7/30/22,00:00:00 - 02:59:59,PERSONA,PEATON [PERSONA],Mayor de edad,MUJER,Desconocido,GUANACASTE,LIBERIA,LIBERIA
HOMICIDIO,AJUSTE DE CUENTAS/VENGANZA,8/8/22,21:00:00 - 23:59:59,PERSONA,PEATON [PERSONA],Mayor de edad,MUJER,COSTA RICA,PUNTARENAS,PUNTARENAS,CHACARITA
HOMICIDIO,AJUSTE DE CUENTAS/VENGANZA,8/10/22,18:00:00 - 20:59:59,PERSONA,PEATON [PERSONA],Mayor de edad,DESCONOCIDO,COSTA RICA,PUNTARENAS,MONTES DE ORO,SAN ISIDRO
HOMICIDIO,AJUSTE DE CUENTAS/VENGANZA,9/1/22,18:00:00 - 20:59:59,PERSONA,PEATON [PERSONA],Mayor de edad,HOMBRE,COSTA RICA,LIMON,POCOCI,RITA
HOMICIDIO,AJUSTE DE CUENTAS/VENGANZA,9/14/22,06:00:00 - 08:59:59,PERSONA,PEATON [PERSONA],Mayor de edad,HOMBRE,COSTA RICA,CARTAGO,LA UNION,SAN DIEGO
HOMICIDIO,AJUSTE DE CUENTAS/VENGANZA,9/12/22,21:00:00 - 23:59:59,PERSONA,PEATON [PERSONA],Mayor de edad,HOMBRE,COSTA RICA,SAN JOSE,SAN JOSE,CATEDRAL
HOMICIDIO,AJUSTE DE CUENTAS/VENGANZA,9/14/22,15:00:00 - 17:59:59,PERSONA,OTRO O INDETERMINADO [PERSONA],Mayor de edad,HOMBRE,COSTA RICA,PUNTARENAS,PARRITA,PARRITA
HOMICIDIO,AJUSTE DE CUENTAS/VENGANZA,10/12/22,00:00:00 - 02:59:59,PERSONA,PEATON [PERSONA],Mayor de edad,HOMBRE,COSTA RICA,SAN JOSE,GOICOECHEA,PURRAL
HOMICIDIO,AJUSTE DE CUENTAS/VENGANZA,10/14/22,09:00:00 - 11:59:59,PERSONA,OTRO O INDETERMINADO [PERSONA],Mayor de edad,HOMBRE,COSTA RICA,LIMON,LIMON,LIMON
HOMICIDIO,AJUSTE DE CUENTAS/VENGANZA,10/26/22,06:00:00 - 08:59:59,PERSONA,OTRO O INDETERMINADO [PERSONA],Adulto Mayor,MUJER,COSTA RICA,SAN JOSE,GOICOECHEA,MATA PLATANO
HOMICIDIO,AJUSTE DE CUENTAS/VENGANZA,10/29/22,21:00:00 - 23:59:59,PERSONA,PEATON [PERSONA],Mayor de edad,HOMBRE,COSTA RICA,SAN JOSE,ASERRI,ASERRI
HOMICIDIO,AJUSTE DE CUENTAS/VENGANZA,11/20/22,18:00:00 - 20:59:59,PERSONA,PEATON [PERSONA],Mayor de edad,HOMBRE,COSTA RICA,LIMON,MATINA,BATAN
HOMICIDIO,AJUSTE DE CUENTAS/VENGANZA,11/26/22,03:00:00 - 05:59:59,PERSONA,OTRO O INDETERMINADO [PERSONA],Mayor de edad,DESCONOCIDO,COSTA RICA,SAN JOSE,SAN JOSE,HATILLO
HOMICIDIO,AJUSTE DE CUENTAS/VENGANZA,12/17/22,03:00:00 - 05:59:59,PERSONA,PEATON [PERSONA],Desconocido,HOMBRE,Desconocido,CARTAGO,LA UNION,RIO AZUL
HOMICIDIO,AJUSTE DE CUENTAS/VENGANZA,12/17/22,21:00:00 - 23:59:59,PERSONA,PEATON [PERSONA],Mayor de edad,HOMBRE,COSTA RICA,GUANACASTE,CARRILLO,BELEN
HOMICIDIO,AJUSTE DE CUENTAS/VENGANZA,12/17/22,15:00:00 - 17:59:59,PERSONA,OTRO O INDETERMINADO [PERSONA],Adulto Mayor,DESCONOCIDO,Desconocido,SAN JOSE,DESAMPARADOS,DAMAS
HOMICIDIO,AJUSTE DE CUENTAS/VENGANZA,12/18/22,18:00:00 - 20:59:59,PERSONA,PEATON [PERSONA],Mayor de edad,HOMBRE,COSTA RICA,GUANACASTE,NICOYA,MANSION
HOMICIDIO,AJUSTE DE CUENTAS/VENGANZA,10/21/22,06:00:00 - 08:59:59,PERSONA,OTRO O INDETERMINADO [PERSONA],Mayor de edad,DESCONOCIDO,Desconocido,LIMON,SIQUIRRES,SIQUIRRES
HOMICIDIO,AJUSTE DE CUENTAS/VENGANZA,10/22/22,12:00:00 - 14:59:59,PERSONA,PEATON [PERSONA],Mayor de edad,DESCONOCIDO,COSTA RICA,PUNTARENAS,PUNTARENAS,CHACARITA
HOMICIDIO,AJUSTE DE CUENTAS/VENGANZA,10/26/22,18:00:00 - 20:59:59,PERSONA,OTRO O INDETERMINADO [PERSONA],Mayor de edad,HOMBRE,COSTA RICA,LIMON,SIQUIRRES,CAIRO
HOMICIDIO,AJUSTE DE CUENTAS/VENGANZA,10/20/22,15:00:00 - 17:59:59,PERSONA,OTRO O INDETERMINADO [PERSONA],Mayor de edad,HOMBRE,COSTA RICA,HEREDIA,SANTO DOMINGO,SAN MIGUEL
HOMICIDIO,AJUSTE DE CUENTAS/VENGANZA,11/8/22,21:00:00 - 23:59:59,PERSONA,OTRO O INDETERMINADO [PERSONA],Mayor de edad,HOMBRE,COSTA RICA,HEREDIA,SARAPIQUI,PUERTO VIEJO
HOMICIDIO,AJUSTE DE CUENTAS/VENGANZA,11/27/22,21:00:00 - 23:59:59,PERSONA,OTRO O INDETERMINADO [PERSONA],Mayor de edad,HOMBRE,COSTA RICA,GUANACASTE,BAGACES,RIO NARANJO
HOMICIDIO,AJUSTE DE CUENTAS/VENGANZA,11/28/22,21:00:00 - 23:59:59,PERSONA,PEATON [PERSONA],Mayor de edad,HOMBRE,NICARAGUA,ALAJUELA,SAN CARLOS,POCOSOL
HOMICIDIO,AJUSTE DE CUENTAS/VENGANZA,11/25/22,09:00:00 - 11:59:59,PERSONA,OTRO O INDETERMINADO [PERSONA],Mayor de edad,HOMBRE,COSTA RICA,SAN JOSE,ALAJUELITA,SAN FELIPE
HOMICIDIO,AJUSTE DE CUENTAS/VENGANZA,11/30/22,21:00:00 - 23:59:59,PERSONA,PEATON [PERSONA],Mayor de edad,HOMBRE,COSTA RICA,GUANACASTE,SANTA CRUZ,SANTA CRUZ
HOMICIDIO,AJUSTE DE CUENTAS/VENGANZA,12/12/22,18:00:00 - 20:59:59,PERSONA,OTRO O INDETERMINADO [PERSONA],Mayor de edad,HOMBRE,COSTA RICA,LIMON,LIMON,LIMON
HOMICIDIO,AJUSTE DE CUENTAS/VENGANZA,12/22/22,00:00:00 - 02:59:59,PERSONA,OTRO O INDETERMINADO [PERSONA],Mayor de edad,HOMBRE,COSTA RICA,LIMON,GUACIMO,DUACARI
HOMICIDIO,AJUSTE DE CUENTAS/VENGANZA,12/28/22,06:00:00 - 08:59:59,PERSONA,OTRO O INDETERMINADO [PERSONA],Mayor de edad,HOMBRE,PANAMA,PUNTARENAS,COTO BRUS,SABALITO
HOMICIDIO,AJUSTE DE CUENTAS/VENGANZA,3/23/22,18:00:00 - 20:59:59,PERSONA,PEATON [PERSONA],Mayor de edad,HOMBRE,COSTA RICA,CARTAGO,LA UNION,CONCEPCION
HOMICIDIO,AJUSTE DE CUENTAS/VENGANZA,1/15/23,09:00:00 - 11:59:59,PERSONA,OTRO O INDETERMINADO [PERSONA],Mayor de edad,HOMBRE,COSTA RICA,SAN JOSE,MORA,COLON
HOMICIDIO,AJUSTE DE CUENTAS/VENGANZA,1/13/23,21:00:00 - 23:59:59,PERSONA,PEATON [PERSONA],Mayor de edad,HOMBRE,COSTA RICA,SAN JOSE,SAN JOSE,PAVAS
HOMICIDIO,AJUSTE DE CUENTAS/VENGANZA,1/17/23,00:00:00 - 02:59:59,PERSONA,PEATON [PERSONA],Mayor de edad,HOMBRE,COSTA RICA,PUNTARENAS,GOLFITO,GOLFITO
HOMICIDIO,AJUSTE DE CUENTAS/VENGANZA,1/18/23,15:00:00 - 17:59:59,PERSONA,PEATON [PERSONA],Menor de edad,HOMBRE,COSTA RICA,SAN JOSE,TIBAS,COLIMA
HOMICIDIO,AJUSTE DE CUENTAS/VENGANZA,1/22/23,15:00:00 - 17:59:59,PERSONA,OTRO O INDETERMINADO [PERSONA],Mayor de edad,HOMBRE,COSTA RICA,SAN JOSE,ALAJUELITA,ALAJUELITA
HOMICIDIO,AJUSTE DE CUENTAS/VENGANZA,2/5/23,00:00:00 - 02:59:59,PERSONA,MENOR DE EDAD [PERSONA],Menor de edad,DESCONOCIDO,COSTA RICA,PUNTARENAS,PUNTARENAS,CHACARITA
HOMICIDIO,AJUSTE DE CUENTAS/VENGANZA,2/7/23,21:00:00 - 23:59:59,PERSONA,GUARDA [PERSONA],Desconocido,HOMBRE,Desconocido,PUNTARENAS,QUEPOS,QUEPOS
HOMICIDIO,AJUSTE DE CUENTAS/VENGANZA,2/15/23,15:00:00 - 17:59:59,PERSONA,PEATON [PERSONA],Mayor de edad,HOMBRE,NICARAGUA,ALAJUELA,ALAJUELA,SAN RAFAEL
HOMICIDIO,AJUSTE DE CUENTAS/VENGANZA,2/28/23,12:00:00 - 14:59:59,PERSONA,PEATON [PERSONA],Mayor de edad,HOMBRE,COSTA RICA,PUNTARENAS,PUNTARENAS,EL ROBLE
HOMICIDIO,AJUSTE DE CUENTAS/VENGANZA,3/7/23,06:00:00 - 08:59:59,PERSONA,PASAJERO DE TRANSPORTE PUBLICO [PERSONA],Mayor de edad,HOMBRE,COSTA RICA,PUNTARENAS,PUNTARENAS,EL ROBLE
HOMICIDIO,AJUSTE DE CUENTAS/VENGANZA,1/21/23,15:00:00 - 17:59:59,PERSONA,PEATON [PERSONA],Mayor de edad,HOMBRE,COSTA RICA,CARTAGO,PARAISO,OROSI
HOMICIDIO,AJUSTE DE CUENTAS/VENGANZA,2/10/23,03:00:00 - 05:59:59,PERSONA,PEATON [PERSONA],Mayor de edad,DESCONOCIDO,COSTA RICA,LIMON,LIMON,LIMON
HOMICIDIO,AJUSTE DE CUENTAS/VENGANZA,2/11/23,12:00:00 - 14:59:59,PERSONA,PEATON [PERSONA],Desconocido,DESCONOCIDO,NICARAGUA,ALAJUELA,SAN CARLOS,POCOSOL
HOMICIDIO,AJUSTE DE CUENTAS/VENGANZA,2/15/23,18:00:00 - 20:59:59,PERSONA,OTRO O INDETERMINADO [PERSONA],Mayor de edad,HOMBRE,COSTA RICA,SAN JOSE,DESAMPARADOS,SAN JUAN DE DIOS
HOMICIDIO,AJUSTE DE CUENTAS/VENGANZA,2/25/23,18:00:00 - 20:59:59,PERSONA,OTRO O INDETERMINADO [PERSONA],Mayor de edad,HOMBRE,COSTA RICA,LIMON,GUACIMO,RIO JIMENEZ
HOMICIDIO,AJUSTE DE CUENTAS/VENGANZA,3/7/23,18:00:00 - 20:59:59,PERSONA,OTRO O INDETERMINADO [PERSONA],Mayor de edad,HOMBRE,COSTA RICA,SAN JOSE,SAN JOSE,MERCED
HOMICIDIO,AJUSTE DE CUENTAS/VENGANZA,3/15/23,15:00:00 - 17:59:59,PERSONA,PEATON [PERSONA],Mayor de edad,HOMBRE,COSTA RICA,PUNTARENAS,PUNTARENAS,CHACARITA
HOMICIDIO,AJUSTE DE CUENTAS/VENGANZA,3/28/23,21:00:00 - 23:59:59,PERSONA,OTRO O INDETERMINADO [PERSONA],Desconocido,MUJER,COSTA RICA,SAN JOSE,GOICOECHEA,PURRAL
HOMICIDIO,AJUSTE DE CUENTAS/VENGANZA,4/3/23,21:00:00 - 23:59:59,PERSONA,OTRO O INDETERMINADO [PERSONA],Mayor de edad,HOMBRE,COSTA RICA,SAN JOSE,GOICOECHEA,PURRAL
HOMICIDIO,AJUSTE DE CUENTAS/VENGANZA,4/22/23,21:00:00 - 23:59:59,PERSONA,PEATON [PERSONA],Mayor de edad,HOMBRE,COSTA RICA,CARTAGO,OREAMUNO,SAN RAFAEL
HOMICIDIO,AJUSTE DE CUENTAS/VENGANZA,5/14/23,03:00:00 - 05:59:59,PERSONA,OTRO O INDETERMINADO [PERSONA],Mayor de edad,HOMBRE,COSTA RICA,SAN JOSE,ALAJUELITA,SAN FELIPE
HOMICIDIO,AJUSTE DE CUENTAS/VENGANZA,5/14/23,21:00:00 - 23:59:59,PERSONA,PEATON [PERSONA],Mayor de edad,MUJER,COSTA RICA,CARTAGO,CARTAGO,SAN NICOLAS
HOMICIDIO,AJUSTE DE CUENTAS/VENGANZA,5/18/23,18:00:00 - 20:59:59,PERSONA,PEATON [PERSONA],Mayor de edad,HOMBRE,COSTA RICA,LIMON,MATINA,BATAN
HOMICIDIO,AJUSTE DE CUENTAS/VENGANZA,5/23/23,21:00:00 - 23:59:59,PERSONA,OTRO O INDETERMINADO [PERSONA],Mayor de edad,HOMBRE,COLOMBIA,SAN JOSE,DESAMPARADOS,SAN MIGUEL
HOMICIDIO,AJUSTE DE CUENTAS/VENGANZA,5/25/23,06:00:00 - 08:59:59,PERSONA,OTRO O INDETERMINADO [PERSONA],Mayor de edad,HOMBRE,COSTA RICA,GUANACASTE,TILARAN,TRONADORA
HOMICIDIO,AJUSTE DE CUENTAS/VENGANZA,5/27/23,18:00:00 - 20:59:59,PERSONA,MENOR DE EDAD [PERSONA],Menor de edad,HOMBRE,COSTA RICA,LIMON,LIMON,LIMON
HOMICIDIO,AJUSTE DE CUENTAS/VENGANZA,5/27/23,21:00:00 - 23:59:59,PERSONA,PEATON [PERSONA],Mayor de edad,HOMBRE,COSTA RICA,PUNTARENAS,CORREDORES,CANOAS
HOMICIDIO,AJUSTE DE CUENTAS/VENGANZA,5/31/23,21:00:00 - 23:59:59,PERSONA,PEATON [PERSONA],Mayor de edad,HOMBRE,COSTA RICA,HEREDIA,SARAPIQUI,LA VIRGEN
HOMICIDIO,AJUSTE DE CUENTAS/VENGANZA,6/10/23,21:00:00 - 23:59:59,PERSONA,OTRO O INDETERMINADO [PERSONA],Mayor de edad,HOMBRE,COSTA RICA,LIMON,SIQUIRRES,FLORIDA
HOMICIDIO,AJUSTE DE CUENTAS/VENGANZA,6/11/23,21:00:00 - 23:59:59,PERSONA,OTRO O INDETERMINADO [PERSONA],Mayor de edad,DESCONOCIDO,Desconocido,LIMON,POCOCI,LA COLONIA
HOMICIDIO,AJUSTE DE CUENTAS/VENGANZA,6/15/23,21:00:00 - 23:59:59,PERSONA,OTRO O INDETERMINADO [PERSONA],Mayor de edad,HOMBRE,COSTA RICA,SAN JOSE,DESAMPARADOS,GRAVILIAS
HOMICIDIO,AJUSTE DE CUENTAS/VENGANZA,6/20/23,18:00:00 - 20:59:59,PERSONA,OTRO O INDETERMINADO [PERSONA],Mayor de edad,HOMBRE,COSTA RICA,LIMON,LIMON,LIMON
HOMICIDIO,AJUSTE DE CUENTAS/VENGANZA,6/22/23,21:00:00 - 23:59:59,PERSONA,OTRO O INDETERMINADO [PERSONA],Mayor de edad,HOMBRE,COSTA RICA,CARTAGO,PARAISO,LLANOS DE SANTA LUCIA
HOMICIDIO,AJUSTE DE CUENTAS/VENGANZA,8/12/21,12:00:00 - 14:59:59,PERSONA,PEATON [PERSONA],Mayor de edad,HOMBRE,COSTA RICA,LIMON,LIMON,LIMON
HOMICIDIO,AJUSTE DE CUENTAS/VENGANZA,8/18/21,18:00:00 - 20:59:59,PERSONA,OTRO O INDETERMINADO [PERSONA],Mayor de edad,HOMBRE,COSTA RICA,HEREDIA,SANTO DOMINGO,SANTA ROSA
HOMICIDIO,AJUSTE DE CUENTAS/VENGANZA,8/11/21,06:00:00 - 08:59:59,PERSONA,PEATON [PERSONA],Mayor de edad,HOMBRE,COSTA RICA,LIMON,LIMON,MATAMA
HOMICIDIO,AJUSTE DE CUENTAS/VENGANZA,8/13/21,18:00:00 - 20:59:59,PERSONA,OTRO O INDETERMINADO [PERSONA],Mayor de edad,HOMBRE,COSTA RICA,SAN JOSE,VASQUEZ DE CORONADO,SAN ISIDRO
HOMICIDIO,AJUSTE DE CUENTAS/VENGANZA,10/21/21,09:00:00 - 11:59:59,PERSONA,OTRO O INDETERMINADO [PERSONA],Mayor de edad,HOMBRE,COSTA RICA,HEREDIA,SARAPIQUI,PUERTO VIEJO
HOMICIDIO,AJUSTE DE CUENTAS/VENGANZA,10/28/21,18:00:00 - 20:59:59,PERSONA,PEATON [PERSONA],Mayor de edad,HOMBRE,COSTA RICA,PUNTARENAS,CORREDORES,CANOAS
HOMICIDIO,AJUSTE DE CUENTAS/VENGANZA,11/1/21,21:00:00 - 23:59:59,PERSONA,PEATON [PERSONA],Menor de edad,MUJER,COSTA RICA,PUNTARENAS,BUENOS AIRES,BUENOS AIRES
HOMICIDIO,AJUSTE DE CUENTAS/VENGANZA,11/4/21,00:00:00 - 02:59:59,PERSONA,OTRO O INDETERMINADO [PERSONA],Mayor de edad,HOMBRE,COSTA RICA,LIMON,POCOCI,GUAPILES
HOMICIDIO,AJUSTE DE CUENTAS/VENGANZA,11/9/21,06:00:00 - 08:59:59,PERSONA,OTRO O INDETERMINADO [PERSONA],Desconocido,HOMBRE,COSTA RICA,LIMON,SIQUIRRES,PACUARITO
HOMICIDIO,AJUSTE DE CUENTAS/VENGANZA,11/21/21,21:00:00 - 23:59:59,PERSONA,PEATON [PERSONA],Mayor de edad,HOMBRE,NICARAGUA,ALAJUELA,ALAJUELA,SAN ISIDRO
HOMICIDIO,AJUSTE DE CUENTAS/VENGANZA,11/19/21,06:00:00 - 08:59:59,PERSONA,OTRO O INDETERMINADO [PERSONA],Mayor de edad,HOMBRE,COSTA RICA,LIMON,POCOCI,LA COLONIA
HOMICIDIO,AJUSTE DE CUENTAS/VENGANZA,11/24/21,18:00:00 - 20:59:59,PERSONA,OTRO O INDETERMINADO [PERSONA],Mayor de edad,DESCONOCIDO,COSTA RICA,LIMON,GUACIMO,RIO JIMENEZ
HOMICIDIO,AJUSTE DE CUENTAS/VENGANZA,12/9/21,09:00:00 - 11:59:59,PERSONA,OTRO O INDETERMINADO [PERSONA],Mayor de edad,DESCONOCIDO,COSTA RICA,PUNTARENAS,PARRITA,PARRITA
HOMICIDIO,AJUSTE DE CUENTAS/VENGANZA,12/11/21,03:00:00 - 05:59:59,PERSONA,OTRO O INDETERMINADO [PERSONA],Mayor de edad,HOMBRE,COSTA RICA,SAN JOSE,SAN JOSE,URUCA
HOMICIDIO,AJUSTE DE CUENTAS/VENGANZA,1/1/22,18:00:00 - 20:59:59,PERSONA,OTRO O INDETERMINADO [PERSONA],Mayor de edad,HOMBRE,COSTA RICA,LIMON,POCOCI,CARIARI
HOMICIDIO,AJUSTE DE CUENTAS/VENGANZA,1/7/22,21:00:00 - 23:59:59,PERSONA,PEATON [PERSONA],Mayor de edad,HOMBRE,COSTA RICA,PUNTARENAS,OSA,PALMAR
HOMICIDIO,AJUSTE DE CUENTAS/VENGANZA,1/22/22,18:00:00 - 20:59:59,PERSONA,OTRO O INDETERMINADO [PERSONA],Mayor de edad,HOMBRE,COSTA RICA,PUNTARENAS,PUNTARENAS,CHACARITA
HOMICIDIO,AJUSTE DE CUENTAS/VENGANZA,2/17/22,18:00:00 - 20:59:59,PERSONA,PEATON [PERSONA],Mayor de edad,HOMBRE,COSTA RICA,LIMON,MATINA,BATAN
HOMICIDIO,AJUSTE DE CUENTAS/VENGANZA,2/21/22,09:00:00 - 11:59:59,PERSONA,PEATON [PERSONA],Mayor de edad,HOMBRE,PANAMA,PUNTARENAS,CORREDORES,CANOAS
HOMICIDIO,AJUSTE DE CUENTAS/VENGANZA,2/21/22,18:00:00 - 20:59:59,PERSONA,PEATON [PERSONA],Mayor de edad,HOMBRE,NICARAGUA,GUANACASTE,SANTA CRUZ,TEMPATE
HOMICIDIO,AJUSTE DE CUENTAS/VENGANZA,2/23/22,03:00:00 - 05:59:59,PERSONA,PEATON [PERSONA],Mayor de edad,HOMBRE,PANAMA,PUNTARENAS,CORREDORES,LA CUESTA
HOMICIDIO,AJUSTE DE CUENTAS/VENGANZA,2/25/22,18:00:00 - 20:59:59,PERSONA,PEATON [PERSONA],Mayor de edad,HOMBRE,NICARAGUA,LIMON,LIMON,VALLE LA ESTRELLA
HOMICIDIO,AJUSTE DE CUENTAS/VENGANZA,3/5/22,21:00:00 - 23:59:59,PERSONA,OTRO O INDETERMINADO [PERSONA],Mayor de edad,HOMBRE,COSTA RICA,CARTAGO,OREAMUNO,COT
HOMICIDIO,AJUSTE DE CUENTAS/VENGANZA,10/2/22,00:00:00 - 02:59:59,PERSONA,PEATON [PERSONA],Mayor de edad,HOMBRE,COSTA RICA,SAN JOSE,SAN JOSE,URUCA
HOMICIDIO,AJUSTE DE CUENTAS/VENGANZA,10/3/22,21:00:00 - 23:59:59,PERSONA,PEATON [PERSONA],Desconocido,HOMBRE,NICARAGUA,PUNTARENAS,PUNTARENAS,COBANO
HOMICIDIO,AJUSTE DE CUENTAS/VENGANZA,10/13/22,12:00:00 - 14:59:59,PERSONA,PEATON [PERSONA],Mayor de edad,HOMBRE,COSTA RICA,SAN JOSE,GOICOECHEA,PURRAL
HOMICIDIO,AJUSTE DE CUENTAS/VENGANZA,10/22/22,09:00:00 - 11:59:59,PERSONA,OTRO O INDETERMINADO [PERSONA],Mayor de edad,HOMBRE,COSTA RICA,LIMON,LIMON,LIMON
HOMICIDIO,AJUSTE DE CUENTAS/VENGANZA,10/29/22,21:00:00 - 23:59:59,PERSONA,OTRO O INDETERMINADO [PERSONA],Mayor de edad,DESCONOCIDO,Desconocido,SAN JOSE,SAN JOSE,PAVAS
HOMICIDIO,AJUSTE DE CUENTAS/VENGANZA,11/4/22,21:00:00 - 23:59:59,PERSONA,PEATON [PERSONA],Mayor de edad,DESCONOCIDO,Desconocido,CARTAGO,LA UNION,SAN DIEGO
HOMICIDIO,AJUSTE DE CUENTAS/VENGANZA,11/8/22,21:00:00 - 23:59:59,PERSONA,OTRO O INDETERMINADO [PERSONA],Mayor de edad,HOMBRE,COSTA RICA,HEREDIA,SARAPIQUI,PUERTO VIEJO
HOMICIDIO,AJUSTE DE CUENTAS/VENGANZA,11/16/22,18:00:00 - 20:59:59,PERSONA,OTRO O INDETERMINADO [PERSONA],Mayor de edad,DESCONOCIDO,COSTA RICA,LIMON,GUACIMO,GUACIMO
HOMICIDIO,AJUSTE DE CUENTAS/VENGANZA,11/20/22,15:00:00 - 17:59:59,PERSONA,PEATON [PERSONA],Mayor de edad,MUJER,COSTA RICA,ALAJUELA,SAN CARLOS,QUESADA
HOMICIDIO,AJUSTE DE CUENTAS/VENGANZA,11/22/22,21:00:00 - 23:59:59,PERSONA,PEATON [PERSONA],Mayor de edad,HOMBRE,COSTA RICA,HEREDIA,BARVA,SAN PABLO
HOMICIDIO,AJUSTE DE CUENTAS/VENGANZA,12/1/22,09:00:00 - 11:59:59,PERSONA,PEATON [PERSONA],Desconocido,HOMBRE,NICARAGUA,GUANACASTE,SANTA CRUZ,TAMARINDO
HOMICIDIO,AJUSTE DE CUENTAS/VENGANZA,12/29/22,15:00:00 - 17:59:59,PERSONA,PEATON [PERSONA],Mayor de edad,DESCONOCIDO,COSTA RICA,PUNTARENAS,PUNTARENAS,CHACARITA
HOMICIDIO,AJUSTE DE CUENTAS/VENGANZA,12/31/22,00:00:00 - 02:59:59,PERSONA,PEATON [PERSONA],Mayor de edad,HOMBRE,COSTA RICA,HEREDIA,SARAPIQUI,PUERTO VIEJO
HOMICIDIO,AJUSTE DE CUENTAS/VENGANZA,1/1/23,18:00:00 - 20:59:59,PERSONA,PEATON [PERSONA],Mayor de edad,HOMBRE,Desconocido,PUNTARENAS,GARABITO,LAGUNILLAS
HOMICIDIO,AJUSTE DE CUENTAS/VENGANZA,1/4/23,03:00:00 - 05:59:59,PERSONA,PEATON [PERSONA],Mayor de edad,HOMBRE,COSTA RICA,CARTAGO,TURRIALBA,TRES EQUIS
HOMICIDIO,AJUSTE DE CUENTAS/VENGANZA,1/11/23,21:00:00 - 23:59:59,PERSONA,CLIENTE LOCAL COMERCIAL [PERSONA],Mayor de edad,MUJER,NICARAGUA,ALAJUELA,LOS CHILES,LOS CHILES
HOMICIDIO,AJUSTE DE CUENTAS/VENGANZA,1/19/23,18:00:00 - 20:59:59,PERSONA,OTRO O INDETERMINADO [PERSONA],Mayor de edad,HOMBRE,COSTA RICA,LIMON,GUACIMO,RIO JIMENEZ
HOMICIDIO,AJUSTE DE CUENTAS/VENGANZA,1/25/23,21:00:00 - 23:59:59,PERSONA,PEATON [PERSONA],Mayor de edad,HOMBRE,COSTA RICA,GUANACASTE,SANTA CRUZ,TAMARINDO
HOMICIDIO,AJUSTE DE CUENTAS/VENGANZA,2/3/23,06:00:00 - 08:59:59,PERSONA,PEATON [PERSONA],Mayor de edad,HOMBRE,COSTA RICA,GUANACASTE,SANTA CRUZ,TAMARINDO
HOMICIDIO,AJUSTE DE CUENTAS/VENGANZA,2/18/23,15:00:00 - 17:59:59,PERSONA,PEATON [PERSONA],Mayor de edad,HOMBRE,NICARAGUA,ALAJUELA,GRECIA,PUENTE DE PIEDRA
HOMICIDIO,AJUSTE DE CUENTAS/VENGANZA,2/20/23,12:00:00 - 14:59:59,PERSONA,OTRO O INDETERMINADO [PERSONA],Menor de edad,HOMBRE,COSTA RICA,LIMON,GUACIMO,GUACIMO
HOMICIDIO,AJUSTE DE CUENTAS/VENGANZA,2/25/23,18:00:00 - 20:59:59,PERSONA,OTRO O INDETERMINADO [PERSONA],Desconocido,HOMBRE,Desconocido,ALAJUELA,ALAJUELA,TURRUCARES
HOMICIDIO,AJUSTE DE CUENTAS/VENGANZA,3/4/23,00:00:00 - 02:59:59,PERSONA,OTRO O INDETERMINADO [PERSONA],Mayor de edad,HOMBRE,COSTA RICA,CARTAGO,LA UNION,CONCEPCION
HOMICIDIO,AJUSTE DE CUENTAS/VENGANZA,9/5/21,18:00:00 - 20:59:59,PERSONA,CLIENTE LOCAL COMERCIAL [PERSONA],Mayor de edad,HOMBRE,COSTA RICA,LIMON,GUACIMO,DUACARI
HOMICIDIO,AJUSTE DE CUENTAS/VENGANZA,9/22/21,21:00:00 - 23:59:59,PERSONA,PEATON [PERSONA],Mayor de edad,HOMBRE,NICARAGUA,GUANACASTE,LA CRUZ,LA CRUZ
HOMICIDIO,AJUSTE DE CUENTAS/VENGANZA,9/23/21,18:00:00 - 20:59:59,PERSONA,OTRO O INDETERMINADO [PERSONA],Mayor de edad,HOMBRE,COSTA RICA,SAN JOSE,MORAVIA,LA TRINIDAD
HOMICIDIO,AJUSTE DE CUENTAS/VENGANZA,9/25/21,18:00:00 - 20:59:59,PERSONA,PEATON [PERSONA],Mayor de edad,HOMBRE,COSTA RICA,LIMON,LIMON,LIMON
HOMICIDIO,AJUSTE DE CUENTAS/VENGANZA,10/4/21,00:00:00 - 02:59:59,PERSONA,OTRO O INDETERMINADO [PERSONA],Mayor de edad,HOMBRE,COSTA RICA,SAN JOSE,SAN JOSE,PAVAS
HOMICIDIO,AJUSTE DE CUENTAS/VENGANZA,10/12/21,18:00:00 - 20:59:59,PERSONA,OTRO O INDETERMINADO [PERSONA],Mayor de edad,DESCONOCIDO,COSTA RICA,SAN JOSE,DESAMPARADOS,DESAMPARADOS
HOMICIDIO,AJUSTE DE CUENTAS/VENGANZA,9/13/21,18:00:00 - 20:59:59,PERSONA,OTRO O INDETERMINADO [PERSONA],Mayor de edad,HOMBRE,COSTA RICA,SAN JOSE,GOICOECHEA,PURRAL
HOMICIDIO,AJUSTE DE CUENTAS/VENGANZA,9/17/21,12:00:00 - 14:59:59,PERSONA,OTRO O INDETERMINADO [PERSONA],Mayor de edad,HOMBRE,Desconocido,SAN JOSE,TIBAS,CINCO ESQUINAS
HOMICIDIO,AJUSTE DE CUENTAS/VENGANZA,10/20/21,00:00:00 - 02:59:59,PERSONA,OTRO O INDETERMINADO [PERSONA],Mayor de edad,HOMBRE,COSTA RICA,HEREDIA,HEREDIA,MERCEDES
HOMICIDIO,AJUSTE DE CUENTAS/VENGANZA,10/19/21,18:00:00 - 20:59:59,PERSONA,OTRO O INDETERMINADO [PERSONA],Mayor de edad,HOMBRE,COSTA RICA,SAN JOSE,VASQUEZ DE CORONADO,DULCE NOMBRE DE JESUS
HOMICIDIO,AJUSTE DE CUENTAS/VENGANZA,11/8/21,00:00:00 - 02:59:59,PERSONA,OTRO O INDETERMINADO [PERSONA],Mayor de edad,DESCONOCIDO,COSTA RICA,ALAJUELA,SAN CARLOS,POCOSOL
HOMICIDIO,AJUSTE DE CUENTAS/VENGANZA,11/17/21,09:00:00 - 11:59:59,PERSONA,OTRO O INDETERMINADO [PERSONA],Desconocido,HOMBRE,Desconocido,SAN JOSE,MORAVIA,SAN JERONIMO
HOMICIDIO,AJUSTE DE CUENTAS/VENGANZA,11/13/21,18:00:00 - 20:59:59,PERSONA,CLIENTE LOCAL COMERCIAL [PERSONA],Desconocido,HOMBRE,COSTA RICA,GUANACASTE,LA CRUZ,LA CRUZ
HOMICIDIO,AJUSTE DE CUENTAS/VENGANZA,11/24/21,00:00:00 - 02:59:59,PERSONA,PEATON [PERSONA],Mayor de edad,DESCONOCIDO,COSTA RICA,LIMON,GUACIMO,GUACIMO
HOMICIDIO,AJUSTE DE CUENTAS/VENGANZA,11/26/21,21:00:00 - 23:59:59,PERSONA,PEATON [PERSONA],Mayor de edad,HOMBRE,COSTA RICA,LIMON,LIMON,VALLE LA ESTRELLA
HOMICIDIO,AJUSTE DE CUENTAS/VENGANZA,12/13/21,21:00:00 - 23:59:59,PERSONA,OTRO O INDETERMINADO [PERSONA],Mayor de edad,DESCONOCIDO,COSTA RICA,LIMON,POCOCI,CARIARI
HOMICIDIO,AJUSTE DE CUENTAS/VENGANZA,12/27/21,00:00:00 - 02:59:59,PERSONA,INDIGENTE [PERSONA],Mayor de edad,MUJER,COSTA RICA,PUNTARENAS,GOLFITO,GUAYCARA
HOMICIDIO,AJUSTE DE CUENTAS/VENGANZA,1/6/22,15:00:00 - 17:59:59,PERSONA,OTRO O INDETERMINADO [PERSONA],Mayor de edad,HOMBRE,COSTA RICA,HEREDIA,HEREDIA,SAN FRANCISCO
HOMICIDIO,AJUSTE DE CUENTAS/VENGANZA,1/22/22,18:00:00 - 20:59:59,PERSONA,OTRO O INDETERMINADO [PERSONA],Mayor de edad,HOMBRE,COSTA RICA,PUNTARENAS,PUNTARENAS,CHACARITA
HOMICIDIO,AJUSTE DE CUENTAS/VENGANZA,1/27/22,12:00:00 - 14:59:59,PERSONA,PEATON [PERSONA],Mayor de edad,HOMBRE,COSTA RICA,CARTAGO,LA UNION,RIO AZUL
HOMICIDIO,AJUSTE DE CUENTAS/VENGANZA,1/29/22,03:00:00 - 05:59:59,PERSONA,OTRO O INDETERMINADO [PERSONA],Mayor de edad,HOMBRE,COSTA RICA,LIMON,POCOCI,GUAPILES
HOMICIDIO,AJUSTE DE CUENTAS/VENGANZA,1/29/22,00:00:00 - 02:59:59,PERSONA,OTRO O INDETERMINADO [PERSONA],Mayor de edad,HOMBRE,COSTA RICA,ALAJUELA,ALAJUELA,SAN JOSE
HOMICIDIO,AJUSTE DE CUENTAS/VENGANZA,2/2/22,18:00:00 - 20:59:59,PERSONA,PEATON [PERSONA],Mayor de edad,HOMBRE,COSTA RICA,ALAJUELA,ALAJUELA,LA GARITA
HOMICIDIO,AJUSTE DE CUENTAS/VENGANZA,5/11/23,21:00:00 - 23:59:59,PERSONA,PEATON [PERSONA],Mayor de edad,HOMBRE,COSTA RICA,HEREDIA,HEREDIA,SAN FRANCISCO
HOMICIDIO,AJUSTE DE CUENTAS/VENGANZA,5/18/23,18:00:00 - 20:59:59,PERSONA,PEATON [PERSONA],Mayor de edad,HOMBRE,COSTA RICA,LIMON,LIMON,LIMON
HOMICIDIO,AJUSTE DE CUENTAS/VENGANZA,6/2/23,21:00:00 - 23:59:59,PERSONA,OTRO O INDETERMINADO [PERSONA],Mayor de edad,HOMBRE,COSTA RICA,ALAJUELA,ALAJUELA,SAN JOSE
HOMICIDIO,AJUSTE DE CUENTAS/VENGANZA,6/7/23,03:00:00 - 05:59:59,PERSONA,DELINCUENTE (RECONOCIDO) [PERSONA],Mayor de edad,HOMBRE,COSTA RICA,SAN JOSE,PEREZ ZELEDON,CAJON
HOMICIDIO,AJUSTE DE CUENTAS/VENGANZA,6/18/23,15:00:00 - 17:59:59,PERSONA,PEATON [PERSONA],Mayor de edad,HOMBRE,COSTA RICA,LIMON,MATINA,CARRANDI
HOMICIDIO,AJUSTE DE CUENTAS/VENGANZA,6/20/23,09:00:00 - 11:59:59,PERSONA,PEATON [PERSONA],Mayor de edad,HOMBRE,COSTA RICA,SAN JOSE,ALAJUELITA,SAN FELIPE
HOMICIDIO,AJUSTE DE CUENTAS/VENGANZA,6/19/23,12:00:00 - 14:59:59,PERSONA,OTRO O INDETERMINADO [PERSONA],Mayor de edad,HOMBRE,COLOMBIA,SAN JOSE,ESCAZU,SAN RAFAEL
HOMICIDIO,AJUSTE DE CUENTAS/VENGANZA,7/16/23,21:00:00 - 23:59:59,PERSONA,PEATON [PERSONA],Mayor de edad,MUJER,COSTA RICA,ALAJUELA,ALAJUELA,LA GARITA
HOMICIDIO,AJUSTE DE CUENTAS/VENGANZA,7/18/23,00:00:00 - 02:59:59,PERSONA,DROGADICTO [PERSONA],Desconocido,MUJER,Desconocido,ALAJUELA,SAN RAMON,SAN RAFAEL
HOMICIDIO,AJUSTE DE CUENTAS/VENGANZA,7/22/23,15:00:00 - 17:59:59,PERSONA,PEATON [PERSONA],Mayor de edad,HOMBRE,COSTA RICA,GUANACASTE,NICOYA,NICOYA
HOMICIDIO,AJUSTE DE CUENTAS/VENGANZA,7/27/23,03:00:00 - 05:59:59,PERSONA,OTRO O INDETERMINADO [PERSONA],Mayor de edad,HOMBRE,COSTA RICA,LIMON,POCOCI,GUAPILES
HOMICIDIO,AJUSTE DE CUENTAS/VENGANZA,7/28/23,21:00:00 - 23:59:59,PERSONA,PEATON [PERSONA],Mayor de edad,HOMBRE,COSTA RICA,PUNTARENAS,PUNTARENAS,COBANO
HOMICIDIO,AJUSTE DE CUENTAS/VENGANZA,8/1/23,15:00:00 - 17:59:59,PERSONA,PEATON [PERSONA],Mayor de edad,HOMBRE,COSTA RICA,GUANACASTE,NICOYA,SAMARA
HOMICIDIO,AJUSTE DE CUENTAS/VENGANZA,8/2/23,21:00:00 - 23:59:59,PERSONA,TAXISTA [PERSONA],Mayor de edad,MUJER,COSTA RICA,PUNTARENAS,CORREDORES,LA CUESTA
HOMICIDIO,AJUSTE DE CUENTAS/VENGANZA,8/6/23,18:00:00 - 20:59:59,PERSONA,OTRO O INDETERMINADO [PERSONA],Mayor de edad,HOMBRE,COSTA RICA,LIMON,LIMON,LIMON
HOMICIDIO,AJUSTE DE CUENTAS/VENGANZA,8/22/23,06:00:00 - 08:59:59,PERSONA,OTRO O INDETERMINADO [PERSONA],Mayor de edad,HOMBRE,NICARAGUA,GUANACASTE,NICOYA,NICOYA
HOMICIDIO,AJUSTE DE CUENTAS/VENGANZA,8/28/23,21:00:00 - 23:59:59,PERSONA,OTRO O INDETERMINADO [PERSONA],Mayor de edad,HOMBRE,COSTA RICA,LIMON,LIMON,LIMON
HOMICIDIO,AJUSTE DE CUENTAS/VENGANZA,9/7/23,15:00:00 - 17:59:59,PERSONA,OTRO O INDETERMINADO [PERSONA],Mayor de edad,MUJER,COSTA RICA,SAN JOSE,DESAMPARADOS,DESAMPARADOS
HOMICIDIO,AJUSTE DE CUENTAS/VENGANZA,9/8/23,18:00:00 - 20:59:59,PERSONA,OTRO O INDETERMINADO [PERSONA],Mayor de edad,HOMBRE,COSTA RICA,CARTAGO,OREAMUNO,COT
HOMICIDIO,AJUSTE DE CUENTAS/VENGANZA,8/31/23,18:00:00 - 20:59:59,PERSONA,PEATON [PERSONA],Mayor de edad,HOMBRE,PANAMA,PUNTARENAS,CORREDORES,CANOAS
HOMICIDIO,AJUSTE DE CUENTAS/VENGANZA,9/21/23,21:00:00 - 23:59:59,PERSONA,PEATON [PERSONA],Mayor de edad,HOMBRE,Desconocido,CARTAGO,CARTAGO,SAN NICOLAS
HOMICIDIO,AJUSTE DE CUENTAS/VENGANZA,9/28/23,21:00:00 - 23:59:59,PERSONA,PEATON [PERSONA],Mayor de edad,DESCONOCIDO,COSTA RICA,PUNTARENAS,PARRITA,PARRITA
HOMICIDIO,AJUSTE DE CUENTAS/VENGANZA,10/21/23,09:00:00 - 11:59:59,PERSONA,OTRO O INDETERMINADO [PERSONA],Mayor de edad,HOMBRE,NICARAGUA,LIMON,LIMON,LIMON
HOMICIDIO,AJUSTE DE CUENTAS/VENGANZA,6/29/23,03:00:00 - 05:59:59,PERSONA,PEATON [PERSONA],Mayor de edad,HOMBRE,COSTA RICA,LIMON,MATINA,MATINA
HOMICIDIO,AJUSTE DE CUENTAS/VENGANZA,7/4/23,18:00:00 - 20:59:59,PERSONA,OTRO O INDETERMINADO [PERSONA],Mayor de edad,HOMBRE,COSTA RICA,LIMON,SIQUIRRES,CAIRO
HOMICIDIO,AJUSTE DE CUENTAS/VENGANZA,7/4/23,18:00:00 - 20:59:59,PERSONA,PEATON [PERSONA],Mayor de edad,HOMBRE,COSTA RICA,SAN JOSE,SAN JOSE,PAVAS
HOMICIDIO,AJUSTE DE CUENTAS/VENGANZA,7/11/23,21:00:00 - 23:59:59,PERSONA,OTRO O INDETERMINADO [PERSONA],Mayor de edad,HOMBRE,COSTA RICA,GUANACASTE,NICOYA,NOSARA
HOMICIDIO,AJUSTE DE CUENTAS/VENGANZA,7/16/23,15:00:00 - 17:59:59,PERSONA,PEATON [PERSONA],Mayor de edad,HOMBRE,COSTA RICA,SAN JOSE,SAN JOSE,PAVAS
HOMICIDIO,AJUSTE DE CUENTAS/VENGANZA,7/16/23,15:00:00 - 17:59:59,PERSONA,OTRO O INDETERMINADO [PERSONA],Mayor de edad,HOMBRE,NICARAGUA,ALAJUELA,ALAJUELA,RIO SEGUNDO
HOMICIDIO,AJUSTE DE CUENTAS/VENGANZA,7/21/23,18:00:00 - 20:59:59,PERSONA,OTRO O INDETERMINADO [PERSONA],Mayor de edad,HOMBRE,COSTA RICA,SAN JOSE,PEREZ ZELEDON,SAN ISIDRO DE EL GENERAL
HOMICIDIO,AJUSTE DE CUENTAS/VENGANZA,8/2/23,21:00:00 - 23:59:59,PERSONA,TAXISTA [PERSONA],Mayor de edad,HOMBRE,COSTA RICA,PUNTARENAS,CORREDORES,LA CUESTA
HOMICIDIO,AJUSTE DE CUENTAS/VENGANZA,8/5/23,15:00:00 - 17:59:59,PERSONA,OTRO O INDETERMINADO [PERSONA],Mayor de edad,DESCONOCIDO,Desconocido,LIMON,LIMON,LIMON
HOMICIDIO,AJUSTE DE CUENTAS/VENGANZA,8/7/23,00:00:00 - 02:59:59,PERSONA,OTRO O INDETERMINADO [PERSONA],Mayor de edad,DESCONOCIDO,COSTA RICA,SAN JOSE,VASQUEZ DE CORONADO,PATALILLO
HOMICIDIO,AJUSTE DE CUENTAS/VENGANZA,8/30/23,00:00:00 - 02:59:59,PERSONA,PEATON [PERSONA],Mayor de edad,HOMBRE,COSTA RICA,CARTAGO,PARAISO,LLANOS DE SANTA LUCIA
HOMICIDIO,AJUSTE DE CUENTAS/VENGANZA,9/5/23,15:00:00 - 17:59:59,PERSONA,OTRO O INDETERMINADO [PERSONA],Mayor de edad,HOMBRE,COSTA RICA,GUANACASTE,NICOYA,NOSARA
HOMICIDIO,AJUSTE DE CUENTAS/VENGANZA,9/10/23,00:00:00 - 02:59:59,PERSONA,OTRO O INDETERMINADO [PERSONA],Mayor de edad,HOMBRE,Desconocido,GUANACASTE,SANTA CRUZ,TEMPATE
HOMICIDIO,AJUSTE DE CUENTAS/VENGANZA,9/14/23,21:00:00 - 23:59:59,PERSONA,OTRO O INDETERMINADO [PERSONA],Mayor de edad,HOMBRE,COSTA RICA,SAN JOSE,GOICOECHEA,GUADALUPE
HOMICIDIO,AJUSTE DE CUENTAS/VENGANZA,9/17/23,00:00:00 - 02:59:59,PERSONA,OTRO O INDETERMINADO [PERSONA],Desconocido,HOMBRE,Desconocido,PUNTARENAS,PUNTARENAS,CHACARITA
HOMICIDIO,AJUSTE DE CUENTAS/VENGANZA,9/24/23,15:00:00 - 17:59:59,PERSONA,OTRO O INDETERMINADO [PERSONA],Desconocido,HOMBRE,ESTADOS UNIDOS,GUANACASTE,TILARAN,TILARAN
HOMICIDIO,AJUSTE DE CUENTAS/VENGANZA,10/10/23,15:00:00 - 17:59:59,PERSONA,MENOR DE EDAD [PERSONA],Menor de edad,HOMBRE,COSTA RICA,CARTAGO,PARAISO,LLANOS DE SANTA LUCIA
HOMICIDIO,AJUSTE DE CUENTAS/VENGANZA,10/15/23,00:00:00 - 02:59:59,PERSONA,PEATON [PERSONA],Mayor de edad,HOMBRE,COSTA RICA,GUANACASTE,NICOYA,NOSARA
HOMICIDIO,AJUSTE DE CUENTAS/VENGANZA,10/19/23,06:00:00 - 08:59:59,PERSONA,OTRO O INDETERMINADO [PERSONA],Desconocido,DESCONOCIDO,NICARAGUA,SAN JOSE,ESCAZU,SAN RAFAEL
HOMICIDIO,AJUSTE DE CUENTAS/VENGANZA,10/28/23,00:00:00 - 02:59:59,PERSONA,PEATON [PERSONA],Mayor de edad,HOMBRE,COSTA RICA,LIMON,MATINA,BATAN
HOMICIDIO,AJUSTE DE CUENTAS/VENGANZA,11/2/23,21:00:00 - 23:59:59,PERSONA,PEATON [PERSONA],Mayor de edad,HOMBRE,COSTA RICA,ALAJUELA,SAN CARLOS,TIGRA
HOMICIDIO,AJUSTE DE CUENTAS/VENGANZA,11/20/23,12:00:00 - 14:59:59,PERSONA,PEATON [PERSONA],Mayor de edad,HOMBRE,COSTA RICA,ALAJUELA,SAN RAMON,PENAS BLANCAS
HOMICIDIO,AJUSTE DE CUENTAS/VENGANZA,11/8/23,00:00:00 - 02:59:59,PERSONA,PEATON [PERSONA],Mayor de edad,HOMBRE,NICARAGUA,GUANACASTE,SANTA CRUZ,TAMARINDO
HOMICIDIO,AJUSTE DE CUENTAS/VENGANZA,3/6/23,21:00:00 - 23:59:59,PERSONA,OTRO O INDETERMINADO [PERSONA],Mayor de edad,HOMBRE,COSTA RICA,LIMON,SIQUIRRES,SIQUIRRES
HOMICIDIO,AJUSTE DE CUENTAS/VENGANZA,3/9/23,06:00:00 - 08:59:59,PERSONA,PEATON [PERSONA],Mayor de edad,HOMBRE,NICARAGUA,LIMON,LIMON,LIMON
HOMICIDIO,AJUSTE DE CUENTAS/VENGANZA,3/18/23,18:00:00 - 20:59:59,PERSONA,PEATON [PERSONA],Mayor de edad,HOMBRE,NICARAGUA,SAN JOSE,SAN JOSE,HOSPITAL
HOMICIDIO,AJUSTE DE CUENTAS/VENGANZA,3/17/23,00:00:00 - 02:59:59,PERSONA,PEATON [PERSONA],Mayor de edad,HOMBRE,COSTA RICA,PUNTARENAS,PUNTARENAS,BARRANCA
HOMICIDIO,AJUSTE DE CUENTAS/VENGANZA,3/20/23,00:00:00 - 02:59:59,PERSONA,OTRO O INDETERMINADO [PERSONA],Mayor de edad,HOMBRE,COSTA RICA,SAN JOSE,SAN JOSE,URUCA
HOMICIDIO,AJUSTE DE CUENTAS/VENGANZA,3/20/23,21:00:00 - 23:59:59,PERSONA,OTRO O INDETERMINADO [PERSONA],Mayor de edad,HOMBRE,COSTA RICA,LIMON,POCOCI,CARIARI
HOMICIDIO,AJUSTE DE CUENTAS/VENGANZA,3/24/23,00:00:00 - 02:59:59,PERSONA,OTRO O INDETERMINADO [PERSONA],Menor de edad,HOMBRE,COSTA RICA,CARTAGO,PARAISO,OROSI
HOMICIDIO,AJUSTE DE CUENTAS/VENGANZA,3/24/23,12:00:00 - 14:59:59,PERSONA,PEATON [PERSONA],Mayor de edad,HOMBRE,COSTA RICA,LIMON,LIMON,LIMON
HOMICIDIO,AJUSTE DE CUENTAS/VENGANZA,3/31/23,15:00:00 - 17:59:59,PERSONA,PEATON [PERSONA],Mayor de edad,HOMBRE,COSTA RICA,LIMON,LIMON,LIMON
HOMICIDIO,AJUSTE DE CUENTAS/VENGANZA,4/2/23,18:00:00 - 20:59:59,PERSONA,OTRO O INDETERMINADO [PERSONA],Mayor de edad,HOMBRE,COSTA RICA,LIMON,MATINA,MATINA
HOMICIDIO,AJUSTE DE CUENTAS/VENGANZA,4/4/23,12:00:00 - 14:59:59,PERSONA,TAXISTA [PERSONA],Mayor de edad,HOMBRE,COSTA RICA,GUANACASTE,LIBERIA,LIBERIA
HOMICIDIO,AJUSTE DE CUENTAS/VENGANZA,4/13/23,06:00:00 - 08:59:59,PERSONA,OTRO O INDETERMINADO [PERSONA],Mayor de edad,HOMBRE,COSTA RICA,LIMON,LIMON,LIMON
HOMICIDIO,AJUSTE DE CUENTAS/VENGANZA,4/25/23,18:00:00 - 20:59:59,PERSONA,OTRO O INDETERMINADO [PERSONA],Mayor de edad,DESCONOCIDO,COSTA RICA,LIMON,SIQUIRRES,SIQUIRRES
HOMICIDIO,AJUSTE DE CUENTAS/VENGANZA,5/4/23,09:00:00 - 11:59:59,PERSONA,OTRO O INDETERMINADO [PERSONA],Mayor de edad,HOMBRE,COSTA RICA,SAN JOSE,LEON CORTES,SAN PABLO
HOMICIDIO,AJUSTE DE CUENTAS/VENGANZA,5/6/23,12:00:00 - 14:59:59,PERSONA,OTRO O INDETERMINADO [PERSONA],Mayor de edad,HOMBRE,COSTA RICA,LIMON,LIMON,LIMON
HOMICIDIO,AJUSTE DE CUENTAS/VENGANZA,5/7/23,12:00:00 - 14:59:59,PERSONA,OTRO O INDETERMINADO [PERSONA],Mayor de edad,HOMBRE,COSTA RICA,SAN JOSE,SAN JOSE,PAVAS
HOMICIDIO,AJUSTE DE CUENTAS/VENGANZA,5/16/23,21:00:00 - 23:59:59,PERSONA,OTRO O INDETERMINADO [PERSONA],Mayor de edad,HOMBRE,COSTA RICA,LIMON,LIMON,LIMON
HOMICIDIO,AJUSTE DE CUENTAS/VENGANZA,5/19/23,21:00:00 - 23:59:59,PERSONA,OTRO O INDETERMINADO [PERSONA],Mayor de edad,HOMBRE,PANAMA,PUNTARENAS,QUEPOS,QUEPOS
HOMICIDIO,AJUSTE DE CUENTAS/VENGANZA,5/24/23,15:00:00 - 17:59:59,PERSONA,PEATON [PERSONA],Mayor de edad,MUJER,COSTA RICA,PUNTARENAS,PARRITA,PARRITA
HOMICIDIO,AJUSTE DE CUENTAS/VENGANZA,5/28/23,00:00:00 - 02:59:59,PERSONA,OTRO O INDETERMINADO [PERSONA],Mayor de edad,HOMBRE,COSTA RICA,SAN JOSE,SAN JOSE,SAN SEBASTIAN
HOMICIDIO,AJUSTE DE CUENTAS/VENGANZA,6/10/23,12:00:00 - 14:59:59,PERSONA,PEATON [PERSONA],Mayor de edad,HOMBRE,COSTA RICA,SAN JOSE,ASERRI,SAN GABRIEL
HOMICIDIO,AJUSTE DE CUENTAS/VENGANZA,6/7/23,21:00:00 - 23:59:59,PERSONA,PEATON [PERSONA],Mayor de edad,HOMBRE,COSTA RICA,LIMON,LIMON,LIMON
HOMICIDIO,AJUSTE DE CUENTAS/VENGANZA,6/20/23,18:00:00 - 20:59:59,PERSONA,OTRO O INDETERMINADO [PERSONA],Mayor de edad,MUJER,COSTA RICA,LIMON,POCOCI,COLORADO
HOMICIDIO,AJUSTE DE CUENTAS/VENGANZA,2/6/22,03:00:00 - 05:59:59,PERSONA,PEATON [PERSONA],Mayor de edad,HOMBRE,COSTA RICA,PUNTARENAS,CORREDORES,CANOAS
HOMICIDIO,AJUSTE DE CUENTAS/VENGANZA,3/4/22,21:00:00 - 23:59:59,PERSONA,PEATON [PERSONA],Mayor de edad,HOMBRE,COSTA RICA,GUANACASTE,LA CRUZ,LA CRUZ
HOMICIDIO,AJUSTE DE CUENTAS/VENGANZA,3/21/22,18:00:00 - 20:59:59,PERSONA,PEATON [PERSONA],Mayor de edad,HOMBRE,COSTA RICA,LIMON,LIMON,LIMON
HOMICIDIO,AJUSTE DE CUENTAS/VENGANZA,3/22/22,03:00:00 - 05:59:59,PERSONA,PEATON [PERSONA],Desconocido,HOMBRE,ARGENTINA,PUNTARENAS,GARABITO,JACO
HOMICIDIO,AJUSTE DE CUENTAS/VENGANZA,4/23/22,00:00:00 - 02:59:59,PERSONA,PEATON [PERSONA],Mayor de edad,HOMBRE,COSTA RICA,LIMON,MATINA,BATAN
HOMICIDIO,AJUSTE DE CUENTAS/VENGANZA,5/8/22,06:00:00 - 08:59:59,PERSONA,OTRO O INDETERMINADO [PERSONA],Mayor de edad,HOMBRE,COSTA RICA,SAN JOSE,CURRIDABAT,SANCHEZ
HOMICIDIO,AJUSTE DE CUENTAS/VENGANZA,5/9/22,18:00:00 - 20:59:59,PERSONA,OTRO O INDETERMINADO [PERSONA],Mayor de edad,HOMBRE,COSTA RICA,LIMON,POCOCI,RITA
HOMICIDIO,AJUSTE DE CUENTAS/VENGANZA,6/26/22,00:00:00 - 02:59:59,PERSONA,CLIENTE LOCAL COMERCIAL [PERSONA],Mayor de edad,HOMBRE,COSTA RICA,LIMON,GUACIMO,POCORA
HOMICIDIO,AJUSTE DE CUENTAS/VENGANZA,6/26/22,00:00:00 - 02:59:59,PERSONA,CLIENTE LOCAL COMERCIAL [PERSONA],Mayor de edad,HOMBRE,COSTA RICA,LIMON,GUACIMO,POCORA
HOMICIDIO,AJUSTE DE CUENTAS/VENGANZA,7/6/22,00:00:00 - 02:59:59,PERSONA,PEATON [PERSONA],Mayor de edad,HOMBRE,COSTA RICA,PUNTARENAS,CORREDORES,LA CUESTA
HOMICIDIO,AJUSTE DE CUENTAS/VENGANZA,7/8/22,21:00:00 - 23:59:59,PERSONA,PEATON [PERSONA],Mayor de edad,HOMBRE,COSTA RICA,LIMON,LIMON,LIMON
HOMICIDIO,AJUSTE DE CUENTAS/VENGANZA,7/8/22,21:00:00 - 23:59:59,PERSONA,PEATON [PERSONA],Mayor de edad,HOMBRE,COSTA RICA,LIMON,LIMON,LIMON
HOMICIDIO,AJUSTE DE CUENTAS/VENGANZA,7/24/22,18:00:00 - 20:59:59,PERSONA,PEATON [PERSONA],Mayor de edad,HOMBRE,COSTA RICA,LIMON,LIMON,LIMON
HOMICIDIO,AJUSTE DE CUENTAS/VENGANZA,8/14/22,03:00:00 - 05:59:59,PERSONA,PEATON [PERSONA],Mayor de edad,HOMBRE,COSTA RICA,LIMON,LIMON,LIMON
HOMICIDIO,AJUSTE DE CUENTAS/VENGANZA,9/6/22,21:00:00 - 23:59:59,PERSONA,OTRO O INDETERMINADO [PERSONA],Mayor de edad,HOMBRE,NICARAGUA,HEREDIA,SARAPIQUI,PUERTO VIEJO
HOMICIDIO,AJUSTE DE CUENTAS/VENGANZA,9/7/22,00:00:00 - 02:59:59,PERSONA,EMPRESARIO/COMERCIANTE [PERSONA],Mayor de edad,HOMBRE,COSTA RICA,HEREDIA,SARAPIQUI,PUERTO VIEJO
HOMICIDIO,AJUSTE DE CUENTAS/VENGANZA,9/28/22,00:00:00 - 02:59:59,PERSONA,PEATON [PERSONA],Mayor de edad,HOMBRE,COSTA RICA,SAN JOSE,GOICOECHEA,PURRAL
HOMICIDIO,AJUSTE DE CUENTAS/VENGANZA,9/30/22,18:00:00 - 20:59:59,PERSONA,OTRO O INDETERMINADO [PERSONA],Mayor de edad,HOMBRE,COSTA RICA,CARTAGO,CARTAGO,ORIENTAL
HOMICIDIO,AJUSTE DE CUENTAS/VENGANZA,10/3/22,18:00:00 - 20:59:59,PERSONA,OTRO O INDETERMINADO [PERSONA],Mayor de edad,HOMBRE,Desconocido,LIMON,GUACIMO,GUACIMO
HOMICIDIO,AJUSTE DE CUENTAS/VENGANZA,10/8/22,00:00:00 - 02:59:59,PERSONA,OTRO O INDETERMINADO [PERSONA],Mayor de edad,HOMBRE,COSTA RICA,SAN JOSE,ALAJUELITA,SAN FELIPE
HOMICIDIO,AJUSTE DE CUENTAS/VENGANZA,10/26/22,12:00:00 - 14:59:59,PERSONA,PEATON [PERSONA],Mayor de edad,HOMBRE,COSTA RICA,ALAJUELA,SAN CARLOS,FORTUNA
HOMICIDIO,AJUSTE DE CUENTAS/VENGANZA,11/2/22,18:00:00 - 20:59:59,PERSONA,PEATON [PERSONA],Mayor de edad,HOMBRE,COSTA RICA,PUNTARENAS,PUNTARENAS,BARRANCA
HOMICIDIO,AJUSTE DE CUENTAS/VENGANZA,9/17/22,15:00:00 - 17:59:59,PERSONA,OTRO O INDETERMINADO [PERSONA],Mayor de edad,HOMBRE,COSTA RICA,LIMON,TALAMANCA,CAHUITA
HOMICIDIO,AJUSTE DE CUENTAS/VENGANZA,3/30/23,12:00:00 - 14:59:59,PERSONA,OTRO O INDETERMINADO [PERSONA],Mayor de edad,DESCONOCIDO,COSTA RICA,SAN JOSE,SAN JOSE,SAN SEBASTIAN
HOMICIDIO,AJUSTE DE CUENTAS/VENGANZA,4/2/23,18:00:00 - 20:59:59,PERSONA,MENOR DE EDAD [PERSONA],Menor de edad,HOMBRE,COSTA RICA,PUNTARENAS,PUNTARENAS,BARRANCA
HOMICIDIO,AJUSTE DE CUENTAS/VENGANZA,4/7/23,21:00:00 - 23:59:59,PERSONA,PEATON [PERSONA],Mayor de edad,HOMBRE,COSTA RICA,PUNTARENAS,CORREDORES,LAUREL
HOMICIDIO,AJUSTE DE CUENTAS/VENGANZA,4/4/23,09:00:00 - 11:59:59,PERSONA,CLIENTE LOCAL COMERCIAL [PERSONA],Mayor de edad,HOMBRE,COSTA RICA,LIMON,LIMON,RIO BLANCO
HOMICIDIO,AJUSTE DE CUENTAS/VENGANZA,4/24/23,18:00:00 - 20:59:59,PERSONA,OTRO O INDETERMINADO [PERSONA],Mayor de edad,HOMBRE,COSTA RICA,CARTAGO,PARAISO,OROSI
HOMICIDIO,AJUSTE DE CUENTAS/VENGANZA,4/26/23,21:00:00 - 23:59:59,PERSONA,OTRO O INDETERMINADO [PERSONA],Desconocido,HOMBRE,COSTA RICA,SAN JOSE,SAN JOSE,URUCA
HOMICIDIO,AJUSTE DE CUENTAS/VENGANZA,5/9/23,18:00:00 - 20:59:59,PERSONA,OTRO O INDETERMINADO [PERSONA],Mayor de edad,HOMBRE,COSTA RICA,LIMON,POCOCI,ROXANA
HOMICIDIO,AJUSTE DE CUENTAS/VENGANZA,5/5/23,21:00:00 - 23:59:59,PERSONA,OTRO O INDETERMINADO [PERSONA],Desconocido,DESCONOCIDO,COSTA RICA,LIMON,MATINA,MATINA
HOMICIDIO,AJUSTE DE CUENTAS/VENGANZA,5/20/23,06:00:00 - 08:59:59,PERSONA,OTRO O INDETERMINADO [PERSONA],Mayor de edad,HOMBRE,NICARAGUA,GUANACASTE,SANTA CRUZ,CABO VELAS
HOMICIDIO,AJUSTE DE CUENTAS/VENGANZA,5/23/23,21:00:00 - 23:59:59,PERSONA,DELINCUENTE (RECONOCIDO) [PERSONA],Mayor de edad,HOMBRE,COSTA RICA,LIMON,LIMON,LIMON
HOMICIDIO,AJUSTE DE CUENTAS/VENGANZA,6/30/23,18:00:00 - 20:59:59,PERSONA,OTRO O INDETERMINADO [PERSONA],Mayor de edad,HOMBRE,COSTA RICA,SAN JOSE,SAN JOSE,HOSPITAL
HOMICIDIO,AJUSTE DE CUENTAS/VENGANZA,7/14/23,03:00:00 - 05:59:59,PERSONA,OTRO O INDETERMINADO [PERSONA],Mayor de edad,HOMBRE,COSTA RICA,ALAJUELA,ALAJUELA,SAN JOSE
HOMICIDIO,AJUSTE DE CUENTAS/VENGANZA,7/26/23,21:00:00 - 23:59:59,PERSONA,PEATON [PERSONA],Mayor de edad,HOMBRE,COSTA RICA,GUANACASTE,LA CRUZ,LA CRUZ
HOMICIDIO,AJUSTE DE CUENTAS/VENGANZA,7/6/23,21:00:00 - 23:59:59,PERSONA,PEATON [PERSONA],Mayor de edad,HOMBRE,COSTA RICA,PUNTARENAS,QUEPOS,QUEPOS
HOMICIDIO,AJUSTE DE CUENTAS/VENGANZA,7/27/23,03:00:00 - 05:59:59,PERSONA,OTRO O INDETERMINADO [PERSONA],Mayor de edad,HOMBRE,COSTA RICA,LIMON,POCOCI,GUAPILES
HOMICIDIO,AJUSTE DE CUENTAS/VENGANZA,11/11/23,21:00:00 - 23:59:59,PERSONA,PEATON [PERSONA],Mayor de edad,MUJER,COSTA RICA,GUANACASTE,NICOYA,NOSARA
HOMICIDIO,AJUSTE DE CUENTAS/VENGANZA,8/6/23,21:00:00 - 23:59:59,PERSONA,OTRO O INDETERMINADO [PERSONA],Mayor de edad,HOMBRE,COSTA RICA,HEREDIA,HEREDIA,SAN FRANCISCO
HOMICIDIO,AJUSTE DE CUENTAS/VENGANZA,8/18/23,18:00:00 - 20:59:59,PERSONA,PEATON [PERSONA],Mayor de edad,HOMBRE,COSTA RICA,SAN JOSE,VASQUEZ DE CORONADO,SAN ISIDRO
HOMICIDIO,AJUSTE DE CUENTAS/VENGANZA,8/21/23,12:00:00 - 14:59:59,PERSONA,DROGADICTO [PERSONA],Mayor de edad,HOMBRE,COSTA RICA,PUNTARENAS,COTO BRUS,SAN VITO
HOMICIDIO,AJUSTE DE CUENTAS/VENGANZA,8/28/23,21:00:00 - 23:59:59,PERSONA,PEATON [PERSONA],Desconocido,HOMBRE,COLOMBIA,GUANACASTE,SANTA CRUZ,TAMARINDO
HOMICIDIO,AJUSTE DE CUENTAS/VENGANZA,9/1/23,21:00:00 - 23:59:59,PERSONA,OTRO O INDETERMINADO [PERSONA],Mayor de edad,HOMBRE,COSTA RICA,LIMON,LIMON,LIMON
HOMICIDIO,AJUSTE DE CUENTAS/VENGANZA,9/2/23,00:00:00 - 02:59:59,PERSONA,PEATON [PERSONA],Mayor de edad,MUJER,COSTA RICA,SAN JOSE,SAN JOSE,HATILLO
HOMICIDIO,AJUSTE DE CUENTAS/VENGANZA,9/2/23,18:00:00 - 20:59:59,PERSONA,OTRO O INDETERMINADO [PERSONA],Mayor de edad,HOMBRE,COSTA RICA,SAN JOSE,VASQUEZ DE CORONADO,SAN ISIDRO
HOMICIDIO,AJUSTE DE CUENTAS/VENGANZA,4/1/23,18:00:00 - 20:59:59,PERSONA,PEATON [PERSONA],Menor de edad,HOMBRE,Desconocido,PUNTARENAS,PUNTARENAS,BARRANCA
HOMICIDIO,AJUSTE DE CUENTAS/VENGANZA,3/14/21,18:00:00 - 20:59:59,PERSONA,OTRO O INDETERMINADO [PERSONA],Mayor de edad,HOMBRE,Desconocido,PUNTARENAS,QUEPOS,QUEPOS
HOMICIDIO,AJUSTE DE CUENTAS/VENGANZA,1/7/21,18:00:00 - 20:59:59,PERSONA,PEATON [PERSONA],Mayor de edad,MUJER,COSTA RICA,ALAJUELA,SAN CARLOS,PITAL
HOMICIDIO,AJUSTE DE CUENTAS/VENGANZA,1/12/21,18:00:00 - 20:59:59,PERSONA,OTRO O INDETERMINADO [PERSONA],Mayor de edad,HOMBRE,COSTA RICA,SAN JOSE,SAN JOSE,HOSPITAL
HOMICIDIO,AJUSTE DE CUENTAS/VENGANZA,1/23/21,06:00:00 - 08:59:59,PERSONA,OTRO O INDETERMINADO [PERSONA],Desconocido,HOMBRE,COSTA RICA,PUNTARENAS,ESPARZA,MACACOMA
HOMICIDIO,AJUSTE DE CUENTAS/VENGANZA,1/24/21,06:00:00 - 08:59:59,PERSONA,PEATON [PERSONA],Mayor de edad,HOMBRE,COSTA RICA,LIMON,LIMON,MATAMA
HOMICIDIO,AJUSTE DE CUENTAS/VENGANZA,1/27/21,12:00:00 - 14:59:59,PERSONA,PEATON [PERSONA],Mayor de edad,HOMBRE,COSTA RICA,LIMON,LIMON,LIMON
HOMICIDIO,AJUSTE DE CUENTAS/VENGANZA,2/9/21,18:00:00 - 20:59:59,PERSONA,OTRO O INDETERMINADO [PERSONA],Mayor de edad,HOMBRE,COSTA RICA,CARTAGO,CARTAGO,ORIENTAL
HOMICIDIO,AJUSTE DE CUENTAS/VENGANZA,3/3/21,15:00:00 - 17:59:59,PERSONA,OTRO O INDETERMINADO [PERSONA],Desconocido,HOMBRE,Desconocido,HEREDIA,SARAPIQUI,HORQUETAS
HOMICIDIO,AJUSTE DE CUENTAS/VENGANZA,3/19/21,03:00:00 - 05:59:59,PERSONA,OTRO O INDETERMINADO [PERSONA],Adulto Mayor,HOMBRE,COSTA RICA,ALAJUELA,SAN RAMON,SAN LORENZO
HOMICIDIO,AJUSTE DE CUENTAS/VENGANZA,2/21/21,00:00:00 - 02:59:59,PERSONA,PEATON [PERSONA],Mayor de edad,HOMBRE,COSTA RICA,LIMON,LIMON,VALLE LA ESTRELLA
HOMICIDIO,AJUSTE DE CUENTAS/VENGANZA,3/25/21,06:00:00 - 08:59:59,PERSONA,PEATON [PERSONA],Mayor de edad,HOMBRE,COSTA RICA,LIMON,LIMON,VALLE LA ESTRELLA
HOMICIDIO,AJUSTE DE CUENTAS/VENGANZA,4/5/21,06:00:00 - 08:59:59,PERSONA,OTRO O INDETERMINADO [PERSONA],Mayor de edad,HOMBRE,COSTA RICA,HEREDIA,SARAPIQUI,PUERTO VIEJO
HOMICIDIO,AJUSTE DE CUENTAS/VENGANZA,5/28/21,18:00:00 - 20:59:59,PERSONA,OTRO O INDETERMINADO [PERSONA],Desconocido,MUJER,COSTA RICA,LIMON,POCOCI,RITA
HOMICIDIO,AJUSTE DE CUENTAS/VENGANZA,6/20/21,00:00:00 - 02:59:59,PERSONA,OTRO O INDETERMINADO [PERSONA],Mayor de edad,HOMBRE,COSTA RICA,HEREDIA,HEREDIA,SAN FRANCISCO
HOMICIDIO,AJUSTE DE CUENTAS/VENGANZA,6/30/21,12:00:00 - 14:59:59,PERSONA,OTRO O INDETERMINADO [PERSONA],Mayor de edad,HOMBRE,COSTA RICA,PUNTARENAS,GARABITO,JACO
HOMICIDIO,AJUSTE DE CUENTAS/VENGANZA,7/1/21,15:00:00 - 17:59:59,PERSONA,OTRO O INDETERMINADO [PERSONA],Mayor de edad,MUJER,COSTA RICA,ALAJUELA,ALAJUELA,LA GARITA
HOMICIDIO,AJUSTE DE CUENTAS/VENGANZA,7/16/21,21:00:00 - 23:59:59,PERSONA,OTRO O INDETERMINADO [PERSONA],Mayor de edad,HOMBRE,COSTA RICA,SAN JOSE,GOICOECHEA,PURRAL
HOMICIDIO,AJUSTE DE CUENTAS/VENGANZA,8/7/21,21:00:00 - 23:59:59,PERSONA,PEATON [PERSONA],Mayor de edad,HOMBRE,COSTA RICA,LIMON,MATINA,BATAN
HOMICIDIO,AJUSTE DE CUENTAS/VENGANZA,8/13/21,21:00:00 - 23:59:59,PERSONA,PEATON [PERSONA],Mayor de edad,HOMBRE,COSTA RICA,LIMON,MATINA,BATAN
HOMICIDIO,AJUSTE DE CUENTAS/VENGANZA,8/16/21,00:00:00 - 02:59:59,PERSONA,OTRO O INDETERMINADO [PERSONA],Desconocido,HOMBRE,COSTA RICA,LIMON,POCOCI,GUAPILES
HOMICIDIO,AJUSTE DE CUENTAS/VENGANZA,8/20/21,09:00:00 - 11:59:59,PERSONA,PEATON [PERSONA],Mayor de edad,MUJER,COSTA RICA,SAN JOSE,CURRIDABAT,TIRRASES
HOMICIDIO,AJUSTE DE CUENTAS/VENGANZA,8/31/21,03:00:00 - 05:59:59,PERSONA,OTRO O INDETERMINADO [PERSONA],Mayor de edad,DESCONOCIDO,Desconocido,SAN JOSE,SAN JOSE,PAVAS
HOMICIDIO,AJUSTE DE CUENTAS/VENGANZA,10/22/23,12:00:00 - 14:59:59,PERSONA,PEATON [PERSONA],Desconocido,HOMBRE,COSTA RICA,HEREDIA,SANTO DOMINGO,SAN MIGUEL
HOMICIDIO,AJUSTE DE CUENTAS/VENGANZA,11/3/23,15:00:00 - 17:59:59,PERSONA,PEATON [PERSONA],Mayor de edad,DESCONOCIDO,COSTA RICA,PUNTARENAS,GARABITO,JACO
HOMICIDIO,AJUSTE DE CUENTAS/VENGANZA,11/4/23,21:00:00 - 23:59:59,PERSONA,TAXISTA [PERSONA],Mayor de edad,HOMBRE,COSTA RICA,PUNTARENAS,CORREDORES,CANOAS
HOMICIDIO,AJUSTE DE CUENTAS/VENGANZA,11/5/23,18:00:00 - 20:59:59,PERSONA,PEATON [PERSONA],Mayor de edad,HOMBRE,COLOMBIA,PUNTARENAS,GARABITO,JACO
HOMICIDIO,AJUSTE DE CUENTAS/VENGANZA,11/13/23,18:00:00 - 20:59:59,PERSONA,OTRO O INDETERMINADO [PERSONA],Mayor de edad,HOMBRE,COSTA RICA,ALAJUELA,ALAJUELA,SAN ISIDRO
HOMICIDIO,AJUSTE DE CUENTAS/VENGANZA,11/21/23,21:00:00 - 23:59:59,PERSONA,OTRO O INDETERMINADO [PERSONA],Mayor de edad,HOMBRE,COSTA RICA,SAN JOSE,ASERRI,ASERRI
HOMICIDIO,AJUSTE DE CUENTAS/VENGANZA,11/23/23,06:00:00 - 08:59:59,PERSONA,OTRO O INDETERMINADO [PERSONA],Mayor de edad,HOMBRE,NICARAGUA,SAN JOSE,ALAJUELITA,ALAJUELITA
HOMICIDIO,AJUSTE DE CUENTAS/VENGANZA,11/26/23,15:00:00 - 17:59:59,PERSONA,OTRO O INDETERMINADO [PERSONA],Desconocido,HOMBRE,Desconocido,GUANACASTE,NICOYA,NOSARA
HOMICIDIO,AJUSTE DE CUENTAS/VENGANZA,12/21/23,21:00:00 - 23:59:59,PERSONA,PEATON [PERSONA],Mayor de edad,DESCONOCIDO,COSTA RICA,PUNTARENAS,PUNTARENAS,BARRANCA
HOMICIDIO,AJUSTE DE CUENTAS/VENGANZA,12/22/23,12:00:00 - 14:59:59,PERSONA,OTRO O INDETERMINADO [PERSONA],Mayor de edad,HOMBRE,COSTA RICA,ALAJUELA,ALAJUELA,SAN RAFAEL
HOMICIDIO,DISCUSION/RIÑA,2/11/21,00:00:00 - 02:59:59,PERSONA,OTRO O INDETERMINADO [PERSONA],Desconocido,DESCONOCIDO,COSTA RICA,SAN JOSE,GOICOECHEA,SAN FRANCISCO
HOMICIDIO,DISCUSION/RIÑA,3/18/21,15:00:00 - 17:59:59,PERSONA,INDIGENTE [PERSONA],Mayor de edad,HOMBRE,NICARAGUA,ALAJUELA,ALAJUELA,SABANILLA
HOMICIDIO,DISCUSION/RIÑA,3/29/21,00:00:00 - 02:59:59,PERSONA,OTRO O INDETERMINADO [PERSONA],Mayor de edad,HOMBRE,NICARAGUA,PUNTARENAS,GARABITO,JACO
HOMICIDIO,DISCUSION/RIÑA,9/26/21,18:00:00 - 20:59:59,PERSONA,PEATON [PERSONA],Mayor de edad,HOMBRE,COSTA RICA,SAN JOSE,SANTA ANA,SALITRAL
HOMICIDIO,DISCUSION/RIÑA,11/27/21,21:00:00 - 23:59:59,PERSONA,OTRO O INDETERMINADO [PERSONA],Mayor de edad,HOMBRE,COSTA RICA,CARTAGO,CARTAGO,OCCIDENTAL
HOMICIDIO,DISCUSION/RIÑA,3/2/22,00:00:00 - 02:59:59,PERSONA,PEATON [PERSONA],Desconocido,HOMBRE,COSTA RICA,PUNTARENAS,COTO BRUS,SABALITO
HOMICIDIO,DISCUSION/RIÑA,3/23/22,09:00:00 - 11:59:59,PERSONA,PRIVADO DE LIBERTAD [PERSONA],Mayor de edad,HOMBRE,COSTA RICA,ALAJUELA,ALAJUELA,SAN RAFAEL
HOMICIDIO,DISCUSION/RIÑA,3/26/22,00:00:00 - 02:59:59,PERSONA,PEATON [PERSONA],Mayor de edad,HOMBRE,COSTA RICA,GUANACASTE,SANTA CRUZ,TAMARINDO
HOMICIDIO,DISCUSION/RIÑA,4/17/22,00:00:00 - 02:59:59,PERSONA,OTRO O INDETERMINADO [PERSONA],Mayor de edad,HOMBRE,COSTA RICA,SAN JOSE,SAN JOSE,URUCA
HOMICIDIO,DISCUSION/RIÑA,7/17/22,00:00:00 - 02:59:59,PERSONA,PEATON [PERSONA],Desconocido,HOMBRE,COSTA RICA,HEREDIA,HEREDIA,HEREDIA
HOMICIDIO,DISCUSION/RIÑA,11/11/22,06:00:00 - 08:59:59,PERSONA,MENOR DE EDAD [PERSONA],Menor de edad,DESCONOCIDO,COSTA RICA,PUNTARENAS,PUNTARENAS,CHACARITA
HOMICIDIO,DISCUSION/RIÑA,1/1/23,03:00:00 - 05:59:59,PERSONA,PEATON [PERSONA],Mayor de edad,HOMBRE,COSTA RICA,ALAJUELA,NARANJO,NARANJO
HOMICIDIO,DISCUSION/RIÑA,1/12/23,15:00:00 - 17:59:59,PERSONA,PEATON [PERSONA],Mayor de edad,HOMBRE,COSTA RICA,SAN JOSE,SAN JOSE,MERCED
HOMICIDIO,DISCUSION/RIÑA,2/19/23,21:00:00 - 23:59:59,PERSONA,PEATON [PERSONA],Mayor de edad,HOMBRE,COSTA RICA,ALAJUELA,LOS CHILES,LOS CHILES
HOMICIDIO,AJUSTE DE CUENTAS/VENGANZA,10/8/23,18:00:00 - 20:59:59,PERSONA,TAXISTA [PERSONA],Mayor de edad,HOMBRE,COSTA RICA,PUNTARENAS,CORREDORES,LA CUESTA
HOMICIDIO,AJUSTE DE CUENTAS/VENGANZA,11/21/23,21:00:00 - 23:59:59,PERSONA,DROGADICTO [PERSONA],Mayor de edad,HOMBRE,COSTA RICA,LIMON,LIMON,LIMON
HOMICIDIO,AJUSTE DE CUENTAS/VENGANZA,11/30/23,15:00:00 - 17:59:59,PERSONA,PEATON [PERSONA],Mayor de edad,HOMBRE,COSTA RICA,LIMON,LIMON,LIMON
HOMICIDIO,AJUSTE DE CUENTAS/VENGANZA,12/10/23,06:00:00 - 08:59:59,PERSONA,OTRO O INDETERMINADO [PERSONA],Mayor de edad,HOMBRE,COSTA RICA,GUANACASTE,LIBERIA,MAYORGA
HOMICIDIO,AJUSTE DE CUENTAS/VENGANZA,12/23/23,03:00:00 - 05:59:59,PERSONA,OTRO O INDETERMINADO [PERSONA],Mayor de edad,HOMBRE,COSTA RICA,ALAJUELA,ALAJUELA,SAN ISIDRO
HOMICIDIO,DISCUSION/RIÑA,6/20/21,15:00:00 - 17:59:59,PERSONA,PRIVADO DE LIBERTAD [PERSONA],Mayor de edad,HOMBRE,COSTA RICA,ALAJUELA,ALAJUELA,SAN RAFAEL
HOMICIDIO,DISCUSION/RIÑA,6/30/21,00:00:00 - 02:59:59,PERSONA,OTRO O INDETERMINADO [PERSONA],Mayor de edad,HOMBRE,NICARAGUA,HEREDIA,BELEN,LA RIBERA
HOMICIDIO,DISCUSION/RIÑA,7/30/21,21:00:00 - 23:59:59,PERSONA,PEATON [PERSONA],Mayor de edad,DESCONOCIDO,COSTA RICA,PUNTARENAS,ESPARZA,ESPIRITU SANTO
HOMICIDIO,DISCUSION/RIÑA,10/3/21,00:00:00 - 02:59:59,PERSONA,PEATON [PERSONA],Mayor de edad,HOMBRE,NICARAGUA,SAN JOSE,PEREZ ZELEDON,LA AMISTAD
HOMICIDIO,DISCUSION/RIÑA,2/27/22,00:00:00 - 02:59:59,PERSONA,PEATON [PERSONA],Mayor de edad,HOMBRE,COSTA RICA,LIMON,LIMON,LIMON
HOMICIDIO,DISCUSION/RIÑA,4/21/22,21:00:00 - 23:59:59,PERSONA,PEATON [PERSONA],Mayor de edad,HOMBRE,COSTA RICA,GUANACASTE,SANTA CRUZ,TAMARINDO
HOMICIDIO,DISCUSION/RIÑA,4/22/22,09:00:00 - 11:59:59,PERSONA,PEATON [PERSONA],Mayor de edad,HOMBRE,NICARAGUA,ALAJUELA,SAN CARLOS,POCOSOL
HOMICIDIO,DISCUSION/RIÑA,6/10/22,00:00:00 - 02:59:59,PERSONA,PEATON [PERSONA],Mayor de edad,DESCONOCIDO,COSTA RICA,PUNTARENAS,GARABITO,JACO
HOMICIDIO,DISCUSION/RIÑA,7/2/22,21:00:00 - 23:59:59,PERSONA,EMPRESARIO/COMERCIANTE [PERSONA],Mayor de edad,HOMBRE,COSTA RICA,PUNTARENAS,QUEPOS,QUEPOS
HOMICIDIO,DISCUSION/RIÑA,8/29/22,09:00:00 - 11:59:59,PERSONA,FINQUERO [PERSONA],Desconocido,HOMBRE,Desconocido,GUANACASTE,BAGACES,BAGACES
HOMICIDIO,DISCUSION/RIÑA,10/22/22,12:00:00 - 14:59:59,PERSONA,PEATON [PERSONA],Adulto Mayor,HOMBRE,COSTA RICA,ALAJUELA,GRECIA,TACARES
HOMICIDIO,DISCUSION/RIÑA,1/22/23,21:00:00 - 23:59:59,PERSONA,PEATON [PERSONA],Desconocido,HOMBRE,NICARAGUA,SAN JOSE,LEON CORTES,SAN ISIDRO
HOMICIDIO,DISCUSION/RIÑA,2/27/23,21:00:00 - 23:59:59,PERSONA,MENOR DE EDAD [PERSONA],Menor de edad,DESCONOCIDO,COSTA RICA,SAN JOSE,SAN JOSE,ZAPOTE
HOMICIDIO,DISCUSION/RIÑA,6/4/23,06:00:00 - 08:59:59,PERSONA,OTRO O INDETERMINADO [PERSONA],Mayor de edad,HOMBRE,COSTA RICA,CARTAGO,CARTAGO,SAN FRANCISCO
HOMICIDIO,DISCUSION/RIÑA,6/17/23,21:00:00 - 23:59:59,PERSONA,OTRO O INDETERMINADO [PERSONA],Desconocido,HOMBRE,NICARAGUA,SAN JOSE,PEREZ ZELEDON,LA AMISTAD
HOMICIDIO,DISCUSION/RIÑA,8/26/23,00:00:00 - 02:59:59,PERSONA,PEATON [PERSONA],Mayor de edad,HOMBRE,COSTA RICA,ALAJUELA,ALAJUELA,TAMBOR
HOMICIDIO,DISCUSION/RIÑA,10/13/23,00:00:00 - 02:59:59,PERSONA,CLIENTE HOTEL/MOTEL/PENSION [PERSONA],Desconocido,HOMBRE,Desconocido,ALAJUELA,ALAJUELA,RIO SEGUNDO
HOMICIDIO,DISCUSION/RIÑA,10/15/23,03:00:00 - 05:59:59,PERSONA,OTRO O INDETERMINADO [PERSONA],Desconocido,HOMBRE,Desconocido,LIMON,POCOCI,JIMENEZ
HOMICIDIO,NO DETERMINADO,11/5/21,09:00:00 - 11:59:59,PERSONA,PEATON [PERSONA],Desconocido,DESCONOCIDO,Desconocido,ALAJUELA,SAN CARLOS,POCOSOL
HOMICIDIO,AJUSTE DE CUENTAS/VENGANZA,4/3/23,00:00:00 - 02:59:59,PERSONA,PEATON [PERSONA],Mayor de edad,HOMBRE,COSTA RICA,PUNTARENAS,GARABITO,JACO
HOMICIDIO,AJUSTE DE CUENTAS/VENGANZA,4/23/23,09:00:00 - 11:59:59,PERSONA,PEATON [PERSONA],Mayor de edad,HOMBRE,COSTA RICA,PUNTARENAS,PARRITA,PARRITA
HOMICIDIO,AJUSTE DE CUENTAS/VENGANZA,4/13/23,18:00:00 - 20:59:59,PERSONA,TAXISTA [PERSONA],Mayor de edad,HOMBRE,COSTA RICA,PUNTARENAS,CORREDORES,CANOAS
HOMICIDIO,AJUSTE DE CUENTAS/VENGANZA,4/27/23,18:00:00 - 20:59:59,PERSONA,OTRO O INDETERMINADO [PERSONA],Mayor de edad,HOMBRE,COSTA RICA,ALAJUELA,SAN RAMON,SAN JUAN
HOMICIDIO,AJUSTE DE CUENTAS/VENGANZA,4/27/23,18:00:00 - 20:59:59,PERSONA,OTRO O INDETERMINADO [PERSONA],Mayor de edad,HOMBRE,COSTA RICA,LIMON,POCOCI,CARIARI
HOMICIDIO,AJUSTE DE CUENTAS/VENGANZA,4/29/23,21:00:00 - 23:59:59,PERSONA,PEATON [PERSONA],Mayor de edad,HOMBRE,COSTA RICA,LIMON,MATINA,CARRANDI
HOMICIDIO,AJUSTE DE CUENTAS/VENGANZA,4/29/23,18:00:00 - 20:59:59,PERSONA,PEATON [PERSONA],Mayor de edad,HOMBRE,COSTA RICA,ALAJUELA,OROTINA,COYOLAR
HOMICIDIO,AJUSTE DE CUENTAS/VENGANZA,5/7/23,15:00:00 - 17:59:59,PERSONA,PEATON [PERSONA],Mayor de edad,HOMBRE,COSTA RICA,CARTAGO,LA UNION,TRES RIOS
HOMICIDIO,AJUSTE DE CUENTAS/VENGANZA,5/8/23,09:00:00 - 11:59:59,PERSONA,OTRO O INDETERMINADO [PERSONA],Mayor de edad,HOMBRE,COSTA RICA,LIMON,LIMON,MATAMA
HOMICIDIO,AJUSTE DE CUENTAS/VENGANZA,5/22/23,09:00:00 - 11:59:59,PERSONA,OTRO O INDETERMINADO [PERSONA],Mayor de edad,HOMBRE,COSTA RICA,CARTAGO,LA UNION,RIO AZUL
HOMICIDIO,AJUSTE DE CUENTAS/VENGANZA,5/28/23,21:00:00 - 23:59:59,PERSONA,OTRO O INDETERMINADO [PERSONA],Mayor de edad,DESCONOCIDO,COSTA RICA,LIMON,MATINA,CARRANDI
HOMICIDIO,AJUSTE DE CUENTAS/VENGANZA,5/6/23,12:00:00 - 14:59:59,PERSONA,OTRO O INDETERMINADO [PERSONA],Mayor de edad,HOMBRE,COSTA RICA,LIMON,LIMON,LIMON
HOMICIDIO,AJUSTE DE CUENTAS/VENGANZA,9/29/23,18:00:00 - 20:59:59,PERSONA,PEATON [PERSONA],Mayor de edad,HOMBRE,NICARAGUA,ALAJUELA,ALAJUELA,RIO SEGUNDO
HOMICIDIO,AJUSTE DE CUENTAS/VENGANZA,7/23/23,03:00:00 - 05:59:59,PERSONA,PEATON [PERSONA],Mayor de edad,HOMBRE,COSTA RICA,SAN JOSE,SAN JOSE,URUCA
HOMICIDIO,AJUSTE DE CUENTAS/VENGANZA,8/8/23,15:00:00 - 17:59:59,PERSONA,OTRO O INDETERMINADO [PERSONA],Mayor de edad,HOMBRE,COSTA RICA,SAN JOSE,DESAMPARADOS,SAN JUAN DE DIOS
HOMICIDIO,AJUSTE DE CUENTAS/VENGANZA,7/24/23,12:00:00 - 14:59:59,PERSONA,PEATON [PERSONA],Mayor de edad,HOMBRE,COSTA RICA,SAN JOSE,TIBAS,LEON XIII
HOMICIDIO,AJUSTE DE CUENTAS/VENGANZA,7/28/23,00:00:00 - 02:59:59,PERSONA,OTRO O INDETERMINADO [PERSONA],Mayor de edad,HOMBRE,COSTA RICA,LIMON,MATINA,MATINA
HOMICIDIO,AJUSTE DE CUENTAS/VENGANZA,8/4/23,21:00:00 - 23:59:59,PERSONA,PEATON [PERSONA],Mayor de edad,HOMBRE,COSTA RICA,ALAJUELA,SAN RAMON,PIEDADES NORTE
HOMICIDIO,AJUSTE DE CUENTAS/VENGANZA,8/8/23,18:00:00 - 20:59:59,PERSONA,PEATON [PERSONA],Mayor de edad,HOMBRE,COSTA RICA,LIMON,MATINA,BATAN
HOMICIDIO,AJUSTE DE CUENTAS/VENGANZA,8/12/23,18:00:00 - 20:59:59,PERSONA,PEATON [PERSONA],Mayor de edad,HOMBRE,COSTA RICA,SAN JOSE,GOICOECHEA,PURRAL
HOMICIDIO,AJUSTE DE CUENTAS/VENGANZA,8/17/23,12:00:00 - 14:59:59,PERSONA,PEATON [PERSONA],Desconocido,HOMBRE,NICARAGUA,LIMON,MATINA,CARRANDI
HOMICIDIO,AJUSTE DE CUENTAS/VENGANZA,8/24/23,09:00:00 - 11:59:59,PERSONA,OTRO O INDETERMINADO [PERSONA],Mayor de edad,HOMBRE,COSTA RICA,LIMON,MATINA,MATINA
HOMICIDIO,AJUSTE DE CUENTAS/VENGANZA,8/25/23,21:00:00 - 23:59:59,PERSONA,OTRO O INDETERMINADO [PERSONA],Mayor de edad,HOMBRE,COSTA RICA,LIMON,LIMON,VALLE LA ESTRELLA
HOMICIDIO,AJUSTE DE CUENTAS/VENGANZA,11/9/22,15:00:00 - 17:59:59,PERSONA,OTRO O INDETERMINADO [PERSONA],Mayor de edad,HOMBRE,COSTA RICA,SAN JOSE,PEREZ ZELEDON,PEJIBAYE
HOMICIDIO,AJUSTE DE CUENTAS/VENGANZA,11/14/22,00:00:00 - 02:59:59,PERSONA,OTRO O INDETERMINADO [PERSONA],Desconocido,MUJER,Desconocido,LIMON,POCOCI,GUAPILES
HOMICIDIO,AJUSTE DE CUENTAS/VENGANZA,11/16/22,18:00:00 - 20:59:59,PERSONA,OTRO O INDETERMINADO [PERSONA],Adulto Mayor,DESCONOCIDO,COSTA RICA,LIMON,MATINA,CARRANDI
HOMICIDIO,AJUSTE DE CUENTAS/VENGANZA,11/24/22,18:00:00 - 20:59:59,PERSONA,PEATON [PERSONA],Mayor de edad,HOMBRE,COSTA RICA,LIMON,LIMON,LIMON
HOMICIDIO,AJUSTE DE CUENTAS/VENGANZA,11/29/22,21:00:00 - 23:59:59,PERSONA,OTRO O INDETERMINADO [PERSONA],Mayor de edad,HOMBRE,COSTA RICA,LIMON,POCOCI,ROXANA
HOMICIDIO,AJUSTE DE CUENTAS/VENGANZA,12/2/22,03:00:00 - 05:59:59,PERSONA,PEATON [PERSONA],Mayor de edad,HOMBRE,COSTA RICA,SAN JOSE,TURRUBARES,SAN JUAN DE MATA
HOMICIDIO,AJUSTE DE CUENTAS/VENGANZA,12/11/22,21:00:00 - 23:59:59,PERSONA,OTRO O INDETERMINADO [PERSONA],Mayor de edad,HOMBRE,Desconocido,CARTAGO,CARTAGO,SAN NICOLAS
HOMICIDIO,AJUSTE DE CUENTAS/VENGANZA,12/18/22,00:00:00 - 02:59:59,PERSONA,PEATON [PERSONA],Mayor de edad,DESCONOCIDO,COSTA RICA,PUNTARENAS,PUNTARENAS,CHACARITA
HOMICIDIO,AJUSTE DE CUENTAS/VENGANZA,12/27/22,06:00:00 - 08:59:59,PERSONA,PEATON [PERSONA],Mayor de edad,HOMBRE,COSTA RICA,PUNTARENAS,PUNTARENAS,EL ROBLE
HOMICIDIO,AJUSTE DE CUENTAS/VENGANZA,12/30/22,15:00:00 - 17:59:59,PERSONA,PEATON [PERSONA],Mayor de edad,DESCONOCIDO,COSTA RICA,LIMON,POCOCI,GUAPILES
HOMICIDIO,AJUSTE DE CUENTAS/VENGANZA,1/9/23,18:00:00 - 20:59:59,PERSONA,PEATON [PERSONA],Mayor de edad,HOMBRE,COSTA RICA,GUANACASTE,SANTA CRUZ,TEMPATE
HOMICIDIO,AJUSTE DE CUENTAS/VENGANZA,1/16/23,00:00:00 - 02:59:59,PERSONA,EMPRESARIO/COMERCIANTE [PERSONA],Mayor de edad,HOMBRE,NICARAGUA,ALAJUELA,GUATUSO,KATIRA
HOMICIDIO,AJUSTE DE CUENTAS/VENGANZA,1/19/23,21:00:00 - 23:59:59,PERSONA,OTRO O INDETERMINADO [PERSONA],Mayor de edad,HOMBRE,COSTA RICA,SAN JOSE,ALAJUELITA,SAN FELIPE
HOMICIDIO,AJUSTE DE CUENTAS/VENGANZA,1/25/23,03:00:00 - 05:59:59,PERSONA,OTRO O INDETERMINADO [PERSONA],Mayor de edad,DESCONOCIDO,COSTA RICA,LIMON,LIMON,LIMON
HOMICIDIO,AJUSTE DE CUENTAS/VENGANZA,1/24/23,18:00:00 - 20:59:59,PERSONA,OTRO O INDETERMINADO [PERSONA],Desconocido,HOMBRE,COSTA RICA,SAN JOSE,CURRIDABAT,TIRRASES
HOMICIDIO,AJUSTE DE CUENTAS/VENGANZA,1/31/23,12:00:00 - 14:59:59,PERSONA,DELINCUENTE (RECONOCIDO) [PERSONA],Mayor de edad,HOMBRE,COSTA RICA,LIMON,LIMON,LIMON
HOMICIDIO,AJUSTE DE CUENTAS/VENGANZA,1/31/23,21:00:00 - 23:59:59,PERSONA,OTRO O INDETERMINADO [PERSONA],Adulto Mayor,HOMBRE,COSTA RICA,HEREDIA,SARAPIQUI,LA VIRGEN
HOMICIDIO,AJUSTE DE CUENTAS/VENGANZA,2/16/23,21:00:00 - 23:59:59,PERSONA,OTRO O INDETERMINADO [PERSONA],Mayor de edad,HOMBRE,Desconocido,HEREDIA,SARAPIQUI,PUERTO VIEJO
HOMICIDIO,AJUSTE DE CUENTAS/VENGANZA,2/22/23,15:00:00 - 17:59:59,PERSONA,OTRO O INDETERMINADO [PERSONA],Mayor de edad,HOMBRE,COSTA RICA,LIMON,GUACIMO,GUACIMO
HOMICIDIO,AJUSTE DE CUENTAS/VENGANZA,3/3/23,03:00:00 - 05:59:59,PERSONA,PEATON [PERSONA],Mayor de edad,HOMBRE,COSTA RICA,PUNTARENAS,PUNTARENAS,EL ROBLE
HOMICIDIO,AJUSTE DE CUENTAS/VENGANZA,3/5/23,18:00:00 - 20:59:59,PERSONA,OTRO O INDETERMINADO [PERSONA],Mayor de edad,HOMBRE,COSTA RICA,SAN JOSE,SAN JOSE,HATILLO
HOMICIDIO,AJUSTE DE CUENTAS/VENGANZA,3/15/23,18:00:00 - 20:59:59,PERSONA,PEATON [PERSONA],Mayor de edad,DESCONOCIDO,COSTA RICA,LIMON,POCOCI,CARIARI
HOMICIDIO,AJUSTE DE CUENTAS/VENGANZA,3/19/23,00:00:00 - 02:59:59,PERSONA,OTRO O INDETERMINADO [PERSONA],Mayor de edad,HOMBRE,COSTA RICA,LIMON,POCOCI,GUAPILES
HOMICIDIO,AJUSTE DE CUENTAS/VENGANZA,9/3/23,03:00:00 - 05:59:59,PERSONA,OTRO O INDETERMINADO [PERSONA],Mayor de edad,HOMBRE,COSTA RICA,LIMON,SIQUIRRES,SIQUIRRES
HOMICIDIO,AJUSTE DE CUENTAS/VENGANZA,10/4/23,06:00:00 - 08:59:59,PERSONA,OTRO O INDETERMINADO [PERSONA],Mayor de edad,HOMBRE,COSTA RICA,GUANACASTE,NICOYA,SAMARA
HOMICIDIO,AJUSTE DE CUENTAS/VENGANZA,10/19/23,06:00:00 - 08:59:59,PERSONA,OTRO O INDETERMINADO [PERSONA],Desconocido,HOMBRE,NICARAGUA,SAN JOSE,ESCAZU,SAN RAFAEL
HOMICIDIO,AJUSTE DE CUENTAS/VENGANZA,11/1/23,21:00:00 - 23:59:59,PERSONA,PEATON [PERSONA],Mayor de edad,HOMBRE,COSTA RICA,SAN JOSE,SAN JOSE,CATEDRAL
HOMICIDIO,AJUSTE DE CUENTAS/VENGANZA,11/3/23,00:00:00 - 02:59:59,PERSONA,PEATON [PERSONA],Mayor de edad,HOMBRE,COSTA RICA,CARTAGO,LA UNION,SAN RAFAEL
HOMICIDIO,AJUSTE DE CUENTAS/VENGANZA,11/6/23,00:00:00 - 02:59:59,PERSONA,PEATON [PERSONA],Mayor de edad,MUJER,COSTA RICA,LIMON,TALAMANCA,SIXAOLA
HOMICIDIO,AJUSTE DE CUENTAS/VENGANZA,11/9/23,09:00:00 - 11:59:59,PERSONA,PEATON [PERSONA],Adulto Mayor,HOMBRE,COSTA RICA,SAN JOSE,ESCAZU,SAN ANTONIO
HOMICIDIO,AJUSTE DE CUENTAS/VENGANZA,11/13/23,06:00:00 - 08:59:59,PERSONA,OTRO O INDETERMINADO [PERSONA],Mayor de edad,HOMBRE,COSTA RICA,GUANACASTE,LIBERIA,LIBERIA
HOMICIDIO,AJUSTE DE CUENTAS/VENGANZA,11/25/23,03:00:00 - 05:59:59,PERSONA,OTRO O INDETERMINADO [PERSONA],Mayor de edad,HOMBRE,NICARAGUA,LIMON,MATINA,CARRANDI
HOMICIDIO,AJUSTE DE CUENTAS/VENGANZA,12/13/23,12:00:00 - 14:59:59,PERSONA,PEATON [PERSONA],Mayor de edad,HOMBRE,COSTA RICA,PUNTARENAS,GOLFITO,GUAYCARA
HOMICIDIO,AJUSTE DE CUENTAS/VENGANZA,12/13/23,15:00:00 - 17:59:59,PERSONA,PEATON [PERSONA],Mayor de edad,HOMBRE,Desconocido,PUNTARENAS,QUEPOS,QUEPOS
HOMICIDIO,DISCUSION/RIÑA,1/1/21,00:00:00 - 02:59:59,PERSONA,PEATON [PERSONA],Mayor de edad,HOMBRE,COSTA RICA,PUNTARENAS,PUNTARENAS,CHOMES
HOMICIDIO,DISCUSION/RIÑA,1/1/21,03:00:00 - 05:59:59,PERSONA,OTRO O INDETERMINADO [PERSONA],Mayor de edad,HOMBRE,COSTA RICA,HEREDIA,SAN ISIDRO,SAN FRANCISCO
HOMICIDIO,DISCUSION/RIÑA,1/2/21,00:00:00 - 02:59:59,PERSONA,OTRO O INDETERMINADO [PERSONA],Mayor de edad,HOMBRE,NICARAGUA,CARTAGO,TURRIALBA,TURRIALBA
HOMICIDIO,DISCUSION/RIÑA,1/11/21,18:00:00 - 20:59:59,PERSONA,PEATON [PERSONA],Mayor de edad,HOMBRE,COSTA RICA,LIMON,LIMON,RIO BLANCO
HOMICIDIO,DISCUSION/RIÑA,2/8/21,00:00:00 - 02:59:59,PERSONA,OTRO O INDETERMINADO [PERSONA],Desconocido,HOMBRE,MEXICO,HEREDIA,SAN RAFAEL,SANTIAGO
HOMICIDIO,DISCUSION/RIÑA,1/24/21,00:00:00 - 02:59:59,PERSONA,OTRO O INDETERMINADO [PERSONA],Mayor de edad,HOMBRE,COSTA RICA,LIMON,GUACIMO,DUACARI
HOMICIDIO,DISCUSION/RIÑA,4/5/21,12:00:00 - 14:59:59,PERSONA,PEATON [PERSONA],Desconocido,HOMBRE,Desconocido,SAN JOSE,SAN JOSE,MERCED
HOMICIDIO,DISCUSION/RIÑA,4/5/21,00:00:00 - 02:59:59,PERSONA,PEATON [PERSONA],Mayor de edad,HOMBRE,COSTA RICA,CARTAGO,LA UNION,TRES RIOS
HOMICIDIO,DISCUSION/RIÑA,7/18/21,00:00:00 - 02:59:59,PERSONA,OTRO O INDETERMINADO [PERSONA],Mayor de edad,DESCONOCIDO,COSTA RICA,HEREDIA,HEREDIA,SAN FRANCISCO
HOMICIDIO,DISCUSION/RIÑA,7/19/21,21:00:00 - 23:59:59,PERSONA,OTRO O INDETERMINADO [PERSONA],Mayor de edad,DESCONOCIDO,COSTA RICA,PUNTARENAS,PUNTARENAS,CHACARITA
HOMICIDIO,DISCUSION/RIÑA,7/31/21,15:00:00 - 17:59:59,PERSONA,CLIENTE LOCAL COMERCIAL [PERSONA],Mayor de edad,HOMBRE,COSTA RICA,SAN JOSE,GOICOECHEA,GUADALUPE
HOMICIDIO,DISCUSION/RIÑA,9/13/21,15:00:00 - 17:59:59,PERSONA,OTRO O INDETERMINADO [PERSONA],Mayor de edad,HOMBRE,COLOMBIA,HEREDIA,FLORES,BARRANTES
HOMICIDIO,DISCUSION/RIÑA,9/18/21,09:00:00 - 11:59:59,PERSONA,COBRADOR/MENSAJERO/PAGADOR [PERSONA],Mayor de edad,HOMBRE,COLOMBIA,SAN JOSE,PEREZ ZELEDON,SAN ISIDRO DE EL GENERAL
HOMICIDIO,NO DETERMINADO,6/26/23,21:00:00 - 23:59:59,PERSONA,OTRO O INDETERMINADO [PERSONA],Mayor de edad,DESCONOCIDO,Desconocido,GUANACASTE,ABANGARES,DESCONOCIDO
HOMICIDIO,OTRO O INDETERMINADO,6/27/21,00:00:00 - 02:59:59,PERSONA,OTRO O INDETERMINADO [PERSONA],Mayor de edad,HOMBRE,COSTA RICA,SAN JOSE,VASQUEZ DE CORONADO,SAN ISIDRO
HOMICIDIO,OTRO O INDETERMINADO,11/12/21,03:00:00 - 05:59:59,PERSONA,PEATON [PERSONA],Mayor de edad,HOMBRE,COSTA RICA,SAN JOSE,SAN JOSE,HOSPITAL
HOMICIDIO,OTRO O INDETERMINADO,12/3/21,21:00:00 - 23:59:59,PERSONA,OTRO O INDETERMINADO [PERSONA],Mayor de edad,HOMBRE,COSTA RICA,SAN JOSE,DESAMPARADOS,SAN RAFAEL ARRIBA
HOMICIDIO,OTRO O INDETERMINADO,12/21/23,21:00:00 - 23:59:59,PERSONA,PEATON [PERSONA],Mayor de edad,HOMBRE,COSTA RICA,HEREDIA,SAN RAFAEL,SAN RAFAEL
HOMICIDIO,POR LA COMISION DE OTRO DELITO,2/4/21,09:00:00 - 11:59:59,PERSONA,OTRO O INDETERMINADO [PERSONA],Mayor de edad,HOMBRE,COSTA RICA,LIMON,SIQUIRRES,GERMANIA
HOMICIDIO,POR LA COMISION DE OTRO DELITO,5/23/21,18:00:00 - 20:59:59,PERSONA,OTRO O INDETERMINADO [PERSONA],Adulto Mayor,MUJER,COSTA RICA,PUNTARENAS,GARABITO,JACO
HOMICIDIO,POR LA COMISION DE OTRO DELITO,9/4/21,15:00:00 - 17:59:59,PERSONA,CLIENTE LOCAL COMERCIAL [PERSONA],Mayor de edad,DESCONOCIDO,COSTA RICA,CARTAGO,LA UNION,TRES RIOS
HOMICIDIO,POR LA COMISION DE OTRO DELITO,10/14/21,15:00:00 - 17:59:59,PERSONA,OTRO O INDETERMINADO [PERSONA],Mayor de edad,HOMBRE,COSTA RICA,ALAJUELA,ALAJUELA,SAN JOSE
HOMICIDIO,POR LA COMISION DE OTRO DELITO,10/17/21,09:00:00 - 11:59:59,PERSONA,OTRO O INDETERMINADO [PERSONA],Mayor de edad,HOMBRE,COSTA RICA,PUNTARENAS,BUENOS AIRES,BRUNKA
HOMICIDIO,POR LA COMISION DE OTRO DELITO,3/7/22,18:00:00 - 20:59:59,PERSONA,PEATON [PERSONA],Adulto Mayor,HOMBRE,COSTA RICA,ALAJUELA,ZARCERO,LAGUNA
HOMICIDIO,POR LA COMISION DE OTRO DELITO,5/24/22,18:00:00 - 20:59:59,PERSONA,OTRO O INDETERMINADO [PERSONA],Desconocido,HOMBRE,NICARAGUA,CARTAGO,CARTAGO,LLANO GRANDE
HOMICIDIO,POR LA COMISION DE OTRO DELITO,6/8/22,00:00:00 - 02:59:59,PERSONA,OTRO O INDETERMINADO [PERSONA],Adulto Mayor,HOMBRE,COSTA RICA,ALAJUELA,SAN RAMON,SAN RAFAEL
HOMICIDIO,POR LA COMISION DE OTRO DELITO,8/2/22,06:00:00 - 08:59:59,PERSONA,TAXISTA [PERSONA],Mayor de edad,HOMBRE,COSTA RICA,PUNTARENAS,COTO BRUS,SABALITO
HOMICIDIO,POR LA COMISION DE OTRO DELITO,2/10/23,00:00:00 - 02:59:59,PERSONA,OTRO O INDETERMINADO [PERSONA],Mayor de edad,HOMBRE,COSTA RICA,SAN JOSE,GOICOECHEA,MATA PLATANO
HOMICIDIO,POR LA COMISION DE OTRO DELITO,2/20/23,12:00:00 - 14:59:59,PERSONA,CLIENTE LOCAL COMERCIAL [PERSONA],Mayor de edad,MUJER,COSTA RICA,GUANACASTE,LIBERIA,NACASCOLO
HOMICIDIO,POR LA COMISION DE OTRO DELITO,2/17/23,21:00:00 - 23:59:59,PERSONA,PROSTITUTA [PERSONA],Mayor de edad,MUJER,COSTA RICA,LIMON,LIMON,LIMON
HOMICIDIO,POR LA COMISION DE OTRO DELITO,4/8/23,06:00:00 - 08:59:59,PERSONA,PEATON [PERSONA],Mayor de edad,HOMBRE,COSTA RICA,HEREDIA,SANTO DOMINGO,SANTO DOMINGO
HOMICIDIO,POR LA COMISION DE OTRO DELITO,12/8/23,03:00:00 - 05:59:59,PERSONA,GUARDA [PERSONA],Mayor de edad,DESCONOCIDO,COSTA RICA,ALAJUELA,SAN CARLOS,FLORENCIA
HOMICIDIO,PROFESIONAL,1/6/22,03:00:00 - 05:59:59,PERSONA,PEATON [PERSONA],Menor de edad,HOMBRE,COSTA RICA,PUNTARENAS,ESPARZA,CALDERA
HOMICIDIO,REPELIENDO ACTIVIDAD CRIMINAL,3/30/21,03:00:00 - 05:59:59,PERSONA,OTRO O INDETERMINADO [PERSONA],Desconocido,HOMBRE,NICARAGUA,SAN JOSE,SAN JOSE,HOSPITAL
HOMICIDIO,REPELIENDO ACTIVIDAD CRIMINAL,8/17/21,03:00:00 - 05:59:59,PERSONA,DELINCUENTE (RECONOCIDO) [PERSONA],Mayor de edad,DESCONOCIDO,COSTA RICA,ALAJUELA,ALAJUELA,RIO SEGUNDO
HOMICIDIO,REPELIENDO ACTIVIDAD CRIMINAL,5/13/22,09:00:00 - 11:59:59,PERSONA,PEATON [PERSONA],Desconocido,MUJER,Desconocido,PUNTARENAS,ESPARZA,CALDERA
HOMICIDIO,AJUSTE DE CUENTAS/VENGANZA,3/7/22,15:00:00 - 17:59:59,PERSONA,OTRO O INDETERMINADO [PERSONA],Mayor de edad,HOMBRE,COSTA RICA,CARTAGO,PARAISO,LLANOS DE SANTA LUCIA
HOMICIDIO,AJUSTE DE CUENTAS/VENGANZA,3/2/22,09:00:00 - 11:59:59,PERSONA,PEATON [PERSONA],Mayor de edad,HOMBRE,COSTA RICA,LIMON,LIMON,LIMON
HOMICIDIO,AJUSTE DE CUENTAS/VENGANZA,3/12/22,21:00:00 - 23:59:59,PERSONA,OTRO O INDETERMINADO [PERSONA],Mayor de edad,HOMBRE,COSTA RICA,HEREDIA,HEREDIA,SAN FRANCISCO
HOMICIDIO,AJUSTE DE CUENTAS/VENGANZA,5/8/22,18:00:00 - 20:59:59,PERSONA,OTRO O INDETERMINADO [PERSONA],Mayor de edad,HOMBRE,COSTA RICA,ALAJUELA,SAN RAMON,PIEDADES NORTE
HOMICIDIO,AJUSTE DE CUENTAS/VENGANZA,5/17/22,06:00:00 - 08:59:59,PERSONA,PEATON [PERSONA],Adulto Mayor,HOMBRE,COSTA RICA,LIMON,LIMON,LIMON
HOMICIDIO,AJUSTE DE CUENTAS/VENGANZA,6/7/22,21:00:00 - 23:59:59,PERSONA,PEATON [PERSONA],Mayor de edad,HOMBRE,COSTA RICA,LIMON,LIMON,LIMON
HOMICIDIO,AJUSTE DE CUENTAS/VENGANZA,6/16/22,06:00:00 - 08:59:59,PERSONA,OTRO O INDETERMINADO [PERSONA],Desconocido,HOMBRE,Desconocido,GUANACASTE,LIBERIA,LIBERIA
HOMICIDIO,AJUSTE DE CUENTAS/VENGANZA,6/18/22,15:00:00 - 17:59:59,PERSONA,PEATON [PERSONA],Mayor de edad,HOMBRE,COSTA RICA,GUANACASTE,NICOYA,NICOYA
HOMICIDIO,AJUSTE DE CUENTAS/VENGANZA,6/29/22,18:00:00 - 20:59:59,PERSONA,PEATON [PERSONA],Desconocido,HOMBRE,NICARAGUA,ALAJUELA,ALAJUELA,DESAMPARADOS
HOMICIDIO,AJUSTE DE CUENTAS/VENGANZA,7/26/22,09:00:00 - 11:59:59,PERSONA,OTRO O INDETERMINADO [PERSONA],Mayor de edad,HOMBRE,COSTA RICA,ALAJUELA,POAS,SAN RAFAEL
HOMICIDIO,AJUSTE DE CUENTAS/VENGANZA,8/9/22,18:00:00 - 20:59:59,PERSONA,PEATON [PERSONA],Mayor de edad,HOMBRE,COSTA RICA,LIMON,LIMON,VALLE LA ESTRELLA
HOMICIDIO,AJUSTE DE CUENTAS/VENGANZA,8/29/22,12:00:00 - 14:59:59,PERSONA,PEATON [PERSONA],Mayor de edad,HOMBRE,COSTA RICA,GUANACASTE,CANAS,CANAS
HOMICIDIO,AJUSTE DE CUENTAS/VENGANZA,9/1/22,06:00:00 - 08:59:59,PERSONA,PEATON [PERSONA],Mayor de edad,HOMBRE,COSTA RICA,LIMON,TALAMANCA,SIXAOLA
HOMICIDIO,AJUSTE DE CUENTAS/VENGANZA,9/5/22,21:00:00 - 23:59:59,PERSONA,PEATON [PERSONA],Mayor de edad,HOMBRE,NICARAGUA,ALAJUELA,LOS CHILES,LOS CHILES
HOMICIDIO,AJUSTE DE CUENTAS/VENGANZA,10/3/22,21:00:00 - 23:59:59,PERSONA,PEATON [PERSONA],Mayor de edad,HOMBRE,COSTA RICA,HEREDIA,SAN RAFAEL,SAN JOSECITO
HOMICIDIO,AJUSTE DE CUENTAS/VENGANZA,10/9/22,03:00:00 - 05:59:59,PERSONA,PEATON [PERSONA],Mayor de edad,HOMBRE,COSTA RICA,PUNTARENAS,OSA,PALMAR
HOMICIDIO,AJUSTE DE CUENTAS/VENGANZA,10/27/22,18:00:00 - 20:59:59,PERSONA,PEATON [PERSONA],Mayor de edad,DESCONOCIDO,COSTA RICA,PUNTARENAS,PUNTARENAS,CHACARITA
HOMICIDIO,AJUSTE DE CUENTAS/VENGANZA,10/29/22,21:00:00 - 23:59:59,PERSONA,OTRO O INDETERMINADO [PERSONA],Mayor de edad,HOMBRE,VENEZUELA,SAN JOSE,SAN JOSE,PAVAS
HOMICIDIO,AJUSTE DE CUENTAS/VENGANZA,11/17/22,18:00:00 - 20:59:59,PERSONA,PEATON [PERSONA],Mayor de edad,HOMBRE,COSTA RICA,PUNTARENAS,MONTES DE ORO,MIRAMAR
HOMICIDIO,AJUSTE DE CUENTAS/VENGANZA,12/2/22,06:00:00 - 08:59:59,PERSONA,OTRO O INDETERMINADO [PERSONA],Mayor de edad,HOMBRE,COSTA RICA,LIMON,GUACIMO,DUACARI
HOMICIDIO,AJUSTE DE CUENTAS/VENGANZA,12/19/22,15:00:00 - 17:59:59,PERSONA,OTRO O INDETERMINADO [PERSONA],Mayor de edad,HOMBRE,COSTA RICA,SAN JOSE,CURRIDABAT,TIRRASES
HOMICIDIO,AJUSTE DE CUENTAS/VENGANZA,12/28/22,18:00:00 - 20:59:59,PERSONA,OTRO O INDETERMINADO [PERSONA],Mayor de edad,HOMBRE,COSTA RICA,LIMON,LIMON,LIMON
HOMICIDIO,AJUSTE DE CUENTAS/VENGANZA,12/29/22,15:00:00 - 17:59:59,PERSONA,OTRO O INDETERMINADO [PERSONA],Mayor de edad,DESCONOCIDO,Desconocido,LIMON,POCOCI,RITA
HOMICIDIO,DISCUSION/RIÑA,6/17/23,21:00:00 - 23:59:59,PERSONA,OTRO O INDETERMINADO [PERSONA],Mayor de edad,HOMBRE,NICARAGUA,SAN JOSE,PEREZ ZELEDON,LA AMISTAD
HOMICIDIO,DISCUSION/RIÑA,6/11/23,00:00:00 - 02:59:59,PERSONA,PEATON [PERSONA],Desconocido,HOMBRE,COSTA RICA,SAN JOSE,SAN JOSE,HOSPITAL
HOMICIDIO,DISCUSION/RIÑA,7/2/23,03:00:00 - 05:59:59,PERSONA,OTRO O INDETERMINADO [PERSONA],Mayor de edad,HOMBRE,COSTA RICA,LIMON,TALAMANCA,CAHUITA
HOMICIDIO,DISCUSION/RIÑA,7/6/23,09:00:00 - 11:59:59,PERSONA,OTRO O INDETERMINADO [PERSONA],Mayor de edad,HOMBRE,COSTA RICA,SAN JOSE,GOICOECHEA,PURRAL
HOMICIDIO,DISCUSION/RIÑA,8/10/23,15:00:00 - 17:59:59,PERSONA,OTRO O INDETERMINADO [PERSONA],Mayor de edad,HOMBRE,COSTA RICA,SAN JOSE,GOICOECHEA,PURRAL
HOMICIDIO,DISCUSION/RIÑA,8/20/23,21:00:00 - 23:59:59,PERSONA,GUARDA [PERSONA],Mayor de edad,HOMBRE,COSTA RICA,CARTAGO,PARAISO,LLANOS DE SANTA LUCIA
HOMICIDIO,DISCUSION/RIÑA,10/10/23,21:00:00 - 23:59:59,PERSONA,PEATON [PERSONA],Mayor de edad,DESCONOCIDO,COSTA RICA,ALAJUELA,SAN CARLOS,FORTUNA
HOMICIDIO,DISCUSION/RIÑA,11/18/23,06:00:00 - 08:59:59,PERSONA,PEATON [PERSONA],Mayor de edad,DESCONOCIDO,COSTA RICA,SAN JOSE,ALAJUELITA,ALAJUELITA
HOMICIDIO,DISCUSION/RIÑA,11/23/23,21:00:00 - 23:59:59,PERSONA,PEATON [PERSONA],Mayor de edad,HOMBRE,COSTA RICA,GUANACASTE,CARRILLO,FILADELFIA
HOMICIDIO,NO DETERMINADO,2/24/21,21:00:00 - 23:59:59,PERSONA,OTRO O INDETERMINADO [PERSONA],Menor de edad,HOMBRE,COSTA RICA,SAN JOSE,SAN JOSE,SAN SEBASTIAN
HOMICIDIO,NO DETERMINADO,7/17/21,21:00:00 - 23:59:59,PERSONA,PEATON [PERSONA],Desconocido,HOMBRE,Desconocido,SAN JOSE,SAN JOSE,PAVAS
HOMICIDIO,OTRO O INDETERMINADO,12/10/21,21:00:00 - 23:59:59,PERSONA,PEATON [PERSONA],Mayor de edad,MUJER,COSTA RICA,SAN JOSE,TIBAS,COLIMA
HOMICIDIO,OTRO O INDETERMINADO,2/23/23,12:00:00 - 14:59:59,PERSONA,OTRO O INDETERMINADO [PERSONA],Adulto Mayor,MUJER,COSTA RICA,SAN JOSE,SAN JOSE,HATILLO
HOMICIDIO,OTRO O INDETERMINADO,12/30/23,03:00:00 - 05:59:59,PERSONA,OTRO O INDETERMINADO [PERSONA],Mayor de edad,DESCONOCIDO,COSTA RICA,SAN JOSE,SAN JOSE,PAVAS
HOMICIDIO,POR LA COMISION DE OTRO DELITO,1/31/21,18:00:00 - 20:59:59,PERSONA,OTRO O INDETERMINADO [PERSONA],Mayor de edad,HOMBRE,COSTA RICA,LIMON,SIQUIRRES,PACUARITO
HOMICIDIO,POR LA COMISION DE OTRO DELITO,2/7/21,00:00:00 - 02:59:59,PERSONA,FINQUERO [PERSONA],Mayor de edad,HOMBRE,COSTA RICA,ALAJUELA,NARANJO,CIRRI SUR
HOMICIDIO,POR LA COMISION DE OTRO DELITO,6/16/21,00:00:00 - 02:59:59,PERSONA,OTRO O INDETERMINADO [PERSONA],Mayor de edad,HOMBRE,COSTA RICA,PUNTARENAS,PUNTARENAS,COBANO
HOMICIDIO,POR LA COMISION DE OTRO DELITO,6/24/21,09:00:00 - 11:59:59,PERSONA,DROGADICTO [PERSONA],Mayor de edad,MUJER,COSTA RICA,SAN JOSE,PEREZ ZELEDON,SAN ISIDRO DE EL GENERAL
HOMICIDIO,POR LA COMISION DE OTRO DELITO,1/9/22,21:00:00 - 23:59:59,PERSONA,PEATON [PERSONA],Mayor de edad,HOMBRE,NICARAGUA,SAN JOSE,GOICOECHEA,PURRAL
HOMICIDIO,POR LA COMISION DE OTRO DELITO,1/17/22,18:00:00 - 20:59:59,PERSONA,TAXISTA [PERSONA],Adulto Mayor,HOMBRE,COSTA RICA,ALAJUELA,SAN CARLOS,POCOSOL
HOMICIDIO,POR LA COMISION DE OTRO DELITO,4/13/22,18:00:00 - 20:59:59,PERSONA,EMPRESARIO/COMERCIANTE [PERSONA],Mayor de edad,DESCONOCIDO,COSTA RICA,SAN JOSE,PEREZ ZELEDON,SAN ISIDRO DE EL GENERAL
HOMICIDIO,POR LA COMISION DE OTRO DELITO,4/8/22,00:00:00 - 02:59:59,PERSONA,TAXISTA [PERSONA],Desconocido,HOMBRE,COSTA RICA,ALAJUELA,OROTINA,CEIBA
HOMICIDIO,POR LA COMISION DE OTRO DELITO,8/3/22,06:00:00 - 08:59:59,PERSONA,GUARDA [PERSONA],Mayor de edad,HOMBRE,COSTA RICA,ALAJUELA,SAN RAMON,ALFARO
HOMICIDIO,AJUSTE DE CUENTAS/VENGANZA,8/28/23,12:00:00 - 14:59:59,PERSONA,PEATON [PERSONA],Desconocido,MUJER,Desconocido,PUNTARENAS,GARABITO,JACO
HOMICIDIO,AJUSTE DE CUENTAS/VENGANZA,9/14/23,15:00:00 - 17:59:59,PERSONA,PEATON [PERSONA],Mayor de edad,HOMBRE,COSTA RICA,HEREDIA,HEREDIA,SAN FRANCISCO
HOMICIDIO,AJUSTE DE CUENTAS/VENGANZA,9/18/23,03:00:00 - 05:59:59,PERSONA,OTRO O INDETERMINADO [PERSONA],Mayor de edad,HOMBRE,COSTA RICA,SAN JOSE,TIBAS,CINCO ESQUINAS
HOMICIDIO,AJUSTE DE CUENTAS/VENGANZA,9/25/23,09:00:00 - 11:59:59,PERSONA,OTRO O INDETERMINADO [PERSONA],Mayor de edad,HOMBRE,COSTA RICA,PUNTARENAS,PUNTARENAS,CHACARITA
HOMICIDIO,AJUSTE DE CUENTAS/VENGANZA,9/26/23,12:00:00 - 14:59:59,PERSONA,PEATON [PERSONA],Mayor de edad,HOMBRE,COSTA RICA,LIMON,LIMON,LIMON
HOMICIDIO,AJUSTE DE CUENTAS/VENGANZA,9/26/23,12:00:00 - 14:59:59,PERSONA,PEATON [PERSONA],Mayor de edad,HOMBRE,COSTA RICA,LIMON,LIMON,LIMON
HOMICIDIO,AJUSTE DE CUENTAS/VENGANZA,10/2/23,12:00:00 - 14:59:59,PERSONA,PEATON [PERSONA],Mayor de edad,HOMBRE,COSTA RICA,PUNTARENAS,PUNTARENAS,EL ROBLE
HOMICIDIO,AJUSTE DE CUENTAS/VENGANZA,10/6/23,15:00:00 - 17:59:59,PERSONA,PEATON [PERSONA],Mayor de edad,HOMBRE,COSTA RICA,CARTAGO,LA UNION,CONCEPCION
HOMICIDIO,AJUSTE DE CUENTAS/VENGANZA,10/18/23,03:00:00 - 05:59:59,PERSONA,PEATON [PERSONA],Mayor de edad,HOMBRE,COSTA RICA,LIMON,MATINA,MATINA
HOMICIDIO,AJUSTE DE CUENTAS/VENGANZA,10/31/23,21:00:00 - 23:59:59,PERSONA,PEATON [PERSONA],Mayor de edad,HOMBRE,COSTA RICA,PUNTARENAS,ESPARZA,SAN JUAN GRANDE
HOMICIDIO,AJUSTE DE CUENTAS/VENGANZA,11/18/23,18:00:00 - 20:59:59,PERSONA,OTRO O INDETERMINADO [PERSONA],Mayor de edad,DESCONOCIDO,COSTA RICA,LIMON,POCOCI,CARIARI
HOMICIDIO,AJUSTE DE CUENTAS/VENGANZA,11/28/23,21:00:00 - 23:59:59,PERSONA,PEATON [PERSONA],Mayor de edad,HOMBRE,COSTA RICA,CARTAGO,TURRIALBA,TURRIALBA
HOMICIDIO,AJUSTE DE CUENTAS/VENGANZA,12/10/23,21:00:00 - 23:59:59,PERSONA,PEATON [PERSONA],Mayor de edad,DESCONOCIDO,COSTA RICA,PUNTARENAS,QUEPOS,QUEPOS
HOMICIDIO,AJUSTE DE CUENTAS/VENGANZA,12/13/23,21:00:00 - 23:59:59,PERSONA,PEATON [PERSONA],Mayor de edad,HOMBRE,COSTA RICA,SAN JOSE,SAN JOSE,PAVAS
HOMICIDIO,AJUSTE DE CUENTAS/VENGANZA,12/22/23,12:00:00 - 14:59:59,PERSONA,OTRO O INDETERMINADO [PERSONA],Mayor de edad,HOMBRE,COSTA RICA,ALAJUELA,ALAJUELA,SAN RAFAEL
HOMICIDIO,AJUSTE DE CUENTAS/VENGANZA,12/31/23,18:00:00 - 20:59:59,PERSONA,OTRO O INDETERMINADO [PERSONA],Mayor de edad,HOMBRE,COSTA RICA,GUANACASTE,NANDAYURE,SAN PABLO
HOMICIDIO,DISCUSION/RIÑA,3/10/21,21:00:00 - 23:59:59,PERSONA,PEATON [PERSONA],Mayor de edad,HOMBRE,COSTA RICA,GUANACASTE,NICOYA,NICOYA
HOMICIDIO,DISCUSION/RIÑA,3/30/21,15:00:00 - 17:59:59,PERSONA,CLIENTE LOCAL COMERCIAL [PERSONA],Mayor de edad,HOMBRE,COSTA RICA,HEREDIA,SAN RAFAEL,SANTIAGO
HOMICIDIO,DISCUSION/RIÑA,4/2/21,00:00:00 - 02:59:59,PERSONA,OTRO O INDETERMINADO [PERSONA],Mayor de edad,HOMBRE,NICARAGUA,LIMON,POCOCI,LA COLONIA
HOMICIDIO,DISCUSION/RIÑA,4/10/21,06:00:00 - 08:59:59,PERSONA,INDIGENTE [PERSONA],Mayor de edad,HOMBRE,COSTA RICA,ALAJUELA,ALAJUELA,ALAJUELA
HOMICIDIO,DISCUSION/RIÑA,4/11/21,18:00:00 - 20:59:59,PERSONA,OTRO O INDETERMINADO [PERSONA],Mayor de edad,DESCONOCIDO,COSTA RICA,CARTAGO,CARTAGO,SAN NICOLAS
HOMICIDIO,DISCUSION/RIÑA,5/30/21,03:00:00 - 05:59:59,PERSONA,PEATON [PERSONA],Mayor de edad,HOMBRE,COSTA RICA,SAN JOSE,DESAMPARADOS,LOS GUIDO
HOMICIDIO,DISCUSION/RIÑA,6/6/21,21:00:00 - 23:59:59,PERSONA,OTRO O INDETERMINADO [PERSONA],Mayor de edad,HOMBRE,COSTA RICA,HEREDIA,SAN RAFAEL,SAN JOSECITO
HOMICIDIO,AJUSTE DE CUENTAS/VENGANZA,4/2/23,21:00:00 - 23:59:59,PERSONA,PEATON [PERSONA],Mayor de edad,DESCONOCIDO,COSTA RICA,PUNTARENAS,QUEPOS,QUEPOS
HOMICIDIO,AJUSTE DE CUENTAS/VENGANZA,4/4/23,09:00:00 - 11:59:59,PERSONA,CLIENTE LOCAL COMERCIAL [PERSONA],Mayor de edad,HOMBRE,COSTA RICA,LIMON,LIMON,RIO BLANCO
HOMICIDIO,AJUSTE DE CUENTAS/VENGANZA,4/12/23,21:00:00 - 23:59:59,PERSONA,PEATON [PERSONA],Mayor de edad,HOMBRE,COSTA RICA,SAN JOSE,ALAJUELITA,SAN FELIPE
HOMICIDIO,AJUSTE DE CUENTAS/VENGANZA,4/12/23,21:00:00 - 23:59:59,PERSONA,CLIENTE LOCAL COMERCIAL [PERSONA],Mayor de edad,HOMBRE,COSTA RICA,LIMON,MATINA,CARRANDI
HOMICIDIO,AJUSTE DE CUENTAS/VENGANZA,4/20/23,15:00:00 - 17:59:59,PERSONA,PEATON [PERSONA],Adulto Mayor,DESCONOCIDO,COSTA RICA,PUNTARENAS,PUNTARENAS,EL ROBLE
HOMICIDIO,AJUSTE DE CUENTAS/VENGANZA,4/16/23,09:00:00 - 11:59:59,PERSONA,PEATON [PERSONA],Mayor de edad,HOMBRE,PANAMA,ALAJUELA,ALAJUELA,SAN RAFAEL
HOMICIDIO,AJUSTE DE CUENTAS/VENGANZA,4/17/23,18:00:00 - 20:59:59,PERSONA,PEATON [PERSONA],Mayor de edad,HOMBRE,COSTA RICA,PUNTARENAS,PUNTARENAS,CHACARITA
HOMICIDIO,AJUSTE DE CUENTAS/VENGANZA,4/14/23,03:00:00 - 05:59:59,PERSONA,OTRO O INDETERMINADO [PERSONA],Desconocido,HOMBRE,COSTA RICA,SAN JOSE,MONTES DE OCA,SAN PEDRO
HOMICIDIO,AJUSTE DE CUENTAS/VENGANZA,4/22/23,18:00:00 - 20:59:59,PERSONA,PEATON [PERSONA],Mayor de edad,HOMBRE,COSTA RICA,LIMON,LIMON,LIMON
HOMICIDIO,AJUSTE DE CUENTAS/VENGANZA,4/25/23,18:00:00 - 20:59:59,PERSONA,OTRO O INDETERMINADO [PERSONA],Mayor de edad,HOMBRE,COSTA RICA,LIMON,SIQUIRRES,SIQUIRRES
HOMICIDIO,AJUSTE DE CUENTAS/VENGANZA,4/30/23,21:00:00 - 23:59:59,PERSONA,OTRO O INDETERMINADO [PERSONA],Mayor de edad,HOMBRE,COSTA RICA,GUANACASTE,CARRILLO,FILADELFIA
HOMICIDIO,AJUSTE DE CUENTAS/VENGANZA,5/1/23,18:00:00 - 20:59:59,PERSONA,PEATON [PERSONA],Mayor de edad,MUJER,Desconocido,PUNTARENAS,PARRITA,PARRITA
HOMICIDIO,AJUSTE DE CUENTAS/VENGANZA,5/12/23,03:00:00 - 05:59:59,PERSONA,PEATON [PERSONA],Mayor de edad,HOMBRE,COSTA RICA,SAN JOSE,ALAJUELITA,SAN JOSECITO
HOMICIDIO,AJUSTE DE CUENTAS/VENGANZA,5/28/23,21:00:00 - 23:59:59,PERSONA,PEATON [PERSONA],Mayor de edad,HOMBRE,COSTA RICA,PUNTARENAS,PUNTARENAS,CHACARITA
HOMICIDIO,AJUSTE DE CUENTAS/VENGANZA,6/3/23,15:00:00 - 17:59:59,PERSONA,PEATON [PERSONA],Desconocido,HOMBRE,NICARAGUA,SAN JOSE,DESAMPARADOS,SAN RAFAEL ABAJO
HOMICIDIO,AJUSTE DE CUENTAS/VENGANZA,6/5/23,15:00:00 - 17:59:59,PERSONA,PEATON [PERSONA],Mayor de edad,HOMBRE,NICARAGUA,ALAJUELA,LOS CHILES,LOS CHILES
HOMICIDIO,AJUSTE DE CUENTAS/VENGANZA,6/16/23,18:00:00 - 20:59:59,PERSONA,OTRO O INDETERMINADO [PERSONA],Mayor de edad,HOMBRE,REPUBLICA DOMINICANA,LIMON,SIQUIRRES,GERMANIA
HOMICIDIO,AJUSTE DE CUENTAS/VENGANZA,6/19/23,12:00:00 - 14:59:59,PERSONA,OTRO O INDETERMINADO [PERSONA],Mayor de edad,HOMBRE,COLOMBIA,SAN JOSE,ESCAZU,SAN RAFAEL
HOMICIDIO,AJUSTE DE CUENTAS/VENGANZA,6/28/23,06:00:00 - 08:59:59,PERSONA,PEATON [PERSONA],Desconocido,HOMBRE,Desconocido,PUNTARENAS,GARABITO,JACO
HOMICIDIO,AJUSTE DE CUENTAS/VENGANZA,7/8/23,00:00:00 - 02:59:59,PERSONA,PEATON [PERSONA],Mayor de edad,HOMBRE,COSTA RICA,PUNTARENAS,PUNTARENAS,CHACARITA
HOMICIDIO,AJUSTE DE CUENTAS/VENGANZA,7/14/23,12:00:00 - 14:59:59,PERSONA,PEATON [PERSONA],Mayor de edad,DESCONOCIDO,COSTA RICA,LIMON,LIMON,LIMON
HOMICIDIO,AJUSTE DE CUENTAS/VENGANZA,7/26/23,03:00:00 - 05:59:59,PERSONA,PEATON [PERSONA],Mayor de edad,HOMBRE,COSTA RICA,PUNTARENAS,PUNTARENAS,BARRANCA
HOMICIDIO,AJUSTE DE CUENTAS/VENGANZA,7/27/23,03:00:00 - 05:59:59,PERSONA,OTRO O INDETERMINADO [PERSONA],Mayor de edad,HOMBRE,COSTA RICA,LIMON,POCOCI,GUAPILES
HOMICIDIO,DISCUSION/RIÑA,12/24/21,06:00:00 - 08:59:59,PERSONA,OTRO O INDETERMINADO [PERSONA],Mayor de edad,DESCONOCIDO,Desconocido,SAN JOSE,SAN JOSE,PAVAS
HOMICIDIO,DISCUSION/RIÑA,12/27/21,00:00:00 - 02:59:59,PERSONA,CLIENTE LOCAL COMERCIAL [PERSONA],Mayor de edad,DESCONOCIDO,COSTA RICA,PUNTARENAS,PUNTARENAS,PUNTARENAS
HOMICIDIO,DISCUSION/RIÑA,3/13/21,21:00:00 - 23:59:59,PERSONA,OTRO O INDETERMINADO [PERSONA],Mayor de edad,HOMBRE,COSTA RICA,CARTAGO,CARTAGO,GUADALUPE
HOMICIDIO,DISCUSION/RIÑA,4/30/22,12:00:00 - 14:59:59,PERSONA,OTRO O INDETERMINADO [PERSONA],Mayor de edad,DESCONOCIDO,COSTA RICA,SAN JOSE,GOICOECHEA,GUADALUPE
HOMICIDIO,DISCUSION/RIÑA,5/29/22,15:00:00 - 17:59:59,PERSONA,PRIVADO DE LIBERTAD [PERSONA],Mayor de edad,HOMBRE,COSTA RICA,ALAJUELA,ALAJUELA,SAN RAFAEL
HOMICIDIO,DISCUSION/RIÑA,8/13/22,06:00:00 - 08:59:59,PERSONA,PEATON [PERSONA],Mayor de edad,HOMBRE,COSTA RICA,LIMON,LIMON,LIMON
HOMICIDIO,DISCUSION/RIÑA,8/18/22,21:00:00 - 23:59:59,PERSONA,OTRO O INDETERMINADO [PERSONA],Mayor de edad,HOMBRE,COSTA RICA,ALAJUELA,ALAJUELA,SABANILLA
HOMICIDIO,DISCUSION/RIÑA,9/17/22,15:00:00 - 17:59:59,PERSONA,PEATON [PERSONA],Desconocido,HOMBRE,Desconocido,ALAJUELA,SAN CARLOS,MONTERREY
HOMICIDIO,DISCUSION/RIÑA,10/29/22,21:00:00 - 23:59:59,PERSONA,OTRO O INDETERMINADO [PERSONA],Mayor de edad,HOMBRE,NICARAGUA,HEREDIA,SARAPIQUI,LLANURAS DEL GASPAR
HOMICIDIO,DISCUSION/RIÑA,12/22/22,09:00:00 - 11:59:59,PERSONA,OTRO O INDETERMINADO [PERSONA],Desconocido,HOMBRE,Desconocido,ALAJUELA,ALAJUELA,ALAJUELA
HOMICIDIO,DISCUSION/RIÑA,1/1/23,12:00:00 - 14:59:59,PERSONA,PEATON [PERSONA],Mayor de edad,HOMBRE,COSTA RICA,PUNTARENAS,PUNTARENAS,MANZANILLO
HOMICIDIO,DISCUSION/RIÑA,2/15/23,06:00:00 - 08:59:59,PERSONA,OTRO O INDETERMINADO [PERSONA],Mayor de edad,MUJER,COSTA RICA,SAN JOSE,SAN JOSE,HATILLO
HOMICIDIO,DISCUSION/RIÑA,3/10/23,15:00:00 - 17:59:59,PERSONA,PEATON [PERSONA],Mayor de edad,HOMBRE,COSTA RICA,GUANACASTE,CANAS,CANAS
HOMICIDIO,DISCUSION/RIÑA,4/12/23,21:00:00 - 23:59:59,PERSONA,OTRO O INDETERMINADO [PERSONA],Mayor de edad,HOMBRE,COSTA RICA,GUANACASTE,ABANGARES,LAS JUNTAS
HOMICIDIO,DISCUSION/RIÑA,4/29/23,03:00:00 - 05:59:59,PERSONA,OTRO O INDETERMINADO [PERSONA],Mayor de edad,HOMBRE,COSTA RICA,SAN JOSE,SAN JOSE,MERCED
HOMICIDIO,DISCUSION/RIÑA,5/10/23,18:00:00 - 20:59:59,PERSONA,MENOR DE EDAD [PERSONA],Menor de edad,HOMBRE,COSTA RICA,PUNTARENAS,PUNTARENAS,EL ROBLE
HOMICIDIO,DISCUSION/RIÑA,6/29/23,03:00:00 - 05:59:59,PERSONA,PEATON [PERSONA],Mayor de edad,MUJER,COSTA RICA,PUNTARENAS,CORREDORES,CANOAS
HOMICIDIO,DISCUSION/RIÑA,8/22/23,18:00:00 - 20:59:59,PERSONA,OTRO O INDETERMINADO [PERSONA],Mayor de edad,HOMBRE,COSTA RICA,SAN JOSE,GOICOECHEA,PURRAL
HOMICIDIO,FEMICIDIO,9/2/21,15:00:00 - 17:59:59,PERSONA,OTRO O INDETERMINADO [PERSONA],Desconocido,DESCONOCIDO,COSTA RICA,GUANACASTE,LIBERIA,LIBERIA
HOMICIDIO,FEMICIDIO,3/3/22,21:00:00 - 23:59:59,PERSONA,OTRO O INDETERMINADO [PERSONA],Mayor de edad,MUJER,COSTA RICA,GUANACASTE,SANTA CRUZ,CABO VELAS
HOMICIDIO,FEMICIDIO,8/16/22,12:00:00 - 14:59:59,PERSONA,DROGADICTO [PERSONA],Mayor de edad,MUJER,COSTA RICA,SAN JOSE,PEREZ ZELEDON,SAN ISIDRO DE EL GENERAL
HOMICIDIO,NO DETERMINADO,2/18/21,15:00:00 - 17:59:59,PERSONA,OTRO O INDETERMINADO [PERSONA],Mayor de edad,HOMBRE,COSTA RICA,SAN JOSE,GOICOECHEA,GUADALUPE
HOMICIDIO,NO DETERMINADO,4/11/21,21:00:00 - 23:59:59,PERSONA,OTRO O INDETERMINADO [PERSONA],Mayor de edad,HOMBRE,COSTA RICA,SAN JOSE,GOICOECHEA,IPIS
HOMICIDIO,NO DETERMINADO,5/5/21,18:00:00 - 20:59:59,PERSONA,OTRO O INDETERMINADO [PERSONA],Mayor de edad,DESCONOCIDO,COSTA RICA,SAN JOSE,DESAMPARADOS,SAN JUAN DE DIOS
HOMICIDIO,REPELIENDO ACTIVIDAD CRIMINAL,12/11/22,03:00:00 - 05:59:59,PERSONA,OTRO O INDETERMINADO [PERSONA],Desconocido,HOMBRE,COSTA RICA,CARTAGO,CARTAGO,OCCIDENTAL
HOMICIDIO,VIOLENCIA DOMESTICA,3/22/21,00:00:00 - 02:59:59,PERSONA,PEATON [PERSONA],Mayor de edad,HOMBRE,COSTA RICA,LIMON,LIMON,LIMON
HOMICIDIO,VIOLENCIA DOMESTICA,4/4/21,15:00:00 - 17:59:59,PERSONA,OTRO O INDETERMINADO [PERSONA],Mayor de edad,HOMBRE,COSTA RICA,SAN JOSE,GOICOECHEA,RANCHO REDONDO
HOMICIDIO,VIOLENCIA DOMESTICA,12/28/21,03:00:00 - 05:59:59,PERSONA,PEATON [PERSONA],Mayor de edad,HOMBRE,COSTA RICA,ALAJUELA,SAN RAMON,SAN RAMON
HOMICIDIO,VIOLENCIA DOMESTICA,1/9/22,12:00:00 - 14:59:59,PERSONA,MENOR DE EDAD [PERSONA],Menor de edad,DESCONOCIDO,COSTA RICA,CARTAGO,EL GUARCO,EL TEJAR
HOMICIDIO,VIOLENCIA DOMESTICA,1/9/23,21:00:00 - 23:59:59,PERSONA,OTRO O INDETERMINADO [PERSONA],Adulto Mayor,MUJER,NICARAGUA,PUNTARENAS,QUEPOS,QUEPOS
HOMICIDIO,VIOLENCIA DOMESTICA,1/28/23,12:00:00 - 14:59:59,PERSONA,MENOR DE EDAD [PERSONA],Menor de edad,HOMBRE,COSTA RICA,ALAJUELA,ALAJUELA,SABANILLA
HOMICIDIO,VIOLENCIA DOMESTICA,7/3/23,00:00:00 - 02:59:59,PERSONA,OTRO O INDETERMINADO [PERSONA],Desconocido,DESCONOCIDO,NICARAGUA,PUNTARENAS,PUNTARENAS,EL ROBLE
HOMICIDIO,VIOLENCIA DOMESTICA,10/29/23,00:00:00 - 02:59:59,PERSONA,MENOR DE EDAD [PERSONA],Menor de edad,HOMBRE,COSTA RICA,CARTAGO,PARAISO,LLANOS DE SANTA LUCIA
HOMICIDIO,POR LA COMISION DE OTRO DELITO,10/13/22,18:00:00 - 20:59:59,PERSONA,GUARDA [PERSONA],Mayor de edad,HOMBRE,COSTA RICA,LIMON,POCOCI,RITA
HOMICIDIO,POR LA COMISION DE OTRO DELITO,12/5/22,21:00:00 - 23:59:59,PERSONA,PEATON [PERSONA],Desconocido,HOMBRE,NICARAGUA,ALAJUELA,ALAJUELA,RIO SEGUNDO
HOMICIDIO,POR LA COMISION DE OTRO DELITO,12/11/22,15:00:00 - 17:59:59,PERSONA,OTRO O INDETERMINADO [PERSONA],Adulto Mayor,HOMBRE,Desconocido,LIMON,POCOCI,JIMENEZ
HOMICIDIO,POR LA COMISION DE OTRO DELITO,3/30/23,21:00:00 - 23:59:59,PERSONA,PEATON [PERSONA],Mayor de edad,HOMBRE,COSTA RICA,SAN JOSE,DESAMPARADOS,SAN RAFAEL ABAJO
HOMICIDIO,POR LA COMISION DE OTRO DELITO,5/2/23,12:00:00 - 14:59:59,PERSONA,PEATON [PERSONA],Mayor de edad,HOMBRE,COSTA RICA,SAN JOSE,SAN JOSE,CARMEN
HOMICIDIO,POR LA COMISION DE OTRO DELITO,5/9/23,21:00:00 - 23:59:59,PERSONA,OTRO O INDETERMINADO [PERSONA],Mayor de edad,DESCONOCIDO,COSTA RICA,LIMON,LIMON,LIMON
HOMICIDIO,POR LA COMISION DE OTRO DELITO,5/22/23,00:00:00 - 02:59:59,PERSONA,TAXISTA [PERSONA],Mayor de edad,HOMBRE,NICARAGUA,GUANACASTE,SANTA CRUZ,TAMARINDO
HOMICIDIO,POR LA COMISION DE OTRO DELITO,5/31/23,06:00:00 - 08:59:59,PERSONA,OTRO O INDETERMINADO [PERSONA],Mayor de edad,HOMBRE,COSTA RICA,CARTAGO,CARTAGO,CARMEN
HOMICIDIO,POR LA COMISION DE OTRO DELITO,6/4/23,21:00:00 - 23:59:59,PERSONA,PEATON [PERSONA],Mayor de edad,MUJER,COSTA RICA,PUNTARENAS,CORREDORES,CANOAS
HOMICIDIO,POR LA COMISION DE OTRO DELITO,7/28/23,21:00:00 - 23:59:59,PERSONA,OTRO O INDETERMINADO [PERSONA],Mayor de edad,HOMBRE,COSTA RICA,GUANACASTE,CANAS,SAN MIGUEL
HOMICIDIO,POR LA COMISION DE OTRO DELITO,9/12/23,15:00:00 - 17:59:59,PERSONA,OTRO O INDETERMINADO [PERSONA],Mayor de edad,HOMBRE,COSTA RICA,ALAJUELA,ALAJUELA,TAMBOR
HOMICIDIO,POR LA COMISION DE OTRO DELITO,11/9/23,15:00:00 - 17:59:59,PERSONA,PEATON [PERSONA],Desconocido,HOMBRE,NICARAGUA,LIMON,MATINA,CARRANDI
HOMICIDIO,POR LA COMISION DE OTRO DELITO,11/16/23,00:00:00 - 02:59:59,PERSONA,PEATON [PERSONA],Mayor de edad,HOMBRE,Desconocido,PUNTARENAS,PUNTARENAS,PUNTARENAS
HOMICIDIO,POR LA COMISION DE OTRO DELITO,11/18/23,12:00:00 - 14:59:59,PERSONA,OTRO O INDETERMINADO [PERSONA],Mayor de edad,HOMBRE,COSTA RICA,SAN JOSE,DESAMPARADOS,DESAMPARADOS
HOMICIDIO,POR LA COMISION DE OTRO DELITO,11/21/23,18:00:00 - 20:59:59,PERSONA,PEATON [PERSONA],Mayor de edad,HOMBRE,NICARAGUA,ALAJUELA,SAN CARLOS,POCOSOL
HOMICIDIO,POR LA COMISION DE OTRO DELITO,12/17/23,21:00:00 - 23:59:59,PERSONA,MENOR DE EDAD [PERSONA],Menor de edad,DESCONOCIDO,COSTA RICA,PUNTARENAS,GARABITO,JACO
HOMICIDIO,POR LA COMISION DE OTRO DELITO,12/31/23,00:00:00 - 02:59:59,PERSONA,PEATON [PERSONA],Adulto Mayor,HOMBRE,NICARAGUA,ALAJUELA,UPALA,UPALA
HOMICIDIO,REPELIENDO ACTIVIDAD CRIMINAL,3/5/21,12:00:00 - 14:59:59,PERSONA,OTRO O INDETERMINADO [PERSONA],Mayor de edad,HOMBRE,COSTA RICA,CARTAGO,PARAISO,PARAISO
HOMICIDIO,REPELIENDO ACTIVIDAD CRIMINAL,8/26/21,03:00:00 - 05:59:59,PERSONA,DELINCUENTE (RECONOCIDO) [PERSONA],Mayor de edad,HOMBRE,COSTA RICA,ALAJUELA,ALAJUELA,DESAMPARADOS
HOMICIDIO,REPELIENDO ACTIVIDAD CRIMINAL,8/13/22,15:00:00 - 17:59:59,PERSONA,OTRO O INDETERMINADO [PERSONA],Mayor de edad,HOMBRE,COSTA RICA,SAN JOSE,SAN JOSE,SAN SEBASTIAN
HOMICIDIO,VIOLENCIA DOMESTICA,1/30/21,12:00:00 - 14:59:59,PERSONA,OTRO O INDETERMINADO [PERSONA],Mayor de edad,HOMBRE,COSTA RICA,PUNTARENAS,PUNTARENAS,EL ROBLE
HOMICIDIO,VIOLENCIA DOMESTICA,10/30/22,18:00:00 - 20:59:59,PERSONA,OTRO O INDETERMINADO [PERSONA],Mayor de edad,DESCONOCIDO,NICARAGUA,SAN JOSE,SAN JOSE,HATILLO
HOMICIDIO,VIOLENCIA DOMESTICA,1/15/23,12:00:00 - 14:59:59,PERSONA,OTRO O INDETERMINADO [PERSONA],Mayor de edad,MUJER,COSTA RICA,PUNTARENAS,BUENOS AIRES,POTRERO GRANDE
HOMICIDIO,AJUSTE DE CUENTAS/VENGANZA,1/5/23,18:00:00 - 20:59:59,PERSONA,OTRO O INDETERMINADO [PERSONA],Mayor de edad,HOMBRE,COSTA RICA,SAN JOSE,PEREZ ZELEDON,SAN PEDRO
HOMICIDIO,AJUSTE DE CUENTAS/VENGANZA,1/15/23,09:00:00 - 11:59:59,PERSONA,OTRO O INDETERMINADO [PERSONA],Mayor de edad,HOMBRE,COSTA RICA,SAN JOSE,MORA,COLON
HOMICIDIO,AJUSTE DE CUENTAS/VENGANZA,1/14/23,09:00:00 - 11:59:59,PERSONA,OTRO O INDETERMINADO [PERSONA],Mayor de edad,HOMBRE,COSTA RICA,SAN JOSE,TIBAS,LEON XIII
HOMICIDIO,AJUSTE DE CUENTAS/VENGANZA,1/25/23,03:00:00 - 05:59:59,PERSONA,OTRO O INDETERMINADO [PERSONA],Mayor de edad,DESCONOCIDO,COSTA RICA,LIMON,LIMON,LIMON
HOMICIDIO,AJUSTE DE CUENTAS/VENGANZA,1/28/23,21:00:00 - 23:59:59,PERSONA,PEATON [PERSONA],Mayor de edad,HOMBRE,COSTA RICA,SAN JOSE,SAN JOSE,HATILLO
HOMICIDIO,AJUSTE DE CUENTAS/VENGANZA,2/2/23,21:00:00 - 23:59:59,PERSONA,PEATON [PERSONA],Mayor de edad,HOMBRE,COSTA RICA,SAN JOSE,SAN JOSE,MERCED
HOMICIDIO,AJUSTE DE CUENTAS/VENGANZA,2/10/23,03:00:00 - 05:59:59,PERSONA,PEATON [PERSONA],Mayor de edad,DESCONOCIDO,COSTA RICA,LIMON,LIMON,LIMON
HOMICIDIO,AJUSTE DE CUENTAS/VENGANZA,2/10/23,12:00:00 - 14:59:59,PERSONA,OTRO O INDETERMINADO [PERSONA],Mayor de edad,HOMBRE,COSTA RICA,LIMON,SIQUIRRES,SIQUIRRES
HOMICIDIO,AJUSTE DE CUENTAS/VENGANZA,2/18/23,15:00:00 - 17:59:59,PERSONA,PEATON [PERSONA],Menor de edad,DESCONOCIDO,COSTA RICA,ALAJUELA,GRECIA,PUENTE DE PIEDRA
HOMICIDIO,AJUSTE DE CUENTAS/VENGANZA,2/21/23,21:00:00 - 23:59:59,PERSONA,OTRO O INDETERMINADO [PERSONA],Mayor de edad,DESCONOCIDO,COSTA RICA,CARTAGO,CARTAGO,SAN NICOLAS
HOMICIDIO,AJUSTE DE CUENTAS/VENGANZA,3/4/23,06:00:00 - 08:59:59,PERSONA,OTRO O INDETERMINADO [PERSONA],Mayor de edad,HOMBRE,COSTA RICA,SAN JOSE,DESAMPARADOS,ROSARIO
HOMICIDIO,AJUSTE DE CUENTAS/VENGANZA,3/12/23,12:00:00 - 14:59:59,PERSONA,OTRO O INDETERMINADO [PERSONA],Mayor de edad,HOMBRE,COSTA RICA,SAN JOSE,DESAMPARADOS,DESAMPARADOS
HOMICIDIO,AJUSTE DE CUENTAS/VENGANZA,3/28/23,21:00:00 - 23:59:59,PERSONA,OTRO O INDETERMINADO [PERSONA],Mayor de edad,MUJER,COSTA RICA,LIMON,TALAMANCA,BRATSI
HOMICIDIO,AJUSTE DE CUENTAS/VENGANZA,4/12/23,21:00:00 - 23:59:59,PERSONA,CLIENTE LOCAL COMERCIAL [PERSONA],Mayor de edad,HOMBRE,COSTA RICA,LIMON,MATINA,CARRANDI
HOMICIDIO,AJUSTE DE CUENTAS/VENGANZA,4/19/23,21:00:00 - 23:59:59,PERSONA,OTRO O INDETERMINADO [PERSONA],Mayor de edad,DESCONOCIDO,COSTA RICA,LIMON,POCOCI,CARIARI
HOMICIDIO,AJUSTE DE CUENTAS/VENGANZA,4/22/23,18:00:00 - 20:59:59,PERSONA,PEATON [PERSONA],Mayor de edad,HOMBRE,COSTA RICA,LIMON,LIMON,LIMON
HOMICIDIO,AJUSTE DE CUENTAS/VENGANZA,5/7/23,18:00:00 - 20:59:59,PERSONA,TAXISTA [PERSONA],Mayor de edad,HOMBRE,COSTA RICA,SAN JOSE,PEREZ ZELEDON,DANIEL FLORES
HOMICIDIO,AJUSTE DE CUENTAS/VENGANZA,5/18/23,18:00:00 - 20:59:59,PERSONA,PEATON [PERSONA],Mayor de edad,HOMBRE,COSTA RICA,LIMON,LIMON,LIMON
HOMICIDIO,AJUSTE DE CUENTAS/VENGANZA,6/9/23,21:00:00 - 23:59:59,PERSONA,OTRO O INDETERMINADO [PERSONA],Mayor de edad,HOMBRE,COSTA RICA,LIMON,SIQUIRRES,PACUARITO
HOMICIDIO,AJUSTE DE CUENTAS/VENGANZA,6/14/23,12:00:00 - 14:59:59,PERSONA,PEATON [PERSONA],Mayor de edad,HOMBRE,COSTA RICA,PUNTARENAS,PUNTARENAS,CHACARITA
HOMICIDIO,AJUSTE DE CUENTAS/VENGANZA,6/20/23,00:00:00 - 02:59:59,PERSONA,PEATON [PERSONA],Mayor de edad,HOMBRE,COSTA RICA,PUNTARENAS,PUNTARENAS,BARRANCA
HOMICIDIO,AJUSTE DE CUENTAS/VENGANZA,6/25/23,21:00:00 - 23:59:59,PERSONA,PEATON [PERSONA],Mayor de edad,HOMBRE,COSTA RICA,GUANACASTE,ABANGARES,SAN JUAN
HOMICIDIO,AJUSTE DE CUENTAS/VENGANZA,7/2/23,06:00:00 - 08:59:59,PERSONA,MENOR DE EDAD [PERSONA],Menor de edad,HOMBRE,COSTA RICA,PUNTARENAS,PUNTARENAS,CHACARITA
HOMICIDIO,AJUSTE DE CUENTAS/VENGANZA,7/28/23,15:00:00 - 17:59:59,PERSONA,OTRO O INDETERMINADO [PERSONA],Desconocido,DESCONOCIDO,Desconocido,HEREDIA,SARAPIQUI,PUERTO VIEJO
HOMICIDIO,AJUSTE DE CUENTAS/VENGANZA,8/4/23,21:00:00 - 23:59:59,PERSONA,PEATON [PERSONA],Mayor de edad,HOMBRE,COSTA RICA,ALAJUELA,SAN RAMON,PIEDADES NORTE
HOMICIDIO,AJUSTE DE CUENTAS/VENGANZA,10/22/23,12:00:00 - 14:59:59,PERSONA,PEATON [PERSONA],Mayor de edad,HOMBRE,COSTA RICA,ALAJUELA,ALAJUELA,DESAMPARADOS
HOMICIDIO,AJUSTE DE CUENTAS/VENGANZA,8/23/23,21:00:00 - 23:59:59,PERSONA,OTRO O INDETERMINADO [PERSONA],Mayor de edad,HOMBRE,COSTA RICA,CARTAGO,LA UNION,RIO AZUL
HOMICIDIO,AJUSTE DE CUENTAS/VENGANZA,8/26/23,18:00:00 - 20:59:59,PERSONA,PEATON [PERSONA],Mayor de edad,HOMBRE,COSTA RICA,CARTAGO,LA UNION,SAN RAFAEL
HOMICIDIO,AJUSTE DE CUENTAS/VENGANZA,8/28/23,18:00:00 - 20:59:59,PERSONA,PEATON [PERSONA],Mayor de edad,HOMBRE,COSTA RICA,PUNTARENAS,PUNTARENAS,BARRANCA
HOMICIDIO,AJUSTE DE CUENTAS/VENGANZA,8/29/23,06:00:00 - 08:59:59,PERSONA,PEATON [PERSONA],Mayor de edad,HOMBRE,COSTA RICA,PUNTARENAS,PUNTARENAS,CHACARITA
HOMICIDIO,AJUSTE DE CUENTAS/VENGANZA,9/4/23,15:00:00 - 17:59:59,PERSONA,OTRO O INDETERMINADO [PERSONA],Mayor de edad,DESCONOCIDO,COSTA RICA,LIMON,LIMON,LIMON
HOMICIDIO,AJUSTE DE CUENTAS/VENGANZA,9/10/23,09:00:00 - 11:59:59,PERSONA,PEATON [PERSONA],Mayor de edad,HOMBRE,NICARAGUA,HEREDIA,HEREDIA,SAN FRANCISCO
HOMICIDIO,AJUSTE DE CUENTAS/VENGANZA,9/17/23,00:00:00 - 02:59:59,PERSONA,OTRO O INDETERMINADO [PERSONA],Mayor de edad,HOMBRE,COSTA RICA,PUNTARENAS,PUNTARENAS,CHACARITA
HOMICIDIO,AJUSTE DE CUENTAS/VENGANZA,9/16/23,00:00:00 - 02:59:59,PERSONA,OTRO O INDETERMINADO [PERSONA],Mayor de edad,HOMBRE,COSTA RICA,LIMON,POCOCI,JIMENEZ
HOMICIDIO,AJUSTE DE CUENTAS/VENGANZA,9/29/23,09:00:00 - 11:59:59,PERSONA,PEATON [PERSONA],Mayor de edad,HOMBRE,COSTA RICA,CARTAGO,PARAISO,LLANOS DE SANTA LUCIA
HOMICIDIO,AJUSTE DE CUENTAS/VENGANZA,10/15/23,00:00:00 - 02:59:59,PERSONA,PEATON [PERSONA],Mayor de edad,HOMBRE,NICARAGUA,GUANACASTE,NICOYA,NOSARA
HOMICIDIO,AJUSTE DE CUENTAS/VENGANZA,10/20/23,21:00:00 - 23:59:59,PERSONA,MENOR DE EDAD [PERSONA],Menor de edad,HOMBRE,COSTA RICA,SAN JOSE,DESAMPARADOS,SAN RAFAEL ABAJO
HOMICIDIO,AJUSTE DE CUENTAS/VENGANZA,10/21/23,09:00:00 - 11:59:59,PERSONA,OTRO O INDETERMINADO [PERSONA],Mayor de edad,HOMBRE,COSTA RICA,LIMON,LIMON,LIMON
HOMICIDIO,AJUSTE DE CUENTAS/VENGANZA,10/21/23,12:00:00 - 14:59:59,PERSONA,PEATON [PERSONA],Mayor de edad,HOMBRE,COSTA RICA,LIMON,LIMON,LIMON
HOMICIDIO,AJUSTE DE CUENTAS/VENGANZA,10/28/23,15:00:00 - 17:59:59,PERSONA,PEATON [PERSONA],Desconocido,HOMBRE,Desconocido,HEREDIA,SARAPIQUI,HORQUETAS
HOMICIDIO,AJUSTE DE CUENTAS/VENGANZA,11/2/23,12:00:00 - 14:59:59,PERSONA,PEATON [PERSONA],Mayor de edad,HOMBRE,COSTA RICA,GUANACASTE,LIBERIA,LIBERIA
HOMICIDIO,AJUSTE DE CUENTAS/VENGANZA,11/11/23,15:00:00 - 17:59:59,PERSONA,PEATON [PERSONA],Mayor de edad,HOMBRE,COSTA RICA,LIMON,LIMON,LIMON
HOMICIDIO,AJUSTE DE CUENTAS/VENGANZA,11/12/23,15:00:00 - 17:59:59,PERSONA,PEATON [PERSONA],Mayor de edad,HOMBRE,COSTA RICA,PUNTARENAS,PUNTARENAS,BARRANCA
HOMICIDIO,AJUSTE DE CUENTAS/VENGANZA,11/18/23,21:00:00 - 23:59:59,PERSONA,PEATON [PERSONA],Mayor de edad,HOMBRE,COSTA RICA,CARTAGO,TURRIALBA,LA ISABEL
HOMICIDIO,AJUSTE DE CUENTAS/VENGANZA,11/19/23,18:00:00 - 20:59:59,PERSONA,PEATON [PERSONA],Menor de edad,HOMBRE,COSTA RICA,PUNTARENAS,PARRITA,PARRITA
HOMICIDIO,AJUSTE DE CUENTAS/VENGANZA,12/6/23,21:00:00 - 23:59:59,PERSONA,PEATON [PERSONA],Mayor de edad,HOMBRE,COSTA RICA,ALAJUELA,ALAJUELA,DESAMPARADOS
HOMICIDIO,DISCUSION/RIÑA,10/6/21,18:00:00 - 20:59:59,PERSONA,PEATON [PERSONA],Menor de edad,HOMBRE,COSTA RICA,PUNTARENAS,BUENOS AIRES,POTRERO GRANDE
HOMICIDIO,DISCUSION/RIÑA,10/9/21,00:00:00 - 02:59:59,PERSONA,OTRO O INDETERMINADO [PERSONA],Mayor de edad,HOMBRE,COSTA RICA,CARTAGO,CARTAGO,CARMEN
HOMICIDIO,DISCUSION/RIÑA,9/15/21,18:00:00 - 20:59:59,PERSONA,OTRO O INDETERMINADO [PERSONA],Mayor de edad,HOMBRE,COSTA RICA,SAN JOSE,ESCAZU,SAN ANTONIO
HOMICIDIO,DISCUSION/RIÑA,11/9/21,03:00:00 - 05:59:59,PERSONA,PEATON [PERSONA],Mayor de edad,HOMBRE,COSTA RICA,LIMON,LIMON,MATAMA
HOMICIDIO,DISCUSION/RIÑA,1/10/22,21:00:00 - 23:59:59,PERSONA,PEATON [PERSONA],Desconocido,HOMBRE,COSTA RICA,GUANACASTE,LIBERIA,LIBERIA
HOMICIDIO,DISCUSION/RIÑA,2/18/22,18:00:00 - 20:59:59,PERSONA,PEATON [PERSONA],Mayor de edad,HOMBRE,COSTA RICA,SAN JOSE,ASERRI,MONTERRY
HOMICIDIO,DISCUSION/RIÑA,5/10/22,12:00:00 - 14:59:59,PERSONA,PRIVADO DE LIBERTAD [PERSONA],Mayor de edad,HOMBRE,COSTA RICA,SAN JOSE,PEREZ ZELEDON,DANIEL FLORES
HOMICIDIO,DISCUSION/RIÑA,5/22/22,06:00:00 - 08:59:59,PERSONA,OTRO O INDETERMINADO [PERSONA],Mayor de edad,HOMBRE,COSTA RICA,GUANACASTE,NICOYA,SAN ANTONIO
HOMICIDIO,DISCUSION/RIÑA,6/18/22,03:00:00 - 05:59:59,PERSONA,OTRO O INDETERMINADO [PERSONA],Desconocido,HOMBRE,COSTA RICA,SAN JOSE,SAN JOSE,HATILLO
HOMICIDIO,DISCUSION/RIÑA,6/24/22,06:00:00 - 08:59:59,PERSONA,PRIVADO DE LIBERTAD [PERSONA],Mayor de edad,HOMBRE,COSTA RICA,ALAJUELA,ALAJUELA,SAN RAFAEL
HOMICIDIO,DISCUSION/RIÑA,7/1/22,15:00:00 - 17:59:59,PERSONA,PEATON [PERSONA],Mayor de edad,HOMBRE,COSTA RICA,PUNTARENAS,GARABITO,TARCOLES
HOMICIDIO,DISCUSION/RIÑA,9/5/22,00:00:00 - 02:59:59,PERSONA,PEATON [PERSONA],Mayor de edad,HOMBRE,COSTA RICA,PUNTARENAS,BUENOS AIRES,BUENOS AIRES
HOMICIDIO,DISCUSION/RIÑA,10/29/22,00:00:00 - 02:59:59,PERSONA,PEATON [PERSONA],Mayor de edad,HOMBRE,COSTA RICA,ALAJUELA,SAN RAMON,PENAS BLANCAS
HOMICIDIO,DISCUSION/RIÑA,12/24/22,15:00:00 - 17:59:59,PERSONA,PEATON [PERSONA],Mayor de edad,DESCONOCIDO,COSTA RICA,PUNTARENAS,GARABITO,JACO
HOMICIDIO,DISCUSION/RIÑA,12/23/22,18:00:00 - 20:59:59,PERSONA,PEATON [PERSONA],Mayor de edad,HOMBRE,COSTA RICA,ALAJUELA,ALAJUELA,SAN JOSE
HOMICIDIO,DISCUSION/RIÑA,12/31/22,18:00:00 - 20:59:59,PERSONA,CLIENTE LOCAL COMERCIAL [PERSONA],Mayor de edad,HOMBRE,COSTA RICA,LIMON,POCOCI,JIMENEZ
HOMICIDIO,DISCUSION/RIÑA,1/1/23,18:00:00 - 20:59:59,PERSONA,OTRO O INDETERMINADO [PERSONA],Mayor de edad,DESCONOCIDO,Desconocido,CARTAGO,EL GUARCO,TOBOSI
HOMICIDIO,DISCUSION/RIÑA,1/11/23,09:00:00 - 11:59:59,PERSONA,PEATON [PERSONA],Mayor de edad,HOMBRE,COSTA RICA,HEREDIA,HEREDIA,ULLOA
HOMICIDIO,DISCUSION/RIÑA,1/20/23,00:00:00 - 02:59:59,PERSONA,PEATON [PERSONA],Mayor de edad,HOMBRE,COSTA RICA,SAN JOSE,SAN JOSE,PAVAS
HOMICIDIO,DISCUSION/RIÑA,2/14/23,00:00:00 - 02:59:59,PERSONA,OTRO O INDETERMINADO [PERSONA],Mayor de edad,HOMBRE,Desconocido,LIMON,LIMON,LIMON
HOMICIDIO,DISCUSION/RIÑA,4/17/23,03:00:00 - 05:59:59,PERSONA,PEATON [PERSONA],Mayor de edad,DESCONOCIDO,COSTA RICA,ALAJUELA,RIO CUARTO,SANTA ISABEL
HOMICIDIO,DISCUSION/RIÑA,4/21/23,21:00:00 - 23:59:59,PERSONA,OTRO O INDETERMINADO [PERSONA],Mayor de edad,HOMBRE,COSTA RICA,SAN JOSE,TARRAZU,SAN CARLOS
HOMICIDIO,DISCUSION/RIÑA,5/1/23,00:00:00 - 02:59:59,PERSONA,PRIVADO DE LIBERTAD [PERSONA],Mayor de edad,HOMBRE,COSTA RICA,ALAJUELA,ALAJUELA,SAN RAFAEL
HOMICIDIO,DISCUSION/RIÑA,5/2/23,03:00:00 - 05:59:59,PERSONA,OTRO O INDETERMINADO [PERSONA],Mayor de edad,HOMBRE,NICARAGUA,ALAJUELA,GRECIA,TACARES
HOMICIDIO,NO DETERMINADO,8/28/21,03:00:00 - 05:59:59,PERSONA,OTRO O INDETERMINADO [PERSONA],Adulto Mayor,DESCONOCIDO,Desconocido,SAN JOSE,SAN JOSE,MERCED
HOMICIDIO,NO DETERMINADO,10/3/21,00:00:00 - 02:59:59,PERSONA,PEATON [PERSONA],Mayor de edad,HOMBRE,COSTA RICA,LIMON,MATINA,BATAN
HOMICIDIO,NO DETERMINADO,1/17/22,18:00:00 - 20:59:59,PERSONA,OTRO O INDETERMINADO [PERSONA],Mayor de edad,HOMBRE,COSTA RICA,PUNTARENAS,BUENOS AIRES,POTRERO GRANDE
HOMICIDIO,NO DETERMINADO,9/5/23,09:00:00 - 11:59:59,PERSONA,PEATON [PERSONA],Mayor de edad,HOMBRE,COSTA RICA,LIMON,LIMON,RIO BLANCO
HOMICIDIO,NO DETERMINADO,11/27/23,18:00:00 - 20:59:59,PERSONA,OTRO O INDETERMINADO [PERSONA],Mayor de edad,HOMBRE,COSTA RICA,SAN JOSE,SAN JOSE,SAN SEBASTIAN
HOMICIDIO,OTRO O INDETERMINADO,2/2/21,18:00:00 - 20:59:59,PERSONA,OTRO O INDETERMINADO [PERSONA],Mayor de edad,HOMBRE,COLOMBIA,SAN JOSE,TIBAS,CINCO ESQUINAS
HOMICIDIO,OTRO O INDETERMINADO,2/21/21,18:00:00 - 20:59:59,PERSONA,OTRO O INDETERMINADO [PERSONA],Mayor de edad,HOMBRE,COSTA RICA,SAN JOSE,SAN JOSE,MATA REDONDA
HOMICIDIO,POR LA COMISION DE OTRO DELITO,5/24/21,00:00:00 - 02:59:59,PERSONA,OTRO O INDETERMINADO [PERSONA],Desconocido,HOMBRE,CANADA,PUNTARENAS,PUNTARENAS,EL ROBLE
HOMICIDIO,POR LA COMISION DE OTRO DELITO,9/4/21,15:00:00 - 17:59:59,PERSONA,CLIENTE LOCAL COMERCIAL [PERSONA],Mayor de edad,DESCONOCIDO,COSTA RICA,CARTAGO,LA UNION,TRES RIOS
HOMICIDIO,POR LA COMISION DE OTRO DELITO,11/8/21,00:00:00 - 02:59:59,PERSONA,GUARDA [PERSONA],Adulto Mayor,DESCONOCIDO,COSTA RICA,LIMON,POCOCI,CARIARI
HOMICIDIO,POR LA COMISION DE OTRO DELITO,11/8/21,21:00:00 - 23:59:59,PERSONA,DELINCUENTE (RECONOCIDO) [PERSONA],Mayor de edad,HOMBRE,COSTA RICA,SAN JOSE,PEREZ ZELEDON,DANIEL FLORES
HOMICIDIO,POR LA COMISION DE OTRO DELITO,12/22/21,00:00:00 - 02:59:59,PERSONA,OTRO O INDETERMINADO [PERSONA],Desconocido,DESCONOCIDO,Desconocido,SAN JOSE,SAN JOSE,MERCED
HOMICIDIO,POR LA COMISION DE OTRO DELITO,1/14/22,09:00:00 - 11:59:59,PERSONA,OTRO O INDETERMINADO [PERSONA],Mayor de edad,HOMBRE,Desconocido,LIMON,POCOCI,CARIARI
HOMICIDIO,POR LA COMISION DE OTRO DELITO,2/28/22,21:00:00 - 23:59:59,PERSONA,PEATON [PERSONA],Mayor de edad,HOMBRE,Desconocido,ALAJUELA,SAN RAMON,SAN JUAN
HOMICIDIO,POR LA COMISION DE OTRO DELITO,7/27/22,06:00:00 - 08:59:59,PERSONA,OTRO O INDETERMINADO [PERSONA],Mayor de edad,MUJER,COSTA RICA,GUANACASTE,NICOYA,NOSARA
HOMICIDIO,POR LA COMISION DE OTRO DELITO,8/13/22,00:00:00 - 02:59:59,PERSONA,GUARDA [PERSONA],Mayor de edad,DESCONOCIDO,COSTA RICA,LIMON,SIQUIRRES,PACUARITO
HOMICIDIO,POR LA COMISION DE OTRO DELITO,11/26/22,00:00:00 - 02:59:59,PERSONA,PEATON [PERSONA],Mayor de edad,HOMBRE,COSTA RICA,ALAJUELA,SAN CARLOS,VENECIA
HOMICIDIO,POR LA COMISION DE OTRO DELITO,4/1/23,09:00:00 - 11:59:59,PERSONA,OTRO O INDETERMINADO [PERSONA],Mayor de edad,HOMBRE,COSTA RICA,HEREDIA,SAN RAFAEL,LOS ANGELES
HOMICIDIO,POR LA COMISION DE OTRO DELITO,4/4/23,18:00:00 - 20:59:59,PERSONA,OTRO O INDETERMINADO [PERSONA],Mayor de edad,HOMBRE,CHINA,ALAJUELA,ALAJUELA,CARRIZAL
HOMICIDIO,POR LA COMISION DE OTRO DELITO,6/17/23,03:00:00 - 05:59:59,PERSONA,OTRO O INDETERMINADO [PERSONA],Desconocido,DESCONOCIDO,Desconocido,HEREDIA,HEREDIA,SAN FRANCISCO
HOMICIDIO,POR LA COMISION DE OTRO DELITO,6/17/23,18:00:00 - 20:59:59,PERSONA,PEATON [PERSONA],Desconocido,MUJER,COSTA RICA,SAN JOSE,DESAMPARADOS,DESAMPARADOS
HOMICIDIO,POR LA COMISION DE OTRO DELITO,6/29/23,18:00:00 - 20:59:59,PERSONA,PEATON [PERSONA],Adulto Mayor,HOMBRE,COSTA RICA,GUANACASTE,SANTA CRUZ,SANTA CRUZ
HOMICIDIO,POR LA COMISION DE OTRO DELITO,7/25/23,09:00:00 - 11:59:59,PERSONA,OTRO O INDETERMINADO [PERSONA],Mayor de edad,HOMBRE,COSTA RICA,LIMON,POCOCI,RITA
HOMICIDIO,VIOLENCIA DOMESTICA,5/17/23,21:00:00 - 23:59:59,PERSONA,MENOR DE EDAD [PERSONA],Menor de edad,HOMBRE,COSTA RICA,ALAJUELA,SAN CARLOS,QUESADA
HOMICIDIO,DISCUSION/RIÑA,5/17/23,12:00:00 - 14:59:59,PERSONA,PRIVADO DE LIBERTAD [PERSONA],Desconocido,DESCONOCIDO,NICARAGUA,SAN JOSE,SAN JOSE,HOSPITAL
HOMICIDIO,DISCUSION/RIÑA,5/20/23,21:00:00 - 23:59:59,PERSONA,CLIENTE LOCAL COMERCIAL [PERSONA],Mayor de edad,HOMBRE,COSTA RICA,CARTAGO,PARAISO,PARAISO
HOMICIDIO,DISCUSION/RIÑA,5/19/23,18:00:00 - 20:59:59,PERSONA,PEATON [PERSONA],Mayor de edad,DESCONOCIDO,COSTA RICA,ALAJUELA,OROTINA,COYOLAR
HOMICIDIO,DISCUSION/RIÑA,5/21/23,21:00:00 - 23:59:59,PERSONA,PEATON [PERSONA],Desconocido,HOMBRE,NICARAGUA,GUANACASTE,LIBERIA,LIBERIA
HOMICIDIO,DISCUSION/RIÑA,8/31/23,21:00:00 - 23:59:59,PERSONA,PEATON [PERSONA],Mayor de edad,DESCONOCIDO,Desconocido,ALAJUELA,NARANJO,NARANJO
HOMICIDIO,DISCUSION/RIÑA,9/30/23,03:00:00 - 05:59:59,PERSONA,PEATON [PERSONA],Mayor de edad,HOMBRE,COSTA RICA,LIMON,TALAMANCA,TELIRE
HOMICIDIO,FEMICIDIO,10/9/21,12:00:00 - 14:59:59,PERSONA,OTRO O INDETERMINADO [PERSONA],Mayor de edad,MUJER,COSTA RICA,GUANACASTE,NICOYA,NICOYA
HOMICIDIO,NO DETERMINADO,9/15/21,12:00:00 - 14:59:59,PERSONA,OTRO O INDETERMINADO [PERSONA],Desconocido,HOMBRE,Desconocido,SAN JOSE,ACOSTA,SAN IGNACIO
HOMICIDIO,NO DETERMINADO,4/4/22,06:00:00 - 08:59:59,PERSONA,PEATON [PERSONA],Mayor de edad,DESCONOCIDO,COSTA RICA,LIMON,LIMON,LIMON
HOMICIDIO,OTRO O INDETERMINADO,2/13/21,03:00:00 - 05:59:59,PERSONA,PEATON [PERSONA],Mayor de edad,HOMBRE,NICARAGUA,SAN JOSE,SAN JOSE,MERCED
HOMICIDIO,OTRO O INDETERMINADO,8/14/21,15:00:00 - 17:59:59,PERSONA,OTRO O INDETERMINADO [PERSONA],Mayor de edad,DESCONOCIDO,Desconocido,SAN JOSE,DESAMPARADOS,SAN JUAN DE DIOS
HOMICIDIO,OTRO O INDETERMINADO,8/12/22,06:00:00 - 08:59:59,PERSONA,OTRO O INDETERMINADO [PERSONA],Mayor de edad,HOMBRE,COSTA RICA,SAN JOSE,GOICOECHEA,PURRAL
HOMICIDIO,OTRO O INDETERMINADO,10/16/22,00:00:00 - 02:59:59,PERSONA,OTRO O INDETERMINADO [PERSONA],Mayor de edad,HOMBRE,COSTA RICA,HEREDIA,SARAPIQUI,LA VIRGEN
HOMICIDIO,POR LA COMISION DE OTRO DELITO,1/20/21,09:00:00 - 11:59:59,PERSONA,OTRO O INDETERMINADO [PERSONA],Mayor de edad,HOMBRE,COSTA RICA,HEREDIA,SANTO DOMINGO,TURES
HOMICIDIO,POR LA COMISION DE OTRO DELITO,5/25/21,09:00:00 - 11:59:59,PERSONA,GUARDA [PERSONA],Mayor de edad,HOMBRE,COSTA RICA,ALAJUELA,ALAJUELA,SABANILLA
HOMICIDIO,POR LA COMISION DE OTRO DELITO,6/15/21,15:00:00 - 17:59:59,PERSONA,OTRO O INDETERMINADO [PERSONA],Mayor de edad,HOMBRE,UZBEKISTAN,SAN JOSE,PEREZ ZELEDON,PARAMO
HOMICIDIO,POR LA COMISION DE OTRO DELITO,7/22/21,00:00:00 - 02:59:59,PERSONA,OTRO O INDETERMINADO [PERSONA],Mayor de edad,HOMBRE,COSTA RICA,PUNTARENAS,QUEPOS,QUEPOS
HOMICIDIO,POR LA COMISION DE OTRO DELITO,8/25/21,18:00:00 - 20:59:59,PERSONA,OTRO O INDETERMINADO [PERSONA],Mayor de edad,DESCONOCIDO,COSTA RICA,CARTAGO,CARTAGO,LLANO GRANDE
HOMICIDIO,POR LA COMISION DE OTRO DELITO,10/4/21,00:00:00 - 02:59:59,PERSONA,OTRO O INDETERMINADO [PERSONA],Mayor de edad,DESCONOCIDO,COSTA RICA,ALAJUELA,SAN RAMON,SAN JUAN
HOMICIDIO,POR LA COMISION DE OTRO DELITO,7/25/22,06:00:00 - 08:59:59,PERSONA,OTRO O INDETERMINADO [PERSONA],Mayor de edad,HOMBRE,COSTA RICA,ALAJUELA,SAN RAMON,SAN JUAN
HOMICIDIO,POR LA COMISION DE OTRO DELITO,9/16/22,21:00:00 - 23:59:59,PERSONA,OTRO O INDETERMINADO [PERSONA],Desconocido,HOMBRE,NICARAGUA,LIMON,POCOCI,RITA
HOMICIDIO,POR LA COMISION DE OTRO DELITO,10/14/22,06:00:00 - 08:59:59,PERSONA,EMPRESARIO/COMERCIANTE [PERSONA],Mayor de edad,HOMBRE,ARGENTINA,PUNTARENAS,QUEPOS,SAVEGRE
HOMICIDIO,POR LA COMISION DE OTRO DELITO,11/7/22,21:00:00 - 23:59:59,PERSONA,GUARDA [PERSONA],Adulto Mayor,HOMBRE,COSTA RICA,LIMON,MATINA,MATINA
HOMICIDIO,AJUSTE DE CUENTAS/VENGANZA,7/14/23,00:00:00 - 02:59:59,PERSONA,OTRO O INDETERMINADO [PERSONA],Desconocido,DESCONOCIDO,Desconocido,CARTAGO,CARTAGO,GUADALUPE
HOMICIDIO,AJUSTE DE CUENTAS/VENGANZA,7/16/23,00:00:00 - 02:59:59,PERSONA,PEATON [PERSONA],Mayor de edad,HOMBRE,Desconocido,CARTAGO,TURRIALBA,LA ISABEL
HOMICIDIO,AJUSTE DE CUENTAS/VENGANZA,7/24/23,12:00:00 - 14:59:59,PERSONA,PEATON [PERSONA],Mayor de edad,HOMBRE,NICARAGUA,SAN JOSE,TIBAS,LEON XIII
HOMICIDIO,AJUSTE DE CUENTAS/VENGANZA,7/26/23,18:00:00 - 20:59:59,PERSONA,PEATON [PERSONA],Mayor de edad,HOMBRE,COSTA RICA,PUNTARENAS,GOLFITO,GOLFITO
HOMICIDIO,AJUSTE DE CUENTAS/VENGANZA,8/1/23,18:00:00 - 20:59:59,PERSONA,OTRO O INDETERMINADO [PERSONA],Mayor de edad,HOMBRE,COSTA RICA,LIMON,MATINA,MATINA
HOMICIDIO,AJUSTE DE CUENTAS/VENGANZA,8/5/23,18:00:00 - 20:59:59,PERSONA,OTRO O INDETERMINADO [PERSONA],Mayor de edad,DESCONOCIDO,COSTA RICA,LIMON,GUACIMO,RIO JIMENEZ
HOMICIDIO,AJUSTE DE CUENTAS/VENGANZA,8/23/23,15:00:00 - 17:59:59,PERSONA,OTRO O INDETERMINADO [PERSONA],Mayor de edad,HOMBRE,COSTA RICA,LIMON,POCOCI,LA COLONIA
HOMICIDIO,AJUSTE DE CUENTAS/VENGANZA,8/28/23,03:00:00 - 05:59:59,PERSONA,PEATON [PERSONA],Mayor de edad,HOMBRE,COSTA RICA,PUNTARENAS,GARABITO,JACO
HOMICIDIO,AJUSTE DE CUENTAS/VENGANZA,9/6/23,12:00:00 - 14:59:59,PERSONA,PEATON [PERSONA],Mayor de edad,HOMBRE,COSTA RICA,ALAJUELA,POAS,SAN PEDRO
HOMICIDIO,AJUSTE DE CUENTAS/VENGANZA,9/5/23,09:00:00 - 11:59:59,PERSONA,OTRO O INDETERMINADO [PERSONA],Mayor de edad,HOMBRE,COSTA RICA,SAN JOSE,VASQUEZ DE CORONADO,DULCE NOMBRE DE JESUS
HOMICIDIO,AJUSTE DE CUENTAS/VENGANZA,9/14/23,18:00:00 - 20:59:59,PERSONA,OTRO O INDETERMINADO [PERSONA],Mayor de edad,HOMBRE,COSTA RICA,SAN JOSE,CURRIDABAT,CURRIDABAT
HOMICIDIO,AJUSTE DE CUENTAS/VENGANZA,9/17/23,06:00:00 - 08:59:59,PERSONA,PEATON [PERSONA],Mayor de edad,HOMBRE,COSTA RICA,PUNTARENAS,PUNTARENAS,CHACARITA
HOMICIDIO,AJUSTE DE CUENTAS/VENGANZA,9/30/23,15:00:00 - 17:59:59,PERSONA,PEATON [PERSONA],Mayor de edad,HOMBRE,COSTA RICA,HEREDIA,SARAPIQUI,PUERTO VIEJO
HOMICIDIO,AJUSTE DE CUENTAS/VENGANZA,10/10/23,09:00:00 - 11:59:59,PERSONA,PEATON [PERSONA],Mayor de edad,HOMBRE,COSTA RICA,PUNTARENAS,PUNTARENAS,BARRANCA
HOMICIDIO,AJUSTE DE CUENTAS/VENGANZA,10/11/23,03:00:00 - 05:59:59,PERSONA,PEATON [PERSONA],Menor de edad,HOMBRE,COSTA RICA,LIMON,LIMON,LIMON
HOMICIDIO,AJUSTE DE CUENTAS/VENGANZA,10/16/23,21:00:00 - 23:59:59,PERSONA,EMPRESARIO/COMERCIANTE [PERSONA],Mayor de edad,HOMBRE,COSTA RICA,GUANACASTE,LA CRUZ,LA CRUZ
HOMICIDIO,AJUSTE DE CUENTAS/VENGANZA,10/16/23,03:00:00 - 05:59:59,PERSONA,PEATON [PERSONA],Mayor de edad,HOMBRE,COSTA RICA,LIMON,LIMON,MATAMA
HOMICIDIO,AJUSTE DE CUENTAS/VENGANZA,10/15/23,21:00:00 - 23:59:59,PERSONA,PEATON [PERSONA],Mayor de edad,HOMBRE,COSTA RICA,LIMON,MATINA,BATAN
HOMICIDIO,AJUSTE DE CUENTAS/VENGANZA,10/18/23,12:00:00 - 14:59:59,PERSONA,PEATON [PERSONA],Mayor de edad,HOMBRE,NICARAGUA,SAN JOSE,SAN JOSE,URUCA
HOMICIDIO,AJUSTE DE CUENTAS/VENGANZA,10/19/23,03:00:00 - 05:59:59,PERSONA,PEATON [PERSONA],Mayor de edad,HOMBRE,COSTA RICA,LIMON,MATINA,CARRANDI
HOMICIDIO,AJUSTE DE CUENTAS/VENGANZA,10/24/23,09:00:00 - 11:59:59,PERSONA,PEATON [PERSONA],Mayor de edad,HOMBRE,COSTA RICA,CARTAGO,PARAISO,OROSI
HOMICIDIO,AJUSTE DE CUENTAS/VENGANZA,11/3/23,21:00:00 - 23:59:59,PERSONA,OTRO O INDETERMINADO [PERSONA],Mayor de edad,HOMBRE,COSTA RICA,SAN JOSE,SAN JOSE,HATILLO
HOMICIDIO,AJUSTE DE CUENTAS/VENGANZA,11/12/23,12:00:00 - 14:59:59,PERSONA,PEATON [PERSONA],Mayor de edad,HOMBRE,COSTA RICA,PUNTARENAS,PARRITA,PARRITA
HOMICIDIO,AJUSTE DE CUENTAS/VENGANZA,12/16/23,06:00:00 - 08:59:59,PERSONA,OTRO O INDETERMINADO [PERSONA],Mayor de edad,HOMBRE,COSTA RICA,GUANACASTE,LA CRUZ,LA CRUZ
HOMICIDIO,AJUSTE DE CUENTAS/VENGANZA,12/21/23,03:00:00 - 05:59:59,PERSONA,PEATON [PERSONA],Mayor de edad,HOMBRE,COSTA RICA,LIMON,MATINA,CARRANDI
HOMICIDIO,AJUSTE DE CUENTAS/VENGANZA,12/19/23,00:00:00 - 02:59:59,PERSONA,PEATON [PERSONA],Mayor de edad,HOMBRE,COSTA RICA,SAN JOSE,SAN JOSE,PAVAS
HOMICIDIO,DISCUSION/RIÑA,1/24/21,00:00:00 - 02:59:59,PERSONA,OTRO O INDETERMINADO [PERSONA],Mayor de edad,HOMBRE,COSTA RICA,LIMON,GUACIMO,DUACARI
HOMICIDIO,DISCUSION/RIÑA,2/11/21,00:00:00 - 02:59:59,PERSONA,PEATON [PERSONA],Mayor de edad,HOMBRE,NICARAGUA,ALAJUELA,SAN RAMON,PENAS BLANCAS
HOMICIDIO,DISCUSION/RIÑA,2/28/21,06:00:00 - 08:59:59,PERSONA,PEATON [PERSONA],Mayor de edad,HOMBRE,NICARAGUA,ALAJUELA,LOS CHILES,LOS CHILES
HOMICIDIO,DISCUSION/RIÑA,4/1/21,21:00:00 - 23:59:59,PERSONA,PEATON [PERSONA],Mayor de edad,HOMBRE,COSTA RICA,GUANACASTE,LA CRUZ,LA CRUZ
HOMICIDIO,DISCUSION/RIÑA,2/6/21,12:00:00 - 14:59:59,PERSONA,OTRO O INDETERMINADO [PERSONA],Mayor de edad,HOMBRE,COSTA RICA,CARTAGO,LA UNION,CONCEPCION
HOMICIDIO,DISCUSION/RIÑA,4/27/21,06:00:00 - 08:59:59,PERSONA,PEATON [PERSONA],Desconocido,HOMBRE,NICARAGUA,PUNTARENAS,GARABITO,JACO
HOMICIDIO,DISCUSION/RIÑA,10/22/21,18:00:00 - 20:59:59,PERSONA,OTRO O INDETERMINADO [PERSONA],Mayor de edad,HOMBRE,COSTA RICA,ALAJUELA,ALAJUELA,SAN JOSE
HOMICIDIO,DISCUSION/RIÑA,11/6/21,21:00:00 - 23:59:59,PERSONA,OTRO O INDETERMINADO [PERSONA],Mayor de edad,HOMBRE,COSTA RICA,ALAJUELA,PALMARES,BUENOS AIRES
HOMICIDIO,DISCUSION/RIÑA,12/25/21,21:00:00 - 23:59:59,PERSONA,OTRO O INDETERMINADO [PERSONA],Mayor de edad,HOMBRE,NICARAGUA,SAN JOSE,SAN JOSE,URUCA
HOMICIDIO,DISCUSION/RIÑA,1/20/22,03:00:00 - 05:59:59,PERSONA,PEATON [PERSONA],Mayor de edad,HOMBRE,COSTA RICA,SAN JOSE,PURISCAL,SANTIAGO
HOMICIDIO,DISCUSION/RIÑA,2/26/22,15:00:00 - 17:59:59,PERSONA,PEATON [PERSONA],Mayor de edad,HOMBRE,COSTA RICA,CARTAGO,CARTAGO,ORIENTAL
HOMICIDIO,DISCUSION/RIÑA,3/13/22,00:00:00 - 02:59:59,PERSONA,OTRO O INDETERMINADO [PERSONA],Desconocido,HOMBRE,Desconocido,SAN JOSE,SAN JOSE,CATEDRAL
HOMICIDIO,DISCUSION/RIÑA,4/23/22,00:00:00 - 02:59:59,PERSONA,PEATON [PERSONA],Mayor de edad,HOMBRE,COSTA RICA,LIMON,LIMON,LIMON
HOMICIDIO,DISCUSION/RIÑA,5/21/22,03:00:00 - 05:59:59,PERSONA,OTRO O INDETERMINADO [PERSONA],Mayor de edad,HOMBRE,COSTA RICA,HEREDIA,SAN RAFAEL,SAN JOSECITO
HOMICIDIO,DISCUSION/RIÑA,7/29/22,06:00:00 - 08:59:59,PERSONA,OTRO O INDETERMINADO [PERSONA],Mayor de edad,HOMBRE,NICARAGUA,SAN JOSE,SAN JOSE,PAVAS
HOMICIDIO,DISCUSION/RIÑA,9/11/22,06:00:00 - 08:59:59,PERSONA,PEATON [PERSONA],Mayor de edad,HOMBRE,COSTA RICA,SAN JOSE,ASERRI,ASERRI
HOMICIDIO,DISCUSION/RIÑA,10/23/22,12:00:00 - 14:59:59,PERSONA,OTRO O INDETERMINADO [PERSONA],Desconocido,HOMBRE,Desconocido,SAN JOSE,SAN JOSE,HATILLO
HOMICIDIO,DISCUSION/RIÑA,10/26/22,18:00:00 - 20:59:59,PERSONA,PEATON [PERSONA],Mayor de edad,DESCONOCIDO,COSTA RICA,PUNTARENAS,PUNTARENAS,CHACARITA
HOMICIDIO,DISCUSION/RIÑA,3/22/23,21:00:00 - 23:59:59,PERSONA,PEATON [PERSONA],Menor de edad,DESCONOCIDO,COSTA RICA,PUNTARENAS,PUNTARENAS,EL ROBLE
HOMICIDIO,DISCUSION/RIÑA,3/29/23,06:00:00 - 08:59:59,PERSONA,OTRO O INDETERMINADO [PERSONA],Mayor de edad,HOMBRE,NICARAGUA,GUANACASTE,LA CRUZ,LA CRUZ
HOMICIDIO,DISCUSION/RIÑA,5/5/23,00:00:00 - 02:59:59,PERSONA,PEATON [PERSONA],Mayor de edad,HOMBRE,COSTA RICA,ALAJUELA,ATENAS,MERCEDES
HOMICIDIO,AJUSTE DE CUENTAS/VENGANZA,6/18/23,00:00:00 - 02:59:59,PERSONA,OTRO O INDETERMINADO [PERSONA],Mayor de edad,HOMBRE,COSTA RICA,SAN JOSE,DESAMPARADOS,SAN RAFAEL ARRIBA
HOMICIDIO,AJUSTE DE CUENTAS/VENGANZA,6/25/23,03:00:00 - 05:59:59,PERSONA,PEATON [PERSONA],Desconocido,HOMBRE,Desconocido,HEREDIA,SARAPIQUI,PUERTO VIEJO
HOMICIDIO,AJUSTE DE CUENTAS/VENGANZA,7/11/23,21:00:00 - 23:59:59,PERSONA,OTRO O INDETERMINADO [PERSONA],Menor de edad,HOMBRE,COSTA RICA,GUANACASTE,NICOYA,NOSARA
HOMICIDIO,AJUSTE DE CUENTAS/VENGANZA,7/22/23,18:00:00 - 20:59:59,PERSONA,OTRO O INDETERMINADO [PERSONA],Mayor de edad,HOMBRE,COSTA RICA,SAN JOSE,ALAJUELITA,CONCEPCION
HOMICIDIO,AJUSTE DE CUENTAS/VENGANZA,7/22/23,18:00:00 - 20:59:59,PERSONA,OTRO O INDETERMINADO [PERSONA],Mayor de edad,HOMBRE,COSTA RICA,SAN JOSE,GOICOECHEA,PURRAL
HOMICIDIO,AJUSTE DE CUENTAS/VENGANZA,7/29/23,15:00:00 - 17:59:59,PERSONA,OTRO O INDETERMINADO [PERSONA],Mayor de edad,HOMBRE,Desconocido,LIMON,LIMON,LIMON
HOMICIDIO,AJUSTE DE CUENTAS/VENGANZA,8/2/23,12:00:00 - 14:59:59,PERSONA,OTRO O INDETERMINADO [PERSONA],Mayor de edad,HOMBRE,COSTA RICA,LIMON,LIMON,MATAMA
HOMICIDIO,AJUSTE DE CUENTAS/VENGANZA,8/5/23,18:00:00 - 20:59:59,PERSONA,OTRO O INDETERMINADO [PERSONA],Desconocido,HOMBRE,Desconocido,LIMON,GUACIMO,RIO JIMENEZ
HOMICIDIO,AJUSTE DE CUENTAS/VENGANZA,8/16/23,18:00:00 - 20:59:59,PERSONA,OTRO O INDETERMINADO [PERSONA],Mayor de edad,MUJER,COSTA RICA,SAN JOSE,SAN JOSE,PAVAS
HOMICIDIO,AJUSTE DE CUENTAS/VENGANZA,8/21/23,09:00:00 - 11:59:59,PERSONA,OTRO O INDETERMINADO [PERSONA],Mayor de edad,HOMBRE,JAMAICA,ALAJUELA,ALAJUELA,GUACIMA
HOMICIDIO,AJUSTE DE CUENTAS/VENGANZA,8/27/23,21:00:00 - 23:59:59,PERSONA,PEATON [PERSONA],Mayor de edad,HOMBRE,COSTA RICA,SAN JOSE,ASERRI,ASERRI
HOMICIDIO,AJUSTE DE CUENTAS/VENGANZA,8/28/23,00:00:00 - 02:59:59,PERSONA,OTRO O INDETERMINADO [PERSONA],Mayor de edad,HOMBRE,COSTA RICA,SAN JOSE,SAN JOSE,PAVAS
HOMICIDIO,AJUSTE DE CUENTAS/VENGANZA,8/26/23,21:00:00 - 23:59:59,PERSONA,OTRO O INDETERMINADO [PERSONA],Mayor de edad,HOMBRE,COSTA RICA,CARTAGO,LA UNION,CONCEPCION
HOMICIDIO,AJUSTE DE CUENTAS/VENGANZA,9/5/23,15:00:00 - 17:59:59,PERSONA,OTRO O INDETERMINADO [PERSONA],Mayor de edad,HOMBRE,COSTA RICA,GUANACASTE,NICOYA,NOSARA
HOMICIDIO,AJUSTE DE CUENTAS/VENGANZA,9/5/23,03:00:00 - 05:59:59,PERSONA,OTRO O INDETERMINADO [PERSONA],Mayor de edad,HOMBRE,COSTA RICA,LIMON,MATINA,CARRANDI
HOMICIDIO,AJUSTE DE CUENTAS/VENGANZA,9/5/23,03:00:00 - 05:59:59,PERSONA,OTRO O INDETERMINADO [PERSONA],Mayor de edad,HOMBRE,Desconocido,LIMON,MATINA,CARRANDI
HOMICIDIO,AJUSTE DE CUENTAS/VENGANZA,9/8/23,15:00:00 - 17:59:59,PERSONA,MENOR DE EDAD [PERSONA],Menor de edad,DESCONOCIDO,COSTA RICA,SAN JOSE,SAN JOSE,HATILLO
HOMICIDIO,AJUSTE DE CUENTAS/VENGANZA,9/23/23,18:00:00 - 20:59:59,PERSONA,OTRO O INDETERMINADO [PERSONA],Mayor de edad,HOMBRE,ESPANA,GUANACASTE,NICOYA,NICOYA
HOMICIDIO,AJUSTE DE CUENTAS/VENGANZA,9/28/23,03:00:00 - 05:59:59,PERSONA,PEATON [PERSONA],Mayor de edad,HOMBRE,COSTA RICA,LIMON,LIMON,MATAMA
HOMICIDIO,AJUSTE DE CUENTAS/VENGANZA,10/5/23,00:00:00 - 02:59:59,PERSONA,EMPRESARIO/COMERCIANTE [PERSONA],Mayor de edad,MUJER,COSTA RICA,GUANACASTE,SANTA CRUZ,TAMARINDO
HOMICIDIO,AJUSTE DE CUENTAS/VENGANZA,10/6/23,00:00:00 - 02:59:59,PERSONA,PEATON [PERSONA],Mayor de edad,HOMBRE,COSTA RICA,LIMON,LIMON,LIMON
HOMICIDIO,AJUSTE DE CUENTAS/VENGANZA,9/18/23,03:00:00 - 05:59:59,PERSONA,OTRO O INDETERMINADO [PERSONA],Mayor de edad,HOMBRE,COLOMBIA,SAN JOSE,TIBAS,CINCO ESQUINAS
HOMICIDIO,AJUSTE DE CUENTAS/VENGANZA,10/30/23,18:00:00 - 20:59:59,PERSONA,OTRO O INDETERMINADO [PERSONA],Mayor de edad,HOMBRE,COSTA RICA,CARTAGO,TURRIALBA,TURRIALBA
HOMICIDIO,POR LA COMISION DE OTRO DELITO,9/14/23,18:00:00 - 20:59:59,PERSONA,GUARDA [PERSONA],Mayor de edad,HOMBRE,COSTA RICA,PUNTARENAS,PUNTARENAS,BARRANCA
HOMICIDIO,POR LA COMISION DE OTRO DELITO,9/30/23,06:00:00 - 08:59:59,PERSONA,PEATON [PERSONA],Adulto Mayor,HOMBRE,COSTA RICA,HEREDIA,SANTA BARBARA,SANTA BARBARA
HOMICIDIO,POR LA COMISION DE OTRO DELITO,10/1/23,03:00:00 - 05:59:59,PERSONA,CLIENTE LOCAL COMERCIAL [PERSONA],Mayor de edad,HOMBRE,NICARAGUA,LIMON,TALAMANCA,SIXAOLA
HOMICIDIO,POR LA COMISION DE OTRO DELITO,11/7/23,00:00:00 - 02:59:59,PERSONA,OTRO O INDETERMINADO [PERSONA],Desconocido,HOMBRE,NICARAGUA,CARTAGO,LA UNION,SAN RAFAEL
HOMICIDIO,PROFESIONAL,10/15/22,03:00:00 - 05:59:59,PERSONA,PEATON [PERSONA],Mayor de edad,HOMBRE,NICARAGUA,ALAJUELA,GRECIA,TACARES
HOMICIDIO,REPELIENDO ACTIVIDAD CRIMINAL,1/7/21,18:00:00 - 20:59:59,PERSONA,OTRO O INDETERMINADO [PERSONA],Mayor de edad,HOMBRE,COSTA RICA,LIMON,SIQUIRRES,PACUARITO
HOMICIDIO,REPELIENDO ACTIVIDAD CRIMINAL,2/18/21,06:00:00 - 08:59:59,PERSONA,OTRO O INDETERMINADO [PERSONA],Mayor de edad,HOMBRE,COSTA RICA,SAN JOSE,TIBAS,LEON XIII
HOMICIDIO,REPELIENDO ACTIVIDAD CRIMINAL,3/5/21,12:00:00 - 14:59:59,PERSONA,OTRO O INDETERMINADO [PERSONA],Mayor de edad,HOMBRE,COSTA RICA,CARTAGO,PARAISO,PARAISO
HOMICIDIO,REPELIENDO ACTIVIDAD CRIMINAL,8/1/21,21:00:00 - 23:59:59,PERSONA,OTRO O INDETERMINADO [PERSONA],Mayor de edad,DESCONOCIDO,COSTA RICA,LIMON,SIQUIRRES,SIQUIRRES
HOMICIDIO,REPELIENDO ACTIVIDAD CRIMINAL,4/17/22,21:00:00 - 23:59:59,PERSONA,OTRO O INDETERMINADO [PERSONA],Mayor de edad,HOMBRE,COSTA RICA,HEREDIA,SAN RAFAEL,SAN RAFAEL
HOMICIDIO,REPELIENDO ACTIVIDAD CRIMINAL,10/7/22,21:00:00 - 23:59:59,PERSONA,OTRO O INDETERMINADO [PERSONA],Desconocido,HOMBRE,Desconocido,ALAJUELA,ALAJUELA,SAN ISIDRO
HOMICIDIO,REPELIENDO ACTIVIDAD CRIMINAL,1/6/23,06:00:00 - 08:59:59,PERSONA,OTRO O INDETERMINADO [PERSONA],Mayor de edad,HOMBRE,COSTA RICA,LIMON,GUACIMO,RIO JIMENEZ
HOMICIDIO,VIOLENCIA DOMESTICA,6/18/22,00:00:00 - 02:59:59,PERSONA,MENOR DE EDAD [PERSONA],Desconocido,DESCONOCIDO,Desconocido,ALAJUELA,ALAJUELA,DESAMPARADOS
HOMICIDIO,VIOLENCIA DOMESTICA,6/25/22,18:00:00 - 20:59:59,PERSONA,OTRO O INDETERMINADO [PERSONA],Mayor de edad,HOMBRE,COSTA RICA,SAN JOSE,SANTA ANA,SALITRAL
HOMICIDIO,VIOLENCIA DOMESTICA,5/25/23,09:00:00 - 11:59:59,PERSONA,CLIENTE HOTEL/MOTEL/PENSION [PERSONA],Mayor de edad,MUJER,NICARAGUA,GUANACASTE,NICOYA,NICOYA
HOMICIDIO,VIOLENCIA DOMESTICA,7/21/23,12:00:00 - 14:59:59,PERSONA,OTRO O INDETERMINADO [PERSONA],Adulto Mayor,HOMBRE,COSTA RICA,SAN JOSE,PEREZ ZELEDON,DANIEL FLORES
HOMICIDIO,VIOLENCIA DOMESTICA,9/26/23,00:00:00 - 02:59:59,PERSONA,OTRO O INDETERMINADO [PERSONA],Mayor de edad,HOMBRE,COSTA RICA,SAN JOSE,SAN JOSE,SAN SEBASTIAN
HOMICIDIO,POR LA COMISION DE OTRO DELITO,11/25/22,21:00:00 - 23:59:59,PERSONA,PEATON [PERSONA],Menor de edad,HOMBRE,COSTA RICA,SAN JOSE,DESAMPARADOS,GRAVILIAS
HOMICIDIO,POR LA COMISION DE OTRO DELITO,12/26/22,00:00:00 - 02:59:59,PERSONA,OTRO O INDETERMINADO [PERSONA],Mayor de edad,DESCONOCIDO,COSTA RICA,SAN JOSE,SAN JOSE,ZAPOTE
HOMICIDIO,POR LA COMISION DE OTRO DELITO,1/24/23,12:00:00 - 14:59:59,PERSONA,DELINCUENTE (RECONOCIDO) [PERSONA],Desconocido,HOMBRE,Desconocido,GUANACASTE,NICOYA,NICOYA
HOMICIDIO,POR LA COMISION DE OTRO DELITO,5/10/23,12:00:00 - 14:59:59,PERSONA,OTRO O INDETERMINADO [PERSONA],Mayor de edad,HOMBRE,COSTA RICA,LIMON,LIMON,LIMON
HOMICIDIO,POR LA COMISION DE OTRO DELITO,5/21/23,18:00:00 - 20:59:59,PERSONA,EMPRESARIO/COMERCIANTE [PERSONA],Desconocido,HOMBRE,CHINA,LIMON,LIMON,LIMON
HOMICIDIO,POR LA COMISION DE OTRO DELITO,6/7/23,21:00:00 - 23:59:59,PERSONA,OTRO O INDETERMINADO [PERSONA],Desconocido,HOMBRE,COSTA RICA,LIMON,LIMON,LIMON
HOMICIDIO,POR LA COMISION DE OTRO DELITO,9/3/23,21:00:00 - 23:59:59,PERSONA,PEATON [PERSONA],Desconocido,DESCONOCIDO,Desconocido,PUNTARENAS,PUNTARENAS,BARRANCA
HOMICIDIO,POR LA COMISION DE OTRO DELITO,8/21/23,21:00:00 - 23:59:59,PERSONA,OTRO O INDETERMINADO [PERSONA],Mayor de edad,HOMBRE,NICARAGUA,SAN JOSE,PEREZ ZELEDON,RIVAS
HOMICIDIO,PROFESIONAL,4/8/22,00:00:00 - 02:59:59,PERSONA,OTRO O INDETERMINADO [PERSONA],Mayor de edad,HOMBRE,COLOMBIA,PUNTARENAS,ESPARZA,ESPIRITU SANTO
HOMICIDIO,PROFESIONAL,9/21/23,09:00:00 - 11:59:59,PERSONA,PEATON [PERSONA],Mayor de edad,DESCONOCIDO,PANAMA,PUNTARENAS,MONTES DE ORO,SAN ISIDRO
HOMICIDIO,REPELIENDO ACTIVIDAD CRIMINAL,4/21/22,12:00:00 - 14:59:59,PERSONA,OTRO O INDETERMINADO [PERSONA],Desconocido,HOMBRE,NICARAGUA,ALAJUELA,SAN RAMON,SANTIAGO
HOMICIDIO,REPELIENDO ACTIVIDAD CRIMINAL,10/4/23,18:00:00 - 20:59:59,PERSONA,OTRO O INDETERMINADO [PERSONA],Mayor de edad,HOMBRE,COSTA RICA,SAN JOSE,GOICOECHEA,CALLE BLANCOS
HOMICIDIO,VIOLENCIA DOMESTICA,4/9/22,18:00:00 - 20:59:59,PERSONA,OTRO O INDETERMINADO [PERSONA],Mayor de edad,DESCONOCIDO,Desconocido,LIMON,GUACIMO,RIO JIMENEZ
HOMICIDIO,VIOLENCIA DOMESTICA,3/22/23,18:00:00 - 20:59:59,PERSONA,OTRO O INDETERMINADO [PERSONA],Mayor de edad,MUJER,COSTA RICA,GUANACASTE,SANTA CRUZ,TAMARINDO
HOMICIDIO,VIOLENCIA DOMESTICA,8/14/23,18:00:00 - 20:59:59,PERSONA,OTRO O INDETERMINADO [PERSONA],Mayor de edad,MUJER,Desconocido,LIMON,POCOCI,GUAPILES
HOMICIDIO,VIOLENCIA DOMESTICA,11/21/23,06:00:00 - 08:59:59,PERSONA,PEATON [PERSONA],Adulto Mayor,HOMBRE,COSTA RICA,SAN JOSE,SANTA ANA,URUCA
HOMICIDIO,AJUSTE DE CUENTAS/VENGANZA,7/21/21,00:00:00 - 02:59:59,PERSONA,OTRO O INDETERMINADO [PERSONA],Mayor de edad,HOMBRE,COSTA RICA,LIMON,POCOCI,CARIARI
HOMICIDIO,AJUSTE DE CUENTAS/VENGANZA,7/11/21,15:00:00 - 17:59:59,PERSONA,OTRO O INDETERMINADO [PERSONA],Mayor de edad,DESCONOCIDO,COSTA RICA,SAN JOSE,SAN JOSE,MERCED
HOMICIDIO,AJUSTE DE CUENTAS/VENGANZA,8/7/21,06:00:00 - 08:59:59,PERSONA,PEATON [PERSONA],Mayor de edad,DESCONOCIDO,COSTA RICA,PUNTARENAS,GOLFITO,GOLFITO
HOMICIDIO,AJUSTE DE CUENTAS/VENGANZA,8/30/21,12:00:00 - 14:59:59,PERSONA,PEATON [PERSONA],Mayor de edad,HOMBRE,NICARAGUA,LIMON,LIMON,LIMON
HOMICIDIO,AJUSTE DE CUENTAS/VENGANZA,9/15/21,18:00:00 - 20:59:59,PERSONA,PEATON [PERSONA],Mayor de edad,HOMBRE,COSTA RICA,LIMON,LIMON,LIMON
HOMICIDIO,AJUSTE DE CUENTAS/VENGANZA,9/6/21,12:00:00 - 14:59:59,PERSONA,PEATON [PERSONA],Mayor de edad,HOMBRE,COSTA RICA,LIMON,LIMON,LIMON
HOMICIDIO,AJUSTE DE CUENTAS/VENGANZA,10/17/21,18:00:00 - 20:59:59,PERSONA,PEATON [PERSONA],Mayor de edad,HOMBRE,COSTA RICA,LIMON,LIMON,LIMON
HOMICIDIO,AJUSTE DE CUENTAS/VENGANZA,11/13/21,18:00:00 - 20:59:59,PERSONA,CLIENTE LOCAL COMERCIAL [PERSONA],Mayor de edad,HOMBRE,Desconocido,GUANACASTE,LA CRUZ,LA CRUZ
HOMICIDIO,AJUSTE DE CUENTAS/VENGANZA,12/8/21,09:00:00 - 11:59:59,PERSONA,OTRO O INDETERMINADO [PERSONA],Mayor de edad,HOMBRE,COSTA RICA,GUANACASTE,LA CRUZ,SANTA CECILIA
HOMICIDIO,AJUSTE DE CUENTAS/VENGANZA,1/5/22,00:00:00 - 02:59:59,PERSONA,OTRO O INDETERMINADO [PERSONA],Mayor de edad,HOMBRE,COSTA RICA,SAN JOSE,TIBAS,LEON XIII
HOMICIDIO,AJUSTE DE CUENTAS/VENGANZA,1/11/22,00:00:00 - 02:59:59,PERSONA,OTRO O INDETERMINADO [PERSONA],Mayor de edad,HOMBRE,COSTA RICA,SAN JOSE,SAN JOSE,PAVAS
HOMICIDIO,AJUSTE DE CUENTAS/VENGANZA,1/24/22,18:00:00 - 20:59:59,PERSONA,PEATON [PERSONA],Mayor de edad,HOMBRE,COSTA RICA,LIMON,MATINA,BATAN
HOMICIDIO,AJUSTE DE CUENTAS/VENGANZA,1/30/22,09:00:00 - 11:59:59,PERSONA,OTRO O INDETERMINADO [PERSONA],Mayor de edad,HOMBRE,COSTA RICA,ALAJUELA,SARCHÍ,TORO AMARILLO
HOMICIDIO,AJUSTE DE CUENTAS/VENGANZA,2/10/22,12:00:00 - 14:59:59,PERSONA,OTRO O INDETERMINADO [PERSONA],Mayor de edad,HOMBRE,COSTA RICA,SAN JOSE,ESCAZU,SAN ANTONIO
HOMICIDIO,AJUSTE DE CUENTAS/VENGANZA,3/2/22,21:00:00 - 23:59:59,PERSONA,PEATON [PERSONA],Mayor de edad,HOMBRE,COSTA RICA,ALAJUELA,NARANJO,SAN MIGUEL
HOMICIDIO,AJUSTE DE CUENTAS/VENGANZA,2/27/22,09:00:00 - 11:59:59,PERSONA,OTRO O INDETERMINADO [PERSONA],Mayor de edad,HOMBRE,COSTA RICA,SAN JOSE,GOICOECHEA,PURRAL
HOMICIDIO,AJUSTE DE CUENTAS/VENGANZA,3/20/22,15:00:00 - 17:59:59,PERSONA,OTRO O INDETERMINADO [PERSONA],Mayor de edad,HOMBRE,COSTA RICA,HEREDIA,HEREDIA,SAN FRANCISCO
HOMICIDIO,AJUSTE DE CUENTAS/VENGANZA,4/14/22,15:00:00 - 17:59:59,PERSONA,OTRO O INDETERMINADO [PERSONA],Mayor de edad,DESCONOCIDO,COSTA RICA,LIMON,POCOCI,GUAPILES
HOMICIDIO,AJUSTE DE CUENTAS/VENGANZA,4/30/22,06:00:00 - 08:59:59,PERSONA,PEATON [PERSONA],Mayor de edad,HOMBRE,COSTA RICA,PUNTARENAS,PUNTARENAS,BARRANCA
HOMICIDIO,AJUSTE DE CUENTAS/VENGANZA,5/2/22,21:00:00 - 23:59:59,PERSONA,OTRO O INDETERMINADO [PERSONA],Mayor de edad,HOMBRE,COSTA RICA,GUANACASTE,CARRILLO,SARDINAL
HOMICIDIO,AJUSTE DE CUENTAS/VENGANZA,5/7/22,18:00:00 - 20:59:59,PERSONA,DELINCUENTE (RECONOCIDO) [PERSONA],Mayor de edad,HOMBRE,COSTA RICA,PUNTARENAS,CORREDORES,CANOAS
HOMICIDIO,AJUSTE DE CUENTAS/VENGANZA,5/15/22,03:00:00 - 05:59:59,PERSONA,OTRO O INDETERMINADO [PERSONA],Mayor de edad,HOMBRE,COSTA RICA,SAN JOSE,ESCAZU,ESCAZU
HOMICIDIO,AJUSTE DE CUENTAS/VENGANZA,5/23/22,21:00:00 - 23:59:59,PERSONA,PEATON [PERSONA],Mayor de edad,HOMBRE,COSTA RICA,PUNTARENAS,CORREDORES,CANOAS
HOMICIDIO,DISCUSION/RIÑA,6/11/23,21:00:00 - 23:59:59,PERSONA,OTRO O INDETERMINADO [PERSONA],Mayor de edad,HOMBRE,COSTA RICA,SAN JOSE,DESAMPARADOS,DAMAS
HOMICIDIO,DISCUSION/RIÑA,10/13/23,21:00:00 - 23:59:59,PERSONA,OTRO O INDETERMINADO [PERSONA],Mayor de edad,HOMBRE,Desconocido,ALAJUELA,ALAJUELA,ALAJUELA
HOMICIDIO,DISCUSION/RIÑA,11/5/23,15:00:00 - 17:59:59,PERSONA,OTRO O INDETERMINADO [PERSONA],Mayor de edad,HOMBRE,COSTA RICA,GUANACASTE,BAGACES,BAGACES
HOMICIDIO,DISCUSION/RIÑA,11/16/23,00:00:00 - 02:59:59,PERSONA,PEATON [PERSONA],Mayor de edad,HOMBRE,COSTA RICA,SAN JOSE,SAN JOSE,MERCED
HOMICIDIO,NO DETERMINADO,1/29/21,21:00:00 - 23:59:59,PERSONA,INDIGENTE [PERSONA],Mayor de edad,HOMBRE,COSTA RICA,SAN JOSE,DESAMPARADOS,DESAMPARADOS
HOMICIDIO,NO DETERMINADO,5/7/21,12:00:00 - 14:59:59,PERSONA,OTRO O INDETERMINADO [PERSONA],Mayor de edad,HOMBRE,COSTA RICA,ALAJUELA,SAN CARLOS,POCOSOL
HOMICIDIO,NO DETERMINADO,6/3/21,18:00:00 - 20:59:59,PERSONA,OTRO O INDETERMINADO [PERSONA],Desconocido,HOMBRE,NICARAGUA,PUNTARENAS,GARABITO,JACO
HOMICIDIO,OTRO O INDETERMINADO,11/8/21,21:00:00 - 23:59:59,PERSONA,EMPRESARIO/COMERCIANTE [PERSONA],Mayor de edad,HOMBRE,PANAMA,PUNTARENAS,GARABITO,JACO
HOMICIDIO,OTRO O INDETERMINADO,11/21/23,00:00:00 - 02:59:59,PERSONA,PEATON [PERSONA],Desconocido,HOMBRE,COSTA RICA,SAN JOSE,MORAVIA,SAN VICENTE
HOMICIDIO,POR LA COMISION DE OTRO DELITO,1/5/21,21:00:00 - 23:59:59,PERSONA,OTRO O INDETERMINADO [PERSONA],Mayor de edad,HOMBRE,COSTA RICA,LIMON,POCOCI,ROXANA
HOMICIDIO,POR LA COMISION DE OTRO DELITO,4/17/21,15:00:00 - 17:59:59,PERSONA,OTRO O INDETERMINADO [PERSONA],Mayor de edad,HOMBRE,COSTA RICA,SAN JOSE,ALAJUELITA,SAN FELIPE
HOMICIDIO,POR LA COMISION DE OTRO DELITO,5/24/21,21:00:00 - 23:59:59,PERSONA,GUARDA [PERSONA],Mayor de edad,DESCONOCIDO,COSTA RICA,LIMON,POCOCI,JIMENEZ
HOMICIDIO,POR LA COMISION DE OTRO DELITO,7/20/21,21:00:00 - 23:59:59,PERSONA,OTRO O INDETERMINADO [PERSONA],Adulto Mayor,HOMBRE,COSTA RICA,CARTAGO,LA UNION,CONCEPCION
HOMICIDIO,POR LA COMISION DE OTRO DELITO,9/2/21,12:00:00 - 14:59:59,PERSONA,OTRO O INDETERMINADO [PERSONA],Mayor de edad,DESCONOCIDO,COSTA RICA,LIMON,SIQUIRRES,SIQUIRRES
HOMICIDIO,POR LA COMISION DE OTRO DELITO,10/17/21,09:00:00 - 11:59:59,PERSONA,OTRO O INDETERMINADO [PERSONA],Mayor de edad,HOMBRE,ESTADOS UNIDOS,PUNTARENAS,BUENOS AIRES,BRUNKA
HOMICIDIO,POR LA COMISION DE OTRO DELITO,10/21/21,15:00:00 - 17:59:59,PERSONA,OTRO O INDETERMINADO [PERSONA],Mayor de edad,HOMBRE,COSTA RICA,HEREDIA,SANTA BARBARA,JESUS
HOMICIDIO,POR LA COMISION DE OTRO DELITO,11/11/21,09:00:00 - 11:59:59,PERSONA,OTRO O INDETERMINADO [PERSONA],Mayor de edad,DESCONOCIDO,COSTA RICA,CARTAGO,CARTAGO,ORIENTAL
HOMICIDIO,POR LA COMISION DE OTRO DELITO,11/12/21,09:00:00 - 11:59:59,PERSONA,EMPRESARIO/COMERCIANTE [PERSONA],Desconocido,HOMBRE,Desconocido,GUANACASTE,BAGACES,MOGOTE
HOMICIDIO,POR LA COMISION DE OTRO DELITO,12/22/21,00:00:00 - 02:59:59,PERSONA,OTRO O INDETERMINADO [PERSONA],Desconocido,DESCONOCIDO,Desconocido,SAN JOSE,SAN JOSE,MERCED
HOMICIDIO,POR LA COMISION DE OTRO DELITO,1/25/22,06:00:00 - 08:59:59,PERSONA,PEATON [PERSONA],Mayor de edad,HOMBRE,COSTA RICA,SAN JOSE,ASERRI,SALITRILLOS
HOMICIDIO,POR LA COMISION DE OTRO DELITO,5/5/22,12:00:00 - 14:59:59,PERSONA,OTRO O INDETERMINADO [PERSONA],Mayor de edad,HOMBRE,COSTA RICA,ALAJUELA,GRECIA,SAN ISIDRO
HOMICIDIO,POR LA COMISION DE OTRO DELITO,6/19/22,06:00:00 - 08:59:59,PERSONA,PEATON [PERSONA],Mayor de edad,HOMBRE,COSTA RICA,LIMON,LIMON,LIMON
HOMICIDIO,POR LA COMISION DE OTRO DELITO,6/24/22,09:00:00 - 11:59:59,PERSONA,PEATON [PERSONA],Desconocido,HOMBRE,NICARAGUA,SAN JOSE,SAN JOSE,CARMEN
HOMICIDIO,AJUSTE DE CUENTAS/VENGANZA,7/13/22,21:00:00 - 23:59:59,PERSONA,PEATON [PERSONA],Desconocido,HOMBRE,Desconocido,PUNTARENAS,PUNTARENAS,EL ROBLE
HOMICIDIO,AJUSTE DE CUENTAS/VENGANZA,7/24/22,21:00:00 - 23:59:59,PERSONA,OTRO O INDETERMINADO [PERSONA],Mayor de edad,HOMBRE,COLOMBIA,ALAJUELA,ALAJUELA,SAN RAFAEL
HOMICIDIO,AJUSTE DE CUENTAS/VENGANZA,8/3/22,12:00:00 - 14:59:59,PERSONA,OTRO O INDETERMINADO [PERSONA],Mayor de edad,HOMBRE,COSTA RICA,CARTAGO,CARTAGO,GUADALUPE
HOMICIDIO,AJUSTE DE CUENTAS/VENGANZA,8/8/22,06:00:00 - 08:59:59,PERSONA,OTRO O INDETERMINADO [PERSONA],Mayor de edad,HOMBRE,COSTA RICA,LIMON,POCOCI,JIMENEZ
HOMICIDIO,AJUSTE DE CUENTAS/VENGANZA,8/14/22,03:00:00 - 05:59:59,PERSONA,PEATON [PERSONA],Mayor de edad,HOMBRE,Desconocido,PUNTARENAS,PUNTARENAS,BARRANCA
HOMICIDIO,AJUSTE DE CUENTAS/VENGANZA,8/21/22,09:00:00 - 11:59:59,PERSONA,OTRO O INDETERMINADO [PERSONA],Mayor de edad,HOMBRE,COSTA RICA,LIMON,POCOCI,JIMENEZ
HOMICIDIO,AJUSTE DE CUENTAS/VENGANZA,8/30/22,15:00:00 - 17:59:59,PERSONA,PEATON [PERSONA],Mayor de edad,HOMBRE,Desconocido,LIMON,SIQUIRRES,SIQUIRRES
HOMICIDIO,AJUSTE DE CUENTAS/VENGANZA,9/28/22,09:00:00 - 11:59:59,PERSONA,OTRO O INDETERMINADO [PERSONA],Mayor de edad,HOMBRE,Desconocido,ALAJUELA,ALAJUELA,RIO SEGUNDO
HOMICIDIO,AJUSTE DE CUENTAS/VENGANZA,9/14/22,18:00:00 - 20:59:59,PERSONA,OTRO O INDETERMINADO [PERSONA],Menor de edad,HOMBRE,COSTA RICA,SAN JOSE,DESAMPARADOS,SAN RAFAEL ARRIBA
HOMICIDIO,AJUSTE DE CUENTAS/VENGANZA,10/30/22,21:00:00 - 23:59:59,PERSONA,PEATON [PERSONA],Mayor de edad,HOMBRE,COSTA RICA,PUNTARENAS,PUNTARENAS,BARRANCA
HOMICIDIO,AJUSTE DE CUENTAS/VENGANZA,11/4/22,21:00:00 - 23:59:59,PERSONA,PEATON [PERSONA],Mayor de edad,DESCONOCIDO,Desconocido,CARTAGO,LA UNION,SAN DIEGO
HOMICIDIO,AJUSTE DE CUENTAS/VENGANZA,11/22/22,12:00:00 - 14:59:59,PERSONA,PEATON [PERSONA],Mayor de edad,HOMBRE,COSTA RICA,CARTAGO,OREAMUNO,SAN RAFAEL
HOMICIDIO,AJUSTE DE CUENTAS/VENGANZA,11/26/22,21:00:00 - 23:59:59,PERSONA,OTRO O INDETERMINADO [PERSONA],Mayor de edad,HOMBRE,COSTA RICA,SAN JOSE,PEREZ ZELEDON,CAJON
HOMICIDIO,AJUSTE DE CUENTAS/VENGANZA,12/2/22,03:00:00 - 05:59:59,PERSONA,PEATON [PERSONA],Mayor de edad,HOMBRE,COSTA RICA,SAN JOSE,TURRUBARES,SAN JUAN DE MATA
HOMICIDIO,AJUSTE DE CUENTAS/VENGANZA,12/4/22,18:00:00 - 20:59:59,PERSONA,OTRO O INDETERMINADO [PERSONA],Mayor de edad,HOMBRE,COSTA RICA,GUANACASTE,NICOYA,NOSARA
HOMICIDIO,AJUSTE DE CUENTAS/VENGANZA,12/22/22,00:00:00 - 02:59:59,PERSONA,OTRO O INDETERMINADO [PERSONA],Mayor de edad,DESCONOCIDO,COSTA RICA,LIMON,GUACIMO,DUACARI
HOMICIDIO,AJUSTE DE CUENTAS/VENGANZA,12/22/22,12:00:00 - 14:59:59,PERSONA,OTRO O INDETERMINADO [PERSONA],Mayor de edad,HOMBRE,COSTA RICA,LIMON,POCOCI,ROXANA
HOMICIDIO,AJUSTE DE CUENTAS/VENGANZA,12/27/22,15:00:00 - 17:59:59,PERSONA,OTRO O INDETERMINADO [PERSONA],Mayor de edad,HOMBRE,COSTA RICA,LIMON,POCOCI,RITA
HOMICIDIO,AJUSTE DE CUENTAS/VENGANZA,12/31/22,18:00:00 - 20:59:59,PERSONA,PEATON [PERSONA],Mayor de edad,HOMBRE,COSTA RICA,LIMON,MATINA,CARRANDI
HOMICIDIO,AJUSTE DE CUENTAS/VENGANZA,1/18/23,18:00:00 - 20:59:59,PERSONA,PEATON [PERSONA],Mayor de edad,MUJER,COSTA RICA,LIMON,MATINA,BATAN
HOMICIDIO,AJUSTE DE CUENTAS/VENGANZA,2/9/23,09:00:00 - 11:59:59,PERSONA,OTRO O INDETERMINADO [PERSONA],Mayor de edad,HOMBRE,COSTA RICA,SAN JOSE,SAN JOSE,PAVAS
HOMICIDIO,AJUSTE DE CUENTAS/VENGANZA,2/11/23,03:00:00 - 05:59:59,PERSONA,OTRO O INDETERMINADO [PERSONA],Desconocido,HOMBRE,Desconocido,GUANACASTE,CARRILLO,BELEN
HOMICIDIO,AJUSTE DE CUENTAS/VENGANZA,2/16/23,21:00:00 - 23:59:59,PERSONA,PEATON [PERSONA],Mayor de edad,MUJER,COSTA RICA,LIMON,MATINA,MATINA
HOMICIDIO,AJUSTE DE CUENTAS/VENGANZA,11/17/23,00:00:00 - 02:59:59,PERSONA,PEATON [PERSONA],Mayor de edad,HOMBRE,COSTA RICA,ALAJUELA,GUATUSO,KATIRA
HOMICIDIO,AJUSTE DE CUENTAS/VENGANZA,11/19/23,12:00:00 - 14:59:59,PERSONA,PEATON [PERSONA],Mayor de edad,HOMBRE,COSTA RICA,LIMON,LIMON,LIMON
HOMICIDIO,AJUSTE DE CUENTAS/VENGANZA,11/26/23,15:00:00 - 17:59:59,PERSONA,OTRO O INDETERMINADO [PERSONA],Mayor de edad,HOMBRE,COSTA RICA,GUANACASTE,NICOYA,NOSARA
HOMICIDIO,AJUSTE DE CUENTAS/VENGANZA,11/27/23,00:00:00 - 02:59:59,PERSONA,OTRO O INDETERMINADO [PERSONA],Mayor de edad,MUJER,COSTA RICA,GUANACASTE,CARRILLO,BELEN
HOMICIDIO,AJUSTE DE CUENTAS/VENGANZA,12/4/23,09:00:00 - 11:59:59,PERSONA,PEATON [PERSONA],Mayor de edad,HOMBRE,COSTA RICA,SAN JOSE,SAN JOSE,HOSPITAL
HOMICIDIO,AJUSTE DE CUENTAS/VENGANZA,12/17/23,18:00:00 - 20:59:59,PERSONA,TAXISTA [PERSONA],Mayor de edad,HOMBRE,COSTA RICA,CARTAGO,TURRIALBA,LA SUIZA
HOMICIDIO,AJUSTE DE CUENTAS/VENGANZA,12/24/23,03:00:00 - 05:59:59,PERSONA,PEATON [PERSONA],Desconocido,HOMBRE,Desconocido,CARTAGO,TURRIALBA,TURRIALBA
HOMICIDIO,DISCUSION/RIÑA,1/24/21,12:00:00 - 14:59:59,PERSONA,CLIENTE LOCAL COMERCIAL [PERSONA],Mayor de edad,HOMBRE,COSTA RICA,HEREDIA,FLORES,BARRANTES
HOMICIDIO,DISCUSION/RIÑA,2/14/21,03:00:00 - 05:59:59,PERSONA,PEATON [PERSONA],Mayor de edad,HOMBRE,REPUBLICA DOMINICANA,PUNTARENAS,QUEPOS,QUEPOS
HOMICIDIO,DISCUSION/RIÑA,5/29/21,03:00:00 - 05:59:59,PERSONA,PEATON [PERSONA],Mayor de edad,HOMBRE,COSTA RICA,PUNTARENAS,PUNTARENAS,EL ROBLE
HOMICIDIO,DISCUSION/RIÑA,8/15/21,21:00:00 - 23:59:59,PERSONA,PEATON [PERSONA],Mayor de edad,HOMBRE,COSTA RICA,LIMON,LIMON,MATAMA
HOMICIDIO,DISCUSION/RIÑA,8/18/21,09:00:00 - 11:59:59,PERSONA,PEATON [PERSONA],Desconocido,HOMBRE,COSTA RICA,LIMON,LIMON,LIMON
HOMICIDIO,DISCUSION/RIÑA,9/10/21,15:00:00 - 17:59:59,PERSONA,PEATON [PERSONA],Mayor de edad,DESCONOCIDO,Desconocido,SAN JOSE,SAN JOSE,SAN SEBASTIAN
HOMICIDIO,DISCUSION/RIÑA,9/28/21,06:00:00 - 08:59:59,PERSONA,OTRO O INDETERMINADO [PERSONA],Mayor de edad,HOMBRE,COSTA RICA,GUANACASTE,BAGACES,BAGACES
HOMICIDIO,DISCUSION/RIÑA,10/6/21,21:00:00 - 23:59:59,PERSONA,OTRO O INDETERMINADO [PERSONA],Mayor de edad,HOMBRE,NICARAGUA,PUNTARENAS,ESPARZA,ESPIRITU SANTO
HOMICIDIO,DISCUSION/RIÑA,10/24/21,00:00:00 - 02:59:59,PERSONA,OTRO O INDETERMINADO [PERSONA],Mayor de edad,HOMBRE,COSTA RICA,HEREDIA,HEREDIA,SAN FRANCISCO
HOMICIDIO,DISCUSION/RIÑA,11/10/21,00:00:00 - 02:59:59,PERSONA,OTRO O INDETERMINADO [PERSONA],Mayor de edad,HOMBRE,COSTA RICA,HEREDIA,SARAPIQUI,HORQUETAS
HOMICIDIO,DISCUSION/RIÑA,3/1/22,18:00:00 - 20:59:59,PERSONA,PEATON [PERSONA],Mayor de edad,HOMBRE,COSTA RICA,LIMON,MATINA,BATAN
HOMICIDIO,DISCUSION/RIÑA,11/28/21,00:00:00 - 02:59:59,PERSONA,PEATON [PERSONA],Mayor de edad,HOMBRE,COSTA RICA,LIMON,TALAMANCA,BRATSI
HOMICIDIO,DISCUSION/RIÑA,12/17/21,15:00:00 - 17:59:59,PERSONA,OTRO O INDETERMINADO [PERSONA],Mayor de edad,HOMBRE,COSTA RICA,HEREDIA,SANTO DOMINGO,SANTA ROSA
HOMICIDIO,DISCUSION/RIÑA,2/18/22,18:00:00 - 20:59:59,PERSONA,PEATON [PERSONA],Mayor de edad,HOMBRE,NICARAGUA,SAN JOSE,SAN JOSE,HOSPITAL
HOMICIDIO,DISCUSION/RIÑA,4/9/22,06:00:00 - 08:59:59,PERSONA,FINQUERO [PERSONA],Mayor de edad,DESCONOCIDO,COSTA RICA,ALAJUELA,UPALA,UPALA
HOMICIDIO,DISCUSION/RIÑA,4/25/22,00:00:00 - 02:59:59,PERSONA,PEATON [PERSONA],Desconocido,HOMBRE,NICARAGUA,PUNTARENAS,GARABITO,JACO
HOMICIDIO,DISCUSION/RIÑA,5/16/22,09:00:00 - 11:59:59,PERSONA,OTRO O INDETERMINADO [PERSONA],Mayor de edad,HOMBRE,COSTA RICA,SAN JOSE,ALAJUELITA,CONCEPCION
HOMICIDIO,AJUSTE DE CUENTAS/VENGANZA,11/4/23,03:00:00 - 05:59:59,PERSONA,PEATON [PERSONA],Mayor de edad,HOMBRE,COSTA RICA,PUNTARENAS,PUNTARENAS,CHACARITA
HOMICIDIO,AJUSTE DE CUENTAS/VENGANZA,11/4/23,09:00:00 - 11:59:59,PERSONA,PEATON [PERSONA],Mayor de edad,HOMBRE,NICARAGUA,LIMON,MATINA,BATAN
HOMICIDIO,AJUSTE DE CUENTAS/VENGANZA,11/16/23,00:00:00 - 02:59:59,PERSONA,PEATON [PERSONA],Desconocido,HOMBRE,Desconocido,ALAJUELA,OROTINA,OROTINA
HOMICIDIO,AJUSTE DE CUENTAS/VENGANZA,11/21/23,21:00:00 - 23:59:59,PERSONA,OTRO O INDETERMINADO [PERSONA],Menor de edad,DESCONOCIDO,COSTA RICA,SAN JOSE,ASERRI,ASERRI
HOMICIDIO,AJUSTE DE CUENTAS/VENGANZA,12/11/23,00:00:00 - 02:59:59,PERSONA,OTRO O INDETERMINADO [PERSONA],Mayor de edad,HOMBRE,COSTA RICA,SAN JOSE,ALAJUELITA,SAN JOSECITO
HOMICIDIO,AJUSTE DE CUENTAS/VENGANZA,12/12/23,21:00:00 - 23:59:59,PERSONA,OTRO O INDETERMINADO [PERSONA],Mayor de edad,DESCONOCIDO,COSTA RICA,PUNTARENAS,PARRITA,PARRITA
HOMICIDIO,AJUSTE DE CUENTAS/VENGANZA,12/12/23,21:00:00 - 23:59:59,PERSONA,OTRO O INDETERMINADO [PERSONA],Mayor de edad,DESCONOCIDO,COSTA RICA,PUNTARENAS,PARRITA,PARRITA
HOMICIDIO,AJUSTE DE CUENTAS/VENGANZA,12/18/23,03:00:00 - 05:59:59,PERSONA,PEATON [PERSONA],Mayor de edad,HOMBRE,COSTA RICA,SAN JOSE,SAN JOSE,SAN SEBASTIAN
HOMICIDIO,AJUSTE DE CUENTAS/VENGANZA,12/24/23,06:00:00 - 08:59:59,PERSONA,PEATON [PERSONA],Mayor de edad,HOMBRE,COSTA RICA,PUNTARENAS,CORREDORES,LAUREL
HOMICIDIO,DISCUSION/RIÑA,5/11/21,15:00:00 - 17:59:59,PERSONA,OTRO O INDETERMINADO [PERSONA],Mayor de edad,MUJER,COSTA RICA,PUNTARENAS,PUNTARENAS,EL ROBLE
HOMICIDIO,DISCUSION/RIÑA,5/21/21,12:00:00 - 14:59:59,PERSONA,PEATON [PERSONA],Mayor de edad,HOMBRE,COSTA RICA,PUNTARENAS,QUEPOS,QUEPOS
HOMICIDIO,DISCUSION/RIÑA,5/30/21,09:00:00 - 11:59:59,PERSONA,PEATON [PERSONA],Mayor de edad,HOMBRE,COSTA RICA,HEREDIA,HEREDIA,HEREDIA
HOMICIDIO,DISCUSION/RIÑA,6/20/21,15:00:00 - 17:59:59,PERSONA,PRIVADO DE LIBERTAD [PERSONA],Mayor de edad,HOMBRE,COSTA RICA,ALAJUELA,ALAJUELA,SAN RAFAEL
HOMICIDIO,DISCUSION/RIÑA,7/17/21,00:00:00 - 02:59:59,PERSONA,DELINCUENTE (RECONOCIDO) [PERSONA],Mayor de edad,HOMBRE,COSTA RICA,SAN JOSE,PEREZ ZELEDON,RIO NUEVO
HOMICIDIO,DISCUSION/RIÑA,10/8/21,12:00:00 - 14:59:59,PERSONA,PEATON [PERSONA],Mayor de edad,HOMBRE,COSTA RICA,SAN JOSE,ASERRI,SALITRILLOS
HOMICIDIO,DISCUSION/RIÑA,9/20/21,03:00:00 - 05:59:59,PERSONA,PEATON [PERSONA],Mayor de edad,HOMBRE,COSTA RICA,LIMON,LIMON,LIMON
HOMICIDIO,DISCUSION/RIÑA,10/16/21,00:00:00 - 02:59:59,PERSONA,PEATON [PERSONA],Mayor de edad,HOMBRE,COSTA RICA,ALAJUELA,SAN CARLOS,POCOSOL
HOMICIDIO,DISCUSION/RIÑA,10/21/21,12:00:00 - 14:59:59,PERSONA,PRIVADO DE LIBERTAD [PERSONA],Mayor de edad,HOMBRE,COSTA RICA,ALAJUELA,ALAJUELA,SAN RAFAEL
HOMICIDIO,DISCUSION/RIÑA,12/6/21,03:00:00 - 05:59:59,PERSONA,PEATON [PERSONA],Mayor de edad,HOMBRE,COSTA RICA,LIMON,LIMON,LIMON
HOMICIDIO,DISCUSION/RIÑA,12/27/21,00:00:00 - 02:59:59,PERSONA,CLIENTE LOCAL COMERCIAL [PERSONA],Mayor de edad,HOMBRE,COSTA RICA,PUNTARENAS,PUNTARENAS,PUNTARENAS
HOMICIDIO,DISCUSION/RIÑA,2/7/22,15:00:00 - 17:59:59,PERSONA,OTRO O INDETERMINADO [PERSONA],Mayor de edad,MUJER,COSTA RICA,HEREDIA,HEREDIA,SAN FRANCISCO
HOMICIDIO,DISCUSION/RIÑA,2/12/22,06:00:00 - 08:59:59,PERSONA,OTRO O INDETERMINADO [PERSONA],Mayor de edad,HOMBRE,COSTA RICA,ALAJUELA,SARCHÍ,SARCHI NORTE
HOMICIDIO,DISCUSION/RIÑA,8/9/22,00:00:00 - 02:59:59,PERSONA,PEATON [PERSONA],Mayor de edad,HOMBRE,COSTA RICA,ALAJUELA,ALAJUELA,TAMBOR
HOMICIDIO,DISCUSION/RIÑA,4/22/22,00:00:00 - 02:59:59,PERSONA,OTRO O INDETERMINADO [PERSONA],Mayor de edad,DESCONOCIDO,COSTA RICA,CARTAGO,OREAMUNO,SAN RAFAEL
HOMICIDIO,AJUSTE DE CUENTAS/VENGANZA,5/29/22,18:00:00 - 20:59:59,PERSONA,OTRO O INDETERMINADO [PERSONA],Mayor de edad,HOMBRE,COSTA RICA,LIMON,GUACIMO,GUACIMO
HOMICIDIO,AJUSTE DE CUENTAS/VENGANZA,6/5/22,12:00:00 - 14:59:59,PERSONA,OTRO O INDETERMINADO [PERSONA],Menor de edad,HOMBRE,COSTA RICA,CARTAGO,LA UNION,RIO AZUL
HOMICIDIO,AJUSTE DE CUENTAS/VENGANZA,6/4/22,21:00:00 - 23:59:59,PERSONA,PEATON [PERSONA],Mayor de edad,HOMBRE,COSTA RICA,PUNTARENAS,CORREDORES,CORREDOR
HOMICIDIO,AJUSTE DE CUENTAS/VENGANZA,6/28/22,03:00:00 - 05:59:59,PERSONA,PEATON [PERSONA],Menor de edad,MUJER,COSTA RICA,SAN JOSE,SAN JOSE,PAVAS
HOMICIDIO,AJUSTE DE CUENTAS/VENGANZA,7/5/22,18:00:00 - 20:59:59,PERSONA,PEATON [PERSONA],Mayor de edad,HOMBRE,COSTA RICA,LIMON,MATINA,BATAN
HOMICIDIO,AJUSTE DE CUENTAS/VENGANZA,7/6/22,18:00:00 - 20:59:59,PERSONA,OTRO O INDETERMINADO [PERSONA],Mayor de edad,HOMBRE,COSTA RICA,LIMON,SIQUIRRES,PACUARITO
HOMICIDIO,AJUSTE DE CUENTAS/VENGANZA,7/17/22,09:00:00 - 11:59:59,PERSONA,MENOR DE EDAD [PERSONA],Menor de edad,DESCONOCIDO,COSTA RICA,ALAJUELA,ALAJUELA,DESAMPARADOS
HOMICIDIO,AJUSTE DE CUENTAS/VENGANZA,7/27/22,21:00:00 - 23:59:59,PERSONA,OTRO O INDETERMINADO [PERSONA],Mayor de edad,HOMBRE,COSTA RICA,LIMON,POCOCI,CARIARI
HOMICIDIO,AJUSTE DE CUENTAS/VENGANZA,8/3/22,18:00:00 - 20:59:59,PERSONA,PEATON [PERSONA],Mayor de edad,HOMBRE,Desconocido,HEREDIA,BARVA,SAN PEDRO
HOMICIDIO,AJUSTE DE CUENTAS/VENGANZA,8/9/22,03:00:00 - 05:59:59,PERSONA,OTRO O INDETERMINADO [PERSONA],Mayor de edad,HOMBRE,COSTA RICA,ALAJUELA,ALAJUELA,SAN ANTONIO
HOMICIDIO,AJUSTE DE CUENTAS/VENGANZA,8/21/22,03:00:00 - 05:59:59,PERSONA,PEATON [PERSONA],Mayor de edad,HOMBRE,COSTA RICA,GUANACASTE,CARRILLO,SARDINAL
HOMICIDIO,AJUSTE DE CUENTAS/VENGANZA,9/7/22,21:00:00 - 23:59:59,PERSONA,OTRO O INDETERMINADO [PERSONA],Desconocido,HOMBRE,Desconocido,SAN JOSE,SAN JOSE,SAN SEBASTIAN
HOMICIDIO,AJUSTE DE CUENTAS/VENGANZA,9/13/22,06:00:00 - 08:59:59,PERSONA,OTRO O INDETERMINADO [PERSONA],Mayor de edad,HOMBRE,COSTA RICA,LIMON,LIMON,LIMON
HOMICIDIO,AJUSTE DE CUENTAS/VENGANZA,9/23/22,09:00:00 - 11:59:59,PERSONA,PEATON [PERSONA],Mayor de edad,HOMBRE,COSTA RICA,PUNTARENAS,PUNTARENAS,CHACARITA
HOMICIDIO,AJUSTE DE CUENTAS/VENGANZA,10/8/22,12:00:00 - 14:59:59,PERSONA,PEATON [PERSONA],Mayor de edad,HOMBRE,COSTA RICA,PUNTARENAS,PUNTARENAS,CHACARITA
HOMICIDIO,AJUSTE DE CUENTAS/VENGANZA,10/8/22,18:00:00 - 20:59:59,PERSONA,DROGADICTO [PERSONA],Mayor de edad,HOMBRE,COSTA RICA,SAN JOSE,TIBAS,LEON XIII
HOMICIDIO,AJUSTE DE CUENTAS/VENGANZA,10/17/22,21:00:00 - 23:59:59,PERSONA,PEATON [PERSONA],Mayor de edad,HOMBRE,COSTA RICA,GUANACASTE,NICOYA,NICOYA
HOMICIDIO,AJUSTE DE CUENTAS/VENGANZA,10/20/22,15:00:00 - 17:59:59,PERSONA,OTRO O INDETERMINADO [PERSONA],Mayor de edad,HOMBRE,COSTA RICA,HEREDIA,SANTO DOMINGO,SAN MIGUEL
HOMICIDIO,AJUSTE DE CUENTAS/VENGANZA,12/2/22,03:00:00 - 05:59:59,PERSONA,OTRO O INDETERMINADO [PERSONA],Mayor de edad,HOMBRE,COSTA RICA,LIMON,POCOCI,RITA
HOMICIDIO,AJUSTE DE CUENTAS/VENGANZA,6/25/23,00:00:00 - 02:59:59,PERSONA,PEATON [PERSONA],Mayor de edad,HOMBRE,COSTA RICA,PUNTARENAS,PUNTARENAS,BARRANCA
HOMICIDIO,AJUSTE DE CUENTAS/VENGANZA,12/26/22,12:00:00 - 14:59:59,PERSONA,PEATON [PERSONA],Desconocido,HOMBRE,COSTA RICA,PUNTARENAS,GARABITO,JACO
HOMICIDIO,AJUSTE DE CUENTAS/VENGANZA,1/13/23,00:00:00 - 02:59:59,PERSONA,PEATON [PERSONA],Mayor de edad,MUJER,COSTA RICA,ALAJUELA,ALAJUELA,SAN JOSE
HOMICIDIO,AJUSTE DE CUENTAS/VENGANZA,1/18/23,21:00:00 - 23:59:59,PERSONA,PEATON [PERSONA],Mayor de edad,HOMBRE,COSTA RICA,SAN JOSE,ESCAZU,SAN RAFAEL
HOMICIDIO,POR LA COMISION DE OTRO DELITO,1/12/23,21:00:00 - 23:59:59,PERSONA,GUARDA [PERSONA],Mayor de edad,HOMBRE,COSTA RICA,SAN JOSE,CURRIDABAT,GRANADILLA
HOMICIDIO,POR LA COMISION DE OTRO DELITO,2/7/23,15:00:00 - 17:59:59,PERSONA,USUARIO SERVICIO PUBLICO/PRIVADO [PERSONA],Desconocido,HOMBRE,NICARAGUA,SAN JOSE,SAN JOSE,CARMEN
HOMICIDIO,POR LA COMISION DE OTRO DELITO,2/7/23,15:00:00 - 17:59:59,PERSONA,USUARIO SERVICIO PUBLICO/PRIVADO [PERSONA],Mayor de edad,MUJER,Desconocido,SAN JOSE,SAN JOSE,CARMEN
HOMICIDIO,POR LA COMISION DE OTRO DELITO,4/26/23,06:00:00 - 08:59:59,PERSONA,EMPRESARIO/COMERCIANTE [PERSONA],Mayor de edad,HOMBRE,NICARAGUA,GUANACASTE,LIBERIA,LIBERIA
HOMICIDIO,POR LA COMISION DE OTRO DELITO,9/21/23,18:00:00 - 20:59:59,PERSONA,PEATON [PERSONA],Mayor de edad,MUJER,COSTA RICA,ALAJUELA,SAN CARLOS,QUESADA
HOMICIDIO,POR LA COMISION DE OTRO DELITO,11/30/23,00:00:00 - 02:59:59,PERSONA,PEATON [PERSONA],Mayor de edad,HOMBRE,ALEMANIA,PUNTARENAS,OSA,BAHIA BALLENA
HOMICIDIO,REPELIENDO ACTIVIDAD CRIMINAL,12/22/21,21:00:00 - 23:59:59,PERSONA,OTRO O INDETERMINADO [PERSONA],Mayor de edad,HOMBRE,COSTA RICA,HEREDIA,SANTA BARBARA,SANTA BARBARA
HOMICIDIO,REPELIENDO ACTIVIDAD CRIMINAL,1/19/22,09:00:00 - 11:59:59,PERSONA,OTRO O INDETERMINADO [PERSONA],Mayor de edad,HOMBRE,COSTA RICA,SAN JOSE,SAN JOSE,HOSPITAL
HOMICIDIO,VIOLENCIA DOMESTICA,5/9/23,06:00:00 - 08:59:59,PERSONA,PEATON [PERSONA],Mayor de edad,MUJER,COSTA RICA,ALAJUELA,LOS CHILES,CANO NEGRO
HOMICIDIO,VIOLENCIA DOMESTICA,6/4/23,00:00:00 - 02:59:59,PERSONA,MENOR DE EDAD [PERSONA],Desconocido,MUJER,COSTA RICA,ALAJUELA,SAN RAMON,SANTIAGO
HOMICIDIO,VIOLENCIA DOMESTICA,12/24/23,09:00:00 - 11:59:59,PERSONA,OTRO O INDETERMINADO [PERSONA],Mayor de edad,MUJER,COSTA RICA,ALAJUELA,SAN RAMON,SAN RAMON
HOMICIDIO,AJUSTE DE CUENTAS/VENGANZA,3/21/23,15:00:00 - 17:59:59,PERSONA,OTRO O INDETERMINADO [PERSONA],Mayor de edad,DESCONOCIDO,COSTA RICA,LIMON,MATINA,BATAN
HOMICIDIO,AJUSTE DE CUENTAS/VENGANZA,3/25/23,03:00:00 - 05:59:59,PERSONA,PEATON [PERSONA],Mayor de edad,HOMBRE,COSTA RICA,PUNTARENAS,PUNTARENAS,BARRANCA
HOMICIDIO,AJUSTE DE CUENTAS/VENGANZA,4/5/23,21:00:00 - 23:59:59,PERSONA,OTRO O INDETERMINADO [PERSONA],Mayor de edad,HOMBRE,COSTA RICA,SAN JOSE,SAN JOSE,PAVAS
HOMICIDIO,AJUSTE DE CUENTAS/VENGANZA,4/13/23,18:00:00 - 20:59:59,PERSONA,OTRO O INDETERMINADO [PERSONA],Mayor de edad,HOMBRE,COSTA RICA,GUANACASTE,NICOYA,SAMARA
HOMICIDIO,AJUSTE DE CUENTAS/VENGANZA,4/14/23,03:00:00 - 05:59:59,PERSONA,OTRO O INDETERMINADO [PERSONA],Desconocido,HOMBRE,COSTA RICA,SAN JOSE,MONTES DE OCA,SAN PEDRO
HOMICIDIO,AJUSTE DE CUENTAS/VENGANZA,5/5/23,18:00:00 - 20:59:59,PERSONA,PEATON [PERSONA],Mayor de edad,HOMBRE,COSTA RICA,SAN JOSE,SAN JOSE,PAVAS
HOMICIDIO,AJUSTE DE CUENTAS/VENGANZA,5/8/23,09:00:00 - 11:59:59,PERSONA,OTRO O INDETERMINADO [PERSONA],Mayor de edad,HOMBRE,COSTA RICA,GUANACASTE,NICOYA,NICOYA
HOMICIDIO,AJUSTE DE CUENTAS/VENGANZA,5/26/23,03:00:00 - 05:59:59,PERSONA,PEATON [PERSONA],Desconocido,HOMBRE,Desconocido,PUNTARENAS,GARABITO,JACO
HOMICIDIO,AJUSTE DE CUENTAS/VENGANZA,6/11/23,03:00:00 - 05:59:59,PERSONA,PEATON [PERSONA],Mayor de edad,HOMBRE,COSTA RICA,GUANACASTE,NICOYA,NICOYA
HOMICIDIO,AJUSTE DE CUENTAS/VENGANZA,6/19/23,15:00:00 - 17:59:59,PERSONA,PEATON [PERSONA],Mayor de edad,HOMBRE,COSTA RICA,PUNTARENAS,PUERTO JIMÉNEZ,PUERTO JIMÉNEZ
HOMICIDIO,AJUSTE DE CUENTAS/VENGANZA,7/10/23,03:00:00 - 05:59:59,PERSONA,OTRO O INDETERMINADO [PERSONA],Mayor de edad,HOMBRE,COSTA RICA,LIMON,LIMON,LIMON
HOMICIDIO,AJUSTE DE CUENTAS/VENGANZA,7/11/23,21:00:00 - 23:59:59,PERSONA,OTRO O INDETERMINADO [PERSONA],Mayor de edad,HOMBRE,COSTA RICA,GUANACASTE,NICOYA,NOSARA
HOMICIDIO,AJUSTE DE CUENTAS/VENGANZA,7/5/23,12:00:00 - 14:59:59,PERSONA,SIN CLASIFICAR [PERSONA],Mayor de edad,HOMBRE,COSTA RICA,HEREDIA,SARAPIQUI,LA VIRGEN
HOMICIDIO,AJUSTE DE CUENTAS/VENGANZA,8/14/23,00:00:00 - 02:59:59,PERSONA,OTRO O INDETERMINADO [PERSONA],Desconocido,HOMBRE,COSTA RICA,ALAJUELA,SAN RAMON,SANTIAGO
HOMICIDIO,AJUSTE DE CUENTAS/VENGANZA,8/30/23,00:00:00 - 02:59:59,PERSONA,PEATON [PERSONA],Mayor de edad,HOMBRE,COSTA RICA,LIMON,LIMON,LIMON
HOMICIDIO,AJUSTE DE CUENTAS/VENGANZA,9/1/23,00:00:00 - 02:59:59,PERSONA,PEATON [PERSONA],Mayor de edad,HOMBRE,COSTA RICA,PUNTARENAS,PUNTARENAS,CHACARITA
HOMICIDIO,AJUSTE DE CUENTAS/VENGANZA,9/2/23,00:00:00 - 02:59:59,PERSONA,PEATON [PERSONA],Mayor de edad,HOMBRE,COSTA RICA,SAN JOSE,SAN JOSE,HATILLO
HOMICIDIO,AJUSTE DE CUENTAS/VENGANZA,9/7/23,12:00:00 - 14:59:59,PERSONA,PEATON [PERSONA],Mayor de edad,HOMBRE,NICARAGUA,LIMON,LIMON,LIMON
HOMICIDIO,AJUSTE DE CUENTAS/VENGANZA,9/17/23,06:00:00 - 08:59:59,PERSONA,PEATON [PERSONA],Mayor de edad,HOMBRE,COSTA RICA,PUNTARENAS,QUEPOS,QUEPOS
HOMICIDIO,AJUSTE DE CUENTAS/VENGANZA,9/26/23,12:00:00 - 14:59:59,PERSONA,PEATON [PERSONA],Mayor de edad,HOMBRE,COSTA RICA,LIMON,LIMON,LIMON
HOMICIDIO,AJUSTE DE CUENTAS/VENGANZA,9/28/23,03:00:00 - 05:59:59,PERSONA,PEATON [PERSONA],Desconocido,HOMBRE,Desconocido,HEREDIA,SARAPIQUI,PUERTO VIEJO
HOMICIDIO,AJUSTE DE CUENTAS/VENGANZA,10/2/23,12:00:00 - 14:59:59,PERSONA,PEATON [PERSONA],Mayor de edad,MUJER,COSTA RICA,PUNTARENAS,PUNTARENAS,EL ROBLE
HOMICIDIO,AJUSTE DE CUENTAS/VENGANZA,10/6/23,09:00:00 - 11:59:59,PERSONA,PEATON [PERSONA],Mayor de edad,HOMBRE,GUATEMALA,ALAJUELA,LOS CHILES,LOS CHILES
HOMICIDIO,AJUSTE DE CUENTAS/VENGANZA,2/24/23,03:00:00 - 05:59:59,PERSONA,PEATON [PERSONA],Mayor de edad,HOMBRE,COSTA RICA,PUNTARENAS,ESPARZA,ESPIRITU SANTO
HOMICIDIO,AJUSTE DE CUENTAS/VENGANZA,3/18/23,18:00:00 - 20:59:59,PERSONA,PEATON [PERSONA],Mayor de edad,DESCONOCIDO,Desconocido,PUNTARENAS,GARABITO,TARCOLES
HOMICIDIO,AJUSTE DE CUENTAS/VENGANZA,4/26/23,00:00:00 - 02:59:59,PERSONA,OTRO O INDETERMINADO [PERSONA],Mayor de edad,HOMBRE,COSTA RICA,SAN JOSE,DESAMPARADOS,GRAVILIAS
HOMICIDIO,AJUSTE DE CUENTAS/VENGANZA,4/28/23,03:00:00 - 05:59:59,PERSONA,PEATON [PERSONA],Mayor de edad,DESCONOCIDO,COSTA RICA,ALAJUELA,ALAJUELA,DESAMPARADOS
HOMICIDIO,AJUSTE DE CUENTAS/VENGANZA,5/5/23,00:00:00 - 02:59:59,PERSONA,PEATON [PERSONA],Mayor de edad,HOMBRE,COSTA RICA,ALAJUELA,ATENAS,JESUS
HOMICIDIO,AJUSTE DE CUENTAS/VENGANZA,5/10/23,18:00:00 - 20:59:59,PERSONA,OTRO O INDETERMINADO [PERSONA],Mayor de edad,HOMBRE,COSTA RICA,SAN JOSE,SAN JOSE,PAVAS
HOMICIDIO,AJUSTE DE CUENTAS/VENGANZA,5/24/23,00:00:00 - 02:59:59,PERSONA,PEATON [PERSONA],Mayor de edad,HOMBRE,COSTA RICA,SAN JOSE,GOICOECHEA,PURRAL
HOMICIDIO,AJUSTE DE CUENTAS/VENGANZA,5/29/23,00:00:00 - 02:59:59,PERSONA,OTRO O INDETERMINADO [PERSONA],Mayor de edad,HOMBRE,COSTA RICA,PUNTARENAS,PARRITA,PARRITA
HOMICIDIO,AJUSTE DE CUENTAS/VENGANZA,6/12/23,00:00:00 - 02:59:59,PERSONA,PEATON [PERSONA],Mayor de edad,HOMBRE,COSTA RICA,PUNTARENAS,ESPARZA,ESPIRITU SANTO
HOMICIDIO,AJUSTE DE CUENTAS/VENGANZA,5/10/23,06:00:00 - 08:59:59,PERSONA,OTRO O INDETERMINADO [PERSONA],Mayor de edad,MUJER,COSTA RICA,GUANACASTE,SANTA CRUZ,CABO VELAS
HOMICIDIO,AJUSTE DE CUENTAS/VENGANZA,8/9/23,09:00:00 - 11:59:59,PERSONA,OTRO O INDETERMINADO [PERSONA],Mayor de edad,HOMBRE,COSTA RICA,SAN JOSE,ESCAZU,ESCAZU
HOMICIDIO,AJUSTE DE CUENTAS/VENGANZA,7/10/23,03:00:00 - 05:59:59,PERSONA,OTRO O INDETERMINADO [PERSONA],Menor de edad,HOMBRE,COSTA RICA,LIMON,LIMON,LIMON
HOMICIDIO,AJUSTE DE CUENTAS/VENGANZA,7/23/23,21:00:00 - 23:59:59,PERSONA,OTRO O INDETERMINADO [PERSONA],Mayor de edad,HOMBRE,COSTA RICA,LIMON,MATINA,BATAN
HOMICIDIO,AJUSTE DE CUENTAS/VENGANZA,8/5/23,00:00:00 - 02:59:59,PERSONA,PEATON [PERSONA],Mayor de edad,HOMBRE,COSTA RICA,PUNTARENAS,PUNTARENAS,MANZANILLO
HOMICIDIO,AJUSTE DE CUENTAS/VENGANZA,8/6/23,18:00:00 - 20:59:59,PERSONA,OTRO O INDETERMINADO [PERSONA],Mayor de edad,HOMBRE,COSTA RICA,PUNTARENAS,PUNTARENAS,EL ROBLE
HOMICIDIO,AJUSTE DE CUENTAS/VENGANZA,8/8/23,21:00:00 - 23:59:59,PERSONA,OTRO O INDETERMINADO [PERSONA],Mayor de edad,HOMBRE,COSTA RICA,LIMON,POCOCI,ROXANA
HOMICIDIO,AJUSTE DE CUENTAS/VENGANZA,8/13/23,18:00:00 - 20:59:59,PERSONA,OTRO O INDETERMINADO [PERSONA],Mayor de edad,HOMBRE,COSTA RICA,LIMON,LIMON,LIMON
HOMICIDIO,AJUSTE DE CUENTAS/VENGANZA,8/18/23,12:00:00 - 14:59:59,PERSONA,OTRO O INDETERMINADO [PERSONA],Mayor de edad,HOMBRE,COSTA RICA,LIMON,LIMON,LIMON
HOMICIDIO,AJUSTE DE CUENTAS/VENGANZA,8/27/23,00:00:00 - 02:59:59,PERSONA,PEATON [PERSONA],Mayor de edad,HOMBRE,COSTA RICA,CARTAGO,LA UNION,SAN RAFAEL
HOMICIDIO,AJUSTE DE CUENTAS/VENGANZA,8/27/23,21:00:00 - 23:59:59,PERSONA,PEATON [PERSONA],Mayor de edad,HOMBRE,COSTA RICA,GUANACASTE,CANAS,CANAS
HOMICIDIO,AJUSTE DE CUENTAS/VENGANZA,8/29/23,00:00:00 - 02:59:59,PERSONA,PEATON [PERSONA],Mayor de edad,HOMBRE,COSTA RICA,PUNTARENAS,PUNTARENAS,BARRANCA
HOMICIDIO,AJUSTE DE CUENTAS/VENGANZA,8/28/23,21:00:00 - 23:59:59,PERSONA,OTRO O INDETERMINADO [PERSONA],Mayor de edad,HOMBRE,COSTA RICA,SAN JOSE,GOICOECHEA,PURRAL
HOMICIDIO,AJUSTE DE CUENTAS/VENGANZA,9/1/23,15:00:00 - 17:59:59,PERSONA,OTRO O INDETERMINADO [PERSONA],Desconocido,HOMBRE,Desconocido,PUNTARENAS,PUNTARENAS,CHACARITA
HOMICIDIO,AJUSTE DE CUENTAS/VENGANZA,1/18/23,18:00:00 - 20:59:59,PERSONA,PEATON [PERSONA],Desconocido,HOMBRE,COSTA RICA,LIMON,MATINA,BATAN
HOMICIDIO,AJUSTE DE CUENTAS/VENGANZA,1/20/23,18:00:00 - 20:59:59,PERSONA,OTRO O INDETERMINADO [PERSONA],Mayor de edad,HOMBRE,COSTA RICA,GUANACASTE,LIBERIA,LIBERIA
HOMICIDIO,AJUSTE DE CUENTAS/VENGANZA,1/27/23,15:00:00 - 17:59:59,PERSONA,OTRO O INDETERMINADO [PERSONA],Adulto Mayor,HOMBRE,COSTA RICA,LIMON,LIMON,LIMON
HOMICIDIO,AJUSTE DE CUENTAS/VENGANZA,1/26/23,00:00:00 - 02:59:59,PERSONA,MENOR DE EDAD [PERSONA],Menor de edad,HOMBRE,COSTA RICA,LIMON,MATINA,CARRANDI
HOMICIDIO,AJUSTE DE CUENTAS/VENGANZA,2/2/23,15:00:00 - 17:59:59,PERSONA,OTRO O INDETERMINADO [PERSONA],Mayor de edad,HOMBRE,COSTA RICA,LIMON,MATINA,BATAN
HOMICIDIO,AJUSTE DE CUENTAS/VENGANZA,1/22/23,09:00:00 - 11:59:59,PERSONA,OTRO O INDETERMINADO [PERSONA],Mayor de edad,HOMBRE,COSTA RICA,GUANACASTE,NICOYA,NICOYA
HOMICIDIO,AJUSTE DE CUENTAS/VENGANZA,2/12/23,18:00:00 - 20:59:59,PERSONA,PEATON [PERSONA],Mayor de edad,HOMBRE,COSTA RICA,PUNTARENAS,PUNTARENAS,BARRANCA
HOMICIDIO,AJUSTE DE CUENTAS/VENGANZA,2/17/23,21:00:00 - 23:59:59,PERSONA,OTRO O INDETERMINADO [PERSONA],Mayor de edad,HOMBRE,COSTA RICA,SAN JOSE,SAN JOSE,PAVAS
HOMICIDIO,AJUSTE DE CUENTAS/VENGANZA,2/19/23,12:00:00 - 14:59:59,PERSONA,PEATON [PERSONA],Desconocido,HOMBRE,NICARAGUA,ALAJUELA,UPALA,YOLILLAL
HOMICIDIO,AJUSTE DE CUENTAS/VENGANZA,2/27/23,03:00:00 - 05:59:59,PERSONA,OTRO O INDETERMINADO [PERSONA],Mayor de edad,HOMBRE,COSTA RICA,LIMON,LIMON,RIO BLANCO
HOMICIDIO,AJUSTE DE CUENTAS/VENGANZA,2/25/23,18:00:00 - 20:59:59,PERSONA,OTRO O INDETERMINADO [PERSONA],Mayor de edad,HOMBRE,COSTA RICA,ALAJUELA,ALAJUELA,SAN ANTONIO
HOMICIDIO,AJUSTE DE CUENTAS/VENGANZA,2/28/23,00:00:00 - 02:59:59,PERSONA,PEATON [PERSONA],Mayor de edad,HOMBRE,NICARAGUA,ALAJUELA,ALAJUELA,TAMBOR
HOMICIDIO,AJUSTE DE CUENTAS/VENGANZA,2/28/23,09:00:00 - 11:59:59,PERSONA,OTRO O INDETERMINADO [PERSONA],Mayor de edad,HOMBRE,COSTA RICA,SAN JOSE,VASQUEZ DE CORONADO,SAN ISIDRO
HOMICIDIO,AJUSTE DE CUENTAS/VENGANZA,3/6/23,00:00:00 - 02:59:59,PERSONA,PEATON [PERSONA],Desconocido,HOMBRE,Desconocido,ALAJUELA,LOS CHILES,LOS CHILES
HOMICIDIO,AJUSTE DE CUENTAS/VENGANZA,3/6/23,12:00:00 - 14:59:59,PERSONA,OTRO O INDETERMINADO [PERSONA],Mayor de edad,HOMBRE,COSTA RICA,CARTAGO,LA UNION,CONCEPCION
HOMICIDIO,AJUSTE DE CUENTAS/VENGANZA,3/23/23,21:00:00 - 23:59:59,PERSONA,PEATON [PERSONA],Mayor de edad,DESCONOCIDO,COSTA RICA,LIMON,LIMON,LIMON
HOMICIDIO,AJUSTE DE CUENTAS/VENGANZA,3/30/23,18:00:00 - 20:59:59,PERSONA,DELINCUENTE (RECONOCIDO) [PERSONA],Mayor de edad,DESCONOCIDO,COSTA RICA,LIMON,LIMON,LIMON
HOMICIDIO,AJUSTE DE CUENTAS/VENGANZA,4/12/23,21:00:00 - 23:59:59,PERSONA,OTRO O INDETERMINADO [PERSONA],Mayor de edad,HOMBRE,COSTA RICA,SAN JOSE,CURRIDABAT,CURRIDABAT
HOMICIDIO,AJUSTE DE CUENTAS/VENGANZA,4/5/23,21:00:00 - 23:59:59,PERSONA,OTRO O INDETERMINADO [PERSONA],Mayor de edad,HOMBRE,COSTA RICA,SAN JOSE,SAN JOSE,PAVAS
HOMICIDIO,AJUSTE DE CUENTAS/VENGANZA,4/12/23,18:00:00 - 20:59:59,PERSONA,PEATON [PERSONA],Mayor de edad,HOMBRE,COSTA RICA,HEREDIA,SARAPIQUI,PUERTO VIEJO
HOMICIDIO,AJUSTE DE CUENTAS/VENGANZA,4/12/23,21:00:00 - 23:59:59,PERSONA,CLIENTE LOCAL COMERCIAL [PERSONA],Mayor de edad,DESCONOCIDO,COSTA RICA,LIMON,MATINA,CARRANDI
HOMICIDIO,AJUSTE DE CUENTAS/VENGANZA,4/16/23,18:00:00 - 20:59:59,PERSONA,PEATON [PERSONA],Mayor de edad,HOMBRE,COSTA RICA,GUANACASTE,SANTA CRUZ,TAMARINDO
HOMICIDIO,AJUSTE DE CUENTAS/VENGANZA,4/7/23,15:00:00 - 17:59:59,PERSONA,PEATON [PERSONA],Desconocido,HOMBRE,COSTA RICA,SAN JOSE,SAN JOSE,HATILLO
HOMICIDIO,DISCUSION/RIÑA,6/5/22,00:00:00 - 02:59:59,PERSONA,FINQUERO [PERSONA],Desconocido,HOMBRE,NICARAGUA,GUANACASTE,BAGACES,RIO NARANJO
HOMICIDIO,DISCUSION/RIÑA,6/9/22,06:00:00 - 08:59:59,PERSONA,OTRO O INDETERMINADO [PERSONA],Desconocido,HOMBRE,NICARAGUA,ALAJUELA,PALMARES,BUENOS AIRES
HOMICIDIO,DISCUSION/RIÑA,7/6/22,21:00:00 - 23:59:59,PERSONA,OTRO O INDETERMINADO [PERSONA],Mayor de edad,DESCONOCIDO,COSTA RICA,SAN JOSE,ASERRI,ASERRI
HOMICIDIO,DISCUSION/RIÑA,7/16/22,12:00:00 - 14:59:59,PERSONA,PEATON [PERSONA],Mayor de edad,HOMBRE,COSTA RICA,LIMON,LIMON,MATAMA
HOMICIDIO,DISCUSION/RIÑA,7/22/22,15:00:00 - 17:59:59,PERSONA,PEATON [PERSONA],Mayor de edad,HOMBRE,COSTA RICA,ALAJUELA,SAN CARLOS,POCOSOL
HOMICIDIO,DISCUSION/RIÑA,8/7/22,12:00:00 - 14:59:59,PERSONA,EMPRESARIO/COMERCIANTE [PERSONA],Adulto Mayor,HOMBRE,COSTA RICA,ALAJUELA,RIO CUARTO,SANTA RITA
HOMICIDIO,DISCUSION/RIÑA,9/2/22,03:00:00 - 05:59:59,PERSONA,PEATON [PERSONA],Mayor de edad,HOMBRE,COSTA RICA,ALAJUELA,SAN RAMON,PENAS BLANCAS
HOMICIDIO,DISCUSION/RIÑA,8/7/22,12:00:00 - 14:59:59,PERSONA,OTRO O INDETERMINADO [PERSONA],Mayor de edad,HOMBRE,COSTA RICA,LIMON,GUACIMO,GUACIMO
HOMICIDIO,DISCUSION/RIÑA,9/29/22,12:00:00 - 14:59:59,PERSONA,PEATON [PERSONA],Mayor de edad,HOMBRE,COSTA RICA,HEREDIA,FLORES,LLORENTE
HOMICIDIO,DISCUSION/RIÑA,10/3/22,00:00:00 - 02:59:59,PERSONA,PEATON [PERSONA],Mayor de edad,HOMBRE,Desconocido,SAN JOSE,SAN JOSE,MERCED
HOMICIDIO,DISCUSION/RIÑA,10/12/22,03:00:00 - 05:59:59,PERSONA,OTRO O INDETERMINADO [PERSONA],Desconocido,HOMBRE,Desconocido,LIMON,LIMON,LIMON
HOMICIDIO,DISCUSION/RIÑA,10/11/22,00:00:00 - 02:59:59,PERSONA,PEATON [PERSONA],Mayor de edad,HOMBRE,COSTA RICA,CARTAGO,LA UNION,DULCE NOMBRE
HOMICIDIO,DISCUSION/RIÑA,11/1/22,00:00:00 - 02:59:59,PERSONA,INDIGENTE [PERSONA],Mayor de edad,DESCONOCIDO,Desconocido,SAN JOSE,SAN JOSE,CATEDRAL
HOMICIDIO,DISCUSION/RIÑA,12/20/22,00:00:00 - 02:59:59,PERSONA,OTRO O INDETERMINADO [PERSONA],Mayor de edad,DESCONOCIDO,COSTA RICA,LIMON,MATINA,MATINA
HOMICIDIO,DISCUSION/RIÑA,12/28/22,18:00:00 - 20:59:59,PERSONA,OTRO O INDETERMINADO [PERSONA],Desconocido,HOMBRE,Desconocido,SAN JOSE,SAN JOSE,URUCA
HOMICIDIO,DISCUSION/RIÑA,1/11/23,21:00:00 - 23:59:59,PERSONA,PEATON [PERSONA],Mayor de edad,DESCONOCIDO,COSTA RICA,HEREDIA,HEREDIA,ULLOA
HOMICIDIO,DISCUSION/RIÑA,3/26/23,00:00:00 - 02:59:59,PERSONA,PEATON [PERSONA],Mayor de edad,HOMBRE,COSTA RICA,HEREDIA,HEREDIA,MERCEDES
HOMICIDIO,DISCUSION/RIÑA,4/2/23,15:00:00 - 17:59:59,PERSONA,PEATON [PERSONA],Mayor de edad,HOMBRE,COSTA RICA,ALAJUELA,ALAJUELA,TAMBOR
HOMICIDIO,DISCUSION/RIÑA,5/14/23,06:00:00 - 08:59:59,PERSONA,OTRO O INDETERMINADO [PERSONA],Mayor de edad,HOMBRE,ALEMANIA,PUNTARENAS,QUEPOS,SAVEGRE
HOMICIDIO,DISCUSION/RIÑA,11/12/22,03:00:00 - 05:59:59,PERSONA,PEATON [PERSONA],Mayor de edad,HOMBRE,COSTA RICA,HEREDIA,HEREDIA,SAN FRANCISCO
HOMICIDIO,DISCUSION/RIÑA,9/29/23,21:00:00 - 23:59:59,PERSONA,PEATON [PERSONA],Mayor de edad,HOMBRE,NICARAGUA,GUANACASTE,CARRILLO,FILADELFIA
HOMICIDIO,DISCUSION/RIÑA,11/29/23,09:00:00 - 11:59:59,PERSONA,PEATON [PERSONA],Mayor de edad,HOMBRE,COSTA RICA,CARTAGO,TURRIALBA,PERALTA
HOMICIDIO,DISCUSION/RIÑA,12/15/23,18:00:00 - 20:59:59,PERSONA,PEATON [PERSONA],Mayor de edad,HOMBRE,NICARAGUA,GUANACASTE,LIBERIA,LIBERIA
HOMICIDIO,FEMICIDIO,1/20/21,00:00:00 - 02:59:59,PERSONA,PROSTITUTA [PERSONA],Desconocido,DESCONOCIDO,Desconocido,ALAJUELA,ALAJUELA,SAN JOSE
HOMICIDIO,DISCUSION/RIÑA,4/30/22,21:00:00 - 23:59:59,PERSONA,PEATON [PERSONA],Mayor de edad,HOMBRE,NICARAGUA,ALAJUELA,ALAJUELA,ALAJUELA
HOMICIDIO,DISCUSION/RIÑA,5/9/22,06:00:00 - 08:59:59,PERSONA,FINQUERO [PERSONA],Mayor de edad,HOMBRE,COSTA RICA,HEREDIA,SARAPIQUI,PUERTO VIEJO
HOMICIDIO,DISCUSION/RIÑA,7/11/22,00:00:00 - 02:59:59,PERSONA,CLIENTE LOCAL COMERCIAL [PERSONA],Mayor de edad,HOMBRE,COSTA RICA,PUNTARENAS,BUENOS AIRES,POTRERO GRANDE
HOMICIDIO,DISCUSION/RIÑA,7/25/22,21:00:00 - 23:59:59,PERSONA,OTRO O INDETERMINADO [PERSONA],Mayor de edad,DESCONOCIDO,COSTA RICA,CARTAGO,LA UNION,RIO AZUL
HOMICIDIO,DISCUSION/RIÑA,8/9/22,15:00:00 - 17:59:59,PERSONA,PEATON [PERSONA],Mayor de edad,HOMBRE,COSTA RICA,ALAJUELA,LOS CHILES,EL AMPARO
HOMICIDIO,DISCUSION/RIÑA,8/14/22,00:00:00 - 02:59:59,PERSONA,CLIENTE LOCAL COMERCIAL [PERSONA],Mayor de edad,HOMBRE,NICARAGUA,ALAJUELA,GRECIA,GRECIA
HOMICIDIO,DISCUSION/RIÑA,8/16/22,21:00:00 - 23:59:59,PERSONA,OTRO O INDETERMINADO [PERSONA],Mayor de edad,DESCONOCIDO,COSTA RICA,ALAJUELA,ALAJUELA,RIO SEGUNDO
HOMICIDIO,DISCUSION/RIÑA,9/5/22,00:00:00 - 02:59:59,PERSONA,CLIENTE LOCAL COMERCIAL [PERSONA],Mayor de edad,HOMBRE,COSTA RICA,CARTAGO,CARTAGO,GUADALUPE
HOMICIDIO,DISCUSION/RIÑA,11/12/22,21:00:00 - 23:59:59,PERSONA,PEATON [PERSONA],Mayor de edad,HOMBRE,PANAMA,PUNTARENAS,COTO BRUS,SABALITO
HOMICIDIO,DISCUSION/RIÑA,11/12/22,03:00:00 - 05:59:59,PERSONA,OTRO O INDETERMINADO [PERSONA],Menor de edad,MUJER,COSTA RICA,HEREDIA,HEREDIA,SAN FRANCISCO
HOMICIDIO,DISCUSION/RIÑA,2/10/23,09:00:00 - 11:59:59,PERSONA,PEATON [PERSONA],Mayor de edad,HOMBRE,COSTA RICA,PUNTARENAS,PUNTARENAS,COBANO
HOMICIDIO,DISCUSION/RIÑA,3/20/23,03:00:00 - 05:59:59,PERSONA,PEATON [PERSONA],Mayor de edad,HOMBRE,COSTA RICA,GUANACASTE,LIBERIA,LIBERIA
HOMICIDIO,DISCUSION/RIÑA,3/18/23,15:00:00 - 17:59:59,PERSONA,PEATON [PERSONA],Adulto Mayor,HOMBRE,COSTA RICA,PUNTARENAS,PUNTARENAS,BARRANCA
HOMICIDIO,DISCUSION/RIÑA,4/22/23,00:00:00 - 02:59:59,PERSONA,PEATON [PERSONA],Mayor de edad,HOMBRE,COSTA RICA,GUANACASTE,CARRILLO,FILADELFIA
HOMICIDIO,DISCUSION/RIÑA,5/16/23,21:00:00 - 23:59:59,PERSONA,OTRO O INDETERMINADO [PERSONA],Mayor de edad,HOMBRE,COSTA RICA,HEREDIA,SARAPIQUI,PUERTO VIEJO
HOMICIDIO,DISCUSION/RIÑA,6/11/23,18:00:00 - 20:59:59,PERSONA,PEATON [PERSONA],Mayor de edad,HOMBRE,NICARAGUA,CARTAGO,CARTAGO,SAN NICOLAS
HOMICIDIO,DISCUSION/RIÑA,7/23/23,03:00:00 - 05:59:59,PERSONA,PEATON [PERSONA],Desconocido,HOMBRE,COLOMBIA,HEREDIA,FLORES,SAN JOAQUIN
HOMICIDIO,DISCUSION/RIÑA,12/14/23,00:00:00 - 02:59:59,PERSONA,PEATON [PERSONA],Mayor de edad,HOMBRE,COSTA RICA,SAN JOSE,DESAMPARADOS,SAN JUAN DE DIOS
HOMICIDIO,FEMICIDIO,10/11/21,00:00:00 - 02:59:59,PERSONA,PEATON [PERSONA],Mayor de edad,MUJER,COSTA RICA,LIMON,TALAMANCA,SIXAOLA
HOMICIDIO,FEMICIDIO,1/11/22,00:00:00 - 02:59:59,PERSONA,OTRO O INDETERMINADO [PERSONA],Mayor de edad,MUJER,COSTA RICA,HEREDIA,SAN RAFAEL,SANTIAGO
HOMICIDIO,FEMICIDIO,2/19/22,06:00:00 - 08:59:59,PERSONA,OTRO O INDETERMINADO [PERSONA],Mayor de edad,MUJER,COSTA RICA,HEREDIA,HEREDIA,SAN FRANCISCO
HOMICIDIO,FEMICIDIO,9/18/22,09:00:00 - 11:59:59,PERSONA,PEATON [PERSONA],Mayor de edad,MUJER,COSTA RICA,PUNTARENAS,CORREDORES,LAUREL
HOMICIDIO,NO DETERMINADO,8/22/22,12:00:00 - 14:59:59,PERSONA,PEATON [PERSONA],Mayor de edad,HOMBRE,COSTA RICA,SAN JOSE,SANTA ANA,URUCA
HOMICIDIO,NO DETERMINADO,12/3/22,03:00:00 - 05:59:59,PERSONA,PEATON [PERSONA],Desconocido,HOMBRE,NICARAGUA,HEREDIA,HEREDIA,SAN FRANCISCO
HOMICIDIO,OTRO O INDETERMINADO,10/1/21,12:00:00 - 14:59:59,PERSONA,OTRO O INDETERMINADO [PERSONA],Mayor de edad,HOMBRE,COSTA RICA,SAN JOSE,SAN JOSE,PAVAS
HOMICIDIO,OTRO O INDETERMINADO,5/15/23,00:00:00 - 02:59:59,PERSONA,PEATON [PERSONA],Mayor de edad,HOMBRE,COSTA RICA,SAN JOSE,SAN JOSE,SAN FRANCISCO DE DOS RIOS
HOMICIDIO,OTRO O INDETERMINADO,8/27/23,00:00:00 - 02:59:59,PERSONA,PEATON [PERSONA],Mayor de edad,HOMBRE,COSTA RICA,SAN JOSE,PURISCAL,SANTIAGO
HOMICIDIO,POR LA COMISION DE OTRO DELITO,7/23/21,06:00:00 - 08:59:59,PERSONA,FINQUERO [PERSONA],Desconocido,HOMBRE,NICARAGUA,GUANACASTE,LA CRUZ,LA GARITA
HOMICIDIO,POR LA COMISION DE OTRO DELITO,6/28/21,12:00:00 - 14:59:59,PERSONA,OTRO O INDETERMINADO [PERSONA],Mayor de edad,MUJER,COSTA RICA,SAN JOSE,SAN JOSE,PAVAS
HOMICIDIO,POR LA COMISION DE OTRO DELITO,10/29/22,21:00:00 - 23:59:59,PERSONA,OTRO O INDETERMINADO [PERSONA],Mayor de edad,HOMBRE,COSTA RICA,SAN JOSE,SAN JOSE,PAVAS
HOMICIDIO,POR LA COMISION DE OTRO DELITO,11/22/22,21:00:00 - 23:59:59,PERSONA,PEATON [PERSONA],Mayor de edad,DESCONOCIDO,COSTA RICA,LIMON,GUACIMO,RIO JIMENEZ
HOMICIDIO,POR LA COMISION DE OTRO DELITO,1/13/23,00:00:00 - 02:59:59,PERSONA,OTRO O INDETERMINADO [PERSONA],Mayor de edad,HOMBRE,COSTA RICA,SAN JOSE,MONTES DE OCA,SAN RAFAEL
HOMICIDIO,POR LA COMISION DE OTRO DELITO,3/14/23,18:00:00 - 20:59:59,PERSONA,PEATON [PERSONA],Mayor de edad,HOMBRE,COSTA RICA,SAN JOSE,TIBAS,LEON XIII
HOMICIDIO,POR LA COMISION DE OTRO DELITO,4/6/23,15:00:00 - 17:59:59,PERSONA,OTRO O INDETERMINADO [PERSONA],Mayor de edad,HOMBRE,COSTA RICA,SAN JOSE,MORAVIA,SAN JERONIMO
HOMICIDIO,POR LA COMISION DE OTRO DELITO,5/10/23,18:00:00 - 20:59:59,PERSONA,OTRO O INDETERMINADO [PERSONA],Mayor de edad,HOMBRE,COSTA RICA,ALAJUELA,ALAJUELA,SAN JOSE
HOMICIDIO,POR LA COMISION DE OTRO DELITO,8/9/23,12:00:00 - 14:59:59,PERSONA,OTRO O INDETERMINADO [PERSONA],Mayor de edad,HOMBRE,COSTA RICA,GUANACASTE,CARRILLO,FILADELFIA
HOMICIDIO,POR LA COMISION DE OTRO DELITO,12/2/23,00:00:00 - 02:59:59,PERSONA,PEATON [PERSONA],Mayor de edad,MUJER,COSTA RICA,ALAJUELA,NARANJO,NARANJO
HOMICIDIO,PROFESIONAL,4/13/21,18:00:00 - 20:59:59,PERSONA,PEATON [PERSONA],Mayor de edad,HOMBRE,COSTA RICA,PUNTARENAS,PUNTARENAS,EL ROBLE
HOMICIDIO,PROFESIONAL,12/4/21,12:00:00 - 14:59:59,PERSONA,OTRO O INDETERMINADO [PERSONA],Mayor de edad,HOMBRE,COSTA RICA,SAN JOSE,DESAMPARADOS,SAN JUAN DE DIOS
HOMICIDIO,PROFESIONAL,5/30/23,18:00:00 - 20:59:59,PERSONA,OTRO O INDETERMINADO [PERSONA],Mayor de edad,HOMBRE,COSTA RICA,PUNTARENAS,QUEPOS,QUEPOS
HOMICIDIO,PROFESIONAL,9/21/23,09:00:00 - 11:59:59,PERSONA,PEATON [PERSONA],Mayor de edad,HOMBRE,COSTA RICA,PUNTARENAS,MONTES DE ORO,SAN ISIDRO
HOMICIDIO,PROFESIONAL,12/2/23,21:00:00 - 23:59:59,PERSONA,PEATON [PERSONA],Mayor de edad,HOMBRE,COSTA RICA,PUNTARENAS,PUNTARENAS,BARRANCA
HOMICIDIO,REPELIENDO ACTIVIDAD CRIMINAL,1/19/22,12:00:00 - 14:59:59,PERSONA,OTRO O INDETERMINADO [PERSONA],Mayor de edad,HOMBRE,COSTA RICA,GUANACASTE,CARRILLO,PALMIRA
HOMICIDIO,REPELIENDO ACTIVIDAD CRIMINAL,10/7/22,21:00:00 - 23:59:59,PERSONA,OTRO O INDETERMINADO [PERSONA],Mayor de edad,HOMBRE,COSTA RICA,ALAJUELA,ALAJUELA,SAN ISIDRO
HOMICIDIO,REPELIENDO ACTIVIDAD CRIMINAL,7/11/23,18:00:00 - 20:59:59,PERSONA,PEATON [PERSONA],Desconocido,HOMBRE,COSTA RICA,SAN JOSE,SAN JOSE,HOSPITAL
HOMICIDIO,REPELIENDO ACTIVIDAD CRIMINAL,7/12/23,18:00:00 - 20:59:59,PERSONA,OTRO O INDETERMINADO [PERSONA],Mayor de edad,HOMBRE,COSTA RICA,SAN JOSE,MONTES DE OCA,SAN RAFAEL
HOMICIDIO,VIOLENCIA DOMESTICA,4/9/22,18:00:00 - 20:59:59,PERSONA,OTRO O INDETERMINADO [PERSONA],Mayor de edad,DESCONOCIDO,COSTA RICA,ALAJUELA,SAN RAMON,SANTIAGO
HOMICIDIO,AJUSTE DE CUENTAS/VENGANZA,12/27/22,12:00:00 - 14:59:59,PERSONA,OTRO O INDETERMINADO [PERSONA],Mayor de edad,HOMBRE,NICARAGUA,LIMON,LIMON,LIMON
HOMICIDIO,AJUSTE DE CUENTAS/VENGANZA,12/28/22,18:00:00 - 20:59:59,PERSONA,OTRO O INDETERMINADO [PERSONA],Mayor de edad,DESCONOCIDO,COSTA RICA,LIMON,LIMON,LIMON
HOMICIDIO,AJUSTE DE CUENTAS/VENGANZA,1/9/23,03:00:00 - 05:59:59,PERSONA,PEATON [PERSONA],Mayor de edad,DESCONOCIDO,COSTA RICA,SAN JOSE,ALAJUELITA,SAN FELIPE
HOMICIDIO,AJUSTE DE CUENTAS/VENGANZA,1/10/23,21:00:00 - 23:59:59,PERSONA,OTRO O INDETERMINADO [PERSONA],Mayor de edad,HOMBRE,COSTA RICA,LIMON,SIQUIRRES,SIQUIRRES
HOMICIDIO,AJUSTE DE CUENTAS/VENGANZA,1/11/23,15:00:00 - 17:59:59,PERSONA,PEATON [PERSONA],Mayor de edad,HOMBRE,COSTA RICA,LIMON,LIMON,LIMON
HOMICIDIO,AJUSTE DE CUENTAS/VENGANZA,1/14/23,18:00:00 - 20:59:59,PERSONA,OTRO O INDETERMINADO [PERSONA],Mayor de edad,HOMBRE,COLOMBIA,SAN JOSE,DESAMPARADOS,GRAVILIAS
HOMICIDIO,AJUSTE DE CUENTAS/VENGANZA,1/27/23,00:00:00 - 02:59:59,PERSONA,PEATON [PERSONA],Mayor de edad,HOMBRE,COSTA RICA,PUNTARENAS,QUEPOS,QUEPOS
HOMICIDIO,AJUSTE DE CUENTAS/VENGANZA,1/27/23,18:00:00 - 20:59:59,PERSONA,OTRO O INDETERMINADO [PERSONA],Mayor de edad,HOMBRE,NICARAGUA,LIMON,MATINA,CARRANDI
HOMICIDIO,AJUSTE DE CUENTAS/VENGANZA,1/26/23,00:00:00 - 02:59:59,PERSONA,PEATON [PERSONA],Mayor de edad,HOMBRE,COSTA RICA,HEREDIA,HEREDIA,SAN FRANCISCO
HOMICIDIO,AJUSTE DE CUENTAS/VENGANZA,2/4/23,21:00:00 - 23:59:59,PERSONA,OTRO O INDETERMINADO [PERSONA],Mayor de edad,DESCONOCIDO,COSTA RICA,LIMON,POCOCI,RITA
HOMICIDIO,AJUSTE DE CUENTAS/VENGANZA,2/14/23,18:00:00 - 20:59:59,PERSONA,OTRO O INDETERMINADO [PERSONA],Menor de edad,HOMBRE,COSTA RICA,SAN JOSE,ALAJUELITA,SAN FELIPE
HOMICIDIO,AJUSTE DE CUENTAS/VENGANZA,2/15/23,00:00:00 - 02:59:59,PERSONA,DROGADICTO [PERSONA],Mayor de edad,HOMBRE,COSTA RICA,LIMON,SIQUIRRES,GERMANIA
HOMICIDIO,AJUSTE DE CUENTAS/VENGANZA,2/14/23,21:00:00 - 23:59:59,PERSONA,OTRO O INDETERMINADO [PERSONA],Mayor de edad,HOMBRE,COSTA RICA,LIMON,LIMON,LIMON
HOMICIDIO,AJUSTE DE CUENTAS/VENGANZA,2/16/23,12:00:00 - 14:59:59,PERSONA,OTRO O INDETERMINADO [PERSONA],Mayor de edad,HOMBRE,COSTA RICA,CARTAGO,CARTAGO,DULCE NOMBRE
HOMICIDIO,AJUSTE DE CUENTAS/VENGANZA,2/16/23,09:00:00 - 11:59:59,PERSONA,OTRO O INDETERMINADO [PERSONA],Mayor de edad,HOMBRE,COSTA RICA,LIMON,MATINA,BATAN
HOMICIDIO,AJUSTE DE CUENTAS/VENGANZA,2/19/23,00:00:00 - 02:59:59,PERSONA,PEATON [PERSONA],Mayor de edad,HOMBRE,COSTA RICA,HEREDIA,HEREDIA,ULLOA
HOMICIDIO,AJUSTE DE CUENTAS/VENGANZA,2/19/23,21:00:00 - 23:59:59,PERSONA,OTRO O INDETERMINADO [PERSONA],Mayor de edad,HOMBRE,COSTA RICA,LIMON,LIMON,LIMON
HOMICIDIO,AJUSTE DE CUENTAS/VENGANZA,3/19/23,21:00:00 - 23:59:59,PERSONA,OTRO O INDETERMINADO [PERSONA],Mayor de edad,HOMBRE,COSTA RICA,CARTAGO,CARTAGO,GUADALUPE
HOMICIDIO,AJUSTE DE CUENTAS/VENGANZA,3/25/23,21:00:00 - 23:59:59,PERSONA,CLIENTE LOCAL COMERCIAL [PERSONA],Mayor de edad,HOMBRE,COSTA RICA,LIMON,LIMON,LIMON
HOMICIDIO,AJUSTE DE CUENTAS/VENGANZA,4/5/23,21:00:00 - 23:59:59,PERSONA,OTRO O INDETERMINADO [PERSONA],Mayor de edad,HOMBRE,COSTA RICA,SAN JOSE,SAN JOSE,PAVAS
HOMICIDIO,AJUSTE DE CUENTAS/VENGANZA,4/15/23,09:00:00 - 11:59:59,PERSONA,OTRO O INDETERMINADO [PERSONA],Mayor de edad,HOMBRE,COSTA RICA,LIMON,POCOCI,COLORADO
HOMICIDIO,AJUSTE DE CUENTAS/VENGANZA,4/14/23,18:00:00 - 20:59:59,PERSONA,OTRO O INDETERMINADO [PERSONA],Mayor de edad,HOMBRE,COSTA RICA,LIMON,MATINA,MATINA
HOMICIDIO,AJUSTE DE CUENTAS/VENGANZA,4/22/23,18:00:00 - 20:59:59,PERSONA,PEATON [PERSONA],Mayor de edad,HOMBRE,COSTA RICA,LIMON,LIMON,LIMON
HOMICIDIO,AJUSTE DE CUENTAS/VENGANZA,9/4/23,00:00:00 - 02:59:59,PERSONA,PEATON [PERSONA],Mayor de edad,HOMBRE,NICARAGUA,SAN JOSE,VASQUEZ DE CORONADO,SAN ISIDRO
HOMICIDIO,AJUSTE DE CUENTAS/VENGANZA,9/17/23,09:00:00 - 11:59:59,PERSONA,DROGADICTO [PERSONA],Mayor de edad,HOMBRE,COSTA RICA,CARTAGO,JIMENEZ,PEJIBAYE
HOMICIDIO,AJUSTE DE CUENTAS/VENGANZA,9/13/23,18:00:00 - 20:59:59,PERSONA,PEATON [PERSONA],Mayor de edad,HOMBRE,COSTA RICA,ALAJUELA,SAN CARLOS,FLORENCIA
HOMICIDIO,AJUSTE DE CUENTAS/VENGANZA,9/17/23,21:00:00 - 23:59:59,PERSONA,OTRO O INDETERMINADO [PERSONA],Mayor de edad,HOMBRE,NICARAGUA,SAN JOSE,SAN JOSE,HOSPITAL
HOMICIDIO,AJUSTE DE CUENTAS/VENGANZA,10/8/23,15:00:00 - 17:59:59,PERSONA,PEATON [PERSONA],Mayor de edad,HOMBRE,COSTA RICA,CARTAGO,PARAISO,LLANOS DE SANTA LUCIA
HOMICIDIO,AJUSTE DE CUENTAS/VENGANZA,10/7/23,12:00:00 - 14:59:59,PERSONA,PEATON [PERSONA],Mayor de edad,HOMBRE,Desconocido,PUNTARENAS,PARRITA,PARRITA
HOMICIDIO,AJUSTE DE CUENTAS/VENGANZA,10/20/23,09:00:00 - 11:59:59,PERSONA,PEATON [PERSONA],Mayor de edad,HOMBRE,COSTA RICA,CARTAGO,CARTAGO,SAN FRANCISCO
HOMICIDIO,AJUSTE DE CUENTAS/VENGANZA,10/29/23,15:00:00 - 17:59:59,PERSONA,OTRO O INDETERMINADO [PERSONA],Mayor de edad,HOMBRE,COSTA RICA,LIMON,POCOCI,GUAPILES
HOMICIDIO,AJUSTE DE CUENTAS/VENGANZA,11/5/23,15:00:00 - 17:59:59,PERSONA,PEATON [PERSONA],Mayor de edad,HOMBRE,COSTA RICA,PUNTARENAS,PUNTARENAS,BARRANCA
HOMICIDIO,AJUSTE DE CUENTAS/VENGANZA,11/3/23,09:00:00 - 11:59:59,PERSONA,OTRO O INDETERMINADO [PERSONA],Desconocido,HOMBRE,Desconocido,HEREDIA,HEREDIA,SAN FRANCISCO
HOMICIDIO,AJUSTE DE CUENTAS/VENGANZA,11/9/23,03:00:00 - 05:59:59,PERSONA,PEATON [PERSONA],Mayor de edad,HOMBRE,COSTA RICA,LIMON,MATINA,BATAN
HOMICIDIO,AJUSTE DE CUENTAS/VENGANZA,11/10/23,21:00:00 - 23:59:59,PERSONA,PEATON [PERSONA],Mayor de edad,HOMBRE,NICARAGUA,ALAJUELA,ALAJUELA,GUACIMA
HOMICIDIO,AJUSTE DE CUENTAS/VENGANZA,11/17/23,00:00:00 - 02:59:59,PERSONA,OTRO O INDETERMINADO [PERSONA],Mayor de edad,HOMBRE,COSTA RICA,GUANACASTE,NICOYA,NOSARA
HOMICIDIO,AJUSTE DE CUENTAS/VENGANZA,11/21/23,12:00:00 - 14:59:59,PERSONA,OTRO O INDETERMINADO [PERSONA],Mayor de edad,HOMBRE,Desconocido,LIMON,SIQUIRRES,PACUARITO
HOMICIDIO,AJUSTE DE CUENTAS/VENGANZA,11/29/23,21:00:00 - 23:59:59,PERSONA,PEATON [PERSONA],Mayor de edad,HOMBRE,NICARAGUA,SAN JOSE,DESAMPARADOS,SAN RAFAEL ABAJO
HOMICIDIO,AJUSTE DE CUENTAS/VENGANZA,11/30/23,21:00:00 - 23:59:59,PERSONA,OTRO O INDETERMINADO [PERSONA],Mayor de edad,HOMBRE,COSTA RICA,LIMON,MATINA,BATAN
HOMICIDIO,AJUSTE DE CUENTAS/VENGANZA,12/10/23,06:00:00 - 08:59:59,PERSONA,OTRO O INDETERMINADO [PERSONA],Mayor de edad,HOMBRE,COSTA RICA,GUANACASTE,LIBERIA,MAYORGA
HOMICIDIO,AJUSTE DE CUENTAS/VENGANZA,12/10/23,06:00:00 - 08:59:59,PERSONA,PEATON [PERSONA],Mayor de edad,HOMBRE,NICARAGUA,LIMON,LIMON,LIMON
HOMICIDIO,AJUSTE DE CUENTAS/VENGANZA,12/10/23,06:00:00 - 08:59:59,PERSONA,OTRO O INDETERMINADO [PERSONA],Mayor de edad,HOMBRE,COSTA RICA,GUANACASTE,LIBERIA,MAYORGA
HOMICIDIO,AJUSTE DE CUENTAS/VENGANZA,12/14/23,21:00:00 - 23:59:59,PERSONA,OTRO O INDETERMINADO [PERSONA],Mayor de edad,HOMBRE,Desconocido,LIMON,LIMON,LIMON
HOMICIDIO,AJUSTE DE CUENTAS/VENGANZA,12/16/23,00:00:00 - 02:59:59,PERSONA,PEATON [PERSONA],Menor de edad,HOMBRE,COSTA RICA,SAN JOSE,DESAMPARADOS,DAMAS
HOMICIDIO,AJUSTE DE CUENTAS/VENGANZA,12/25/23,21:00:00 - 23:59:59,PERSONA,OTRO O INDETERMINADO [PERSONA],Mayor de edad,HOMBRE,COSTA RICA,CARTAGO,CARTAGO,CORRALILLO
HOMICIDIO,AJUSTE DE CUENTAS/VENGANZA,12/25/23,21:00:00 - 23:59:59,PERSONA,OTRO O INDETERMINADO [PERSONA],Mayor de edad,HOMBRE,COSTA RICA,CARTAGO,CARTAGO,CORRALILLO
HOMICIDIO,AJUSTE DE CUENTAS/VENGANZA,10/15/23,15:00:00 - 17:59:59,PERSONA,PEATON [PERSONA],Mayor de edad,HOMBRE,COSTA RICA,GUANACASTE,NICOYA,SAMARA
HOMICIDIO,AJUSTE DE CUENTAS/VENGANZA,10/12/23,18:00:00 - 20:59:59,PERSONA,OTRO O INDETERMINADO [PERSONA],Mayor de edad,HOMBRE,Desconocido,SAN JOSE,SAN JOSE,HOSPITAL
HOMICIDIO,AJUSTE DE CUENTAS/VENGANZA,10/17/23,21:00:00 - 23:59:59,PERSONA,MENOR DE EDAD [PERSONA],Menor de edad,HOMBRE,COSTA RICA,LIMON,POCOCI,RITA
HOMICIDIO,AJUSTE DE CUENTAS/VENGANZA,10/16/23,09:00:00 - 11:59:59,PERSONA,PEATON [PERSONA],Mayor de edad,HOMBRE,COSTA RICA,HEREDIA,SARAPIQUI,PUERTO VIEJO
HOMICIDIO,AJUSTE DE CUENTAS/VENGANZA,10/19/23,06:00:00 - 08:59:59,PERSONA,OTRO O INDETERMINADO [PERSONA],Desconocido,DESCONOCIDO,NICARAGUA,SAN JOSE,ESCAZU,SAN RAFAEL
HOMICIDIO,AJUSTE DE CUENTAS/VENGANZA,10/24/23,00:00:00 - 02:59:59,PERSONA,OTRO O INDETERMINADO [PERSONA],Mayor de edad,HOMBRE,COSTA RICA,LIMON,POCOCI,CARIARI
HOMICIDIO,AJUSTE DE CUENTAS/VENGANZA,10/28/23,00:00:00 - 02:59:59,PERSONA,PEATON [PERSONA],Mayor de edad,HOMBRE,COSTA RICA,SAN JOSE,ALAJUELITA,SAN FELIPE
HOMICIDIO,AJUSTE DE CUENTAS/VENGANZA,11/13/23,12:00:00 - 14:59:59,PERSONA,PEATON [PERSONA],Mayor de edad,HOMBRE,COSTA RICA,PUNTARENAS,GARABITO,JACO
HOMICIDIO,AJUSTE DE CUENTAS/VENGANZA,11/15/23,18:00:00 - 20:59:59,PERSONA,PEATON [PERSONA],Desconocido,HOMBRE,Desconocido,HEREDIA,SANTA BARBARA,SANTA BARBARA
HOMICIDIO,AJUSTE DE CUENTAS/VENGANZA,11/20/23,12:00:00 - 14:59:59,PERSONA,PEATON [PERSONA],Mayor de edad,HOMBRE,COSTA RICA,LIMON,MATINA,BATAN
HOMICIDIO,AJUSTE DE CUENTAS/VENGANZA,11/24/23,12:00:00 - 14:59:59,PERSONA,PEATON [PERSONA],Mayor de edad,HOMBRE,COSTA RICA,LIMON,LIMON,LIMON
HOMICIDIO,AJUSTE DE CUENTAS/VENGANZA,12/29/23,18:00:00 - 20:59:59,PERSONA,OTRO O INDETERMINADO [PERSONA],Mayor de edad,HOMBRE,COSTA RICA,SAN JOSE,GOICOECHEA,IPIS
HOMICIDIO,DISCUSION/RIÑA,1/18/21,00:00:00 - 02:59:59,PERSONA,OTRO O INDETERMINADO [PERSONA],Mayor de edad,HOMBRE,COSTA RICA,SAN JOSE,SAN JOSE,URUCA
HOMICIDIO,DISCUSION/RIÑA,2/9/21,12:00:00 - 14:59:59,PERSONA,PEATON [PERSONA],Mayor de edad,HOMBRE,COSTA RICA,ALAJUELA,ALAJUELA,SAN ANTONIO
HOMICIDIO,DISCUSION/RIÑA,2/21/21,03:00:00 - 05:59:59,PERSONA,OTRO O INDETERMINADO [PERSONA],Mayor de edad,HOMBRE,NICARAGUA,PUNTARENAS,GARABITO,JACO
HOMICIDIO,DISCUSION/RIÑA,3/6/21,03:00:00 - 05:59:59,PERSONA,OTRO O INDETERMINADO [PERSONA],Mayor de edad,HOMBRE,COSTA RICA,HEREDIA,HEREDIA,MERCEDES
HOMICIDIO,DISCUSION/RIÑA,3/12/21,00:00:00 - 02:59:59,PERSONA,OTRO O INDETERMINADO [PERSONA],Desconocido,MUJER,COSTA RICA,HEREDIA,SARAPIQUI,HORQUETAS
HOMICIDIO,DISCUSION/RIÑA,5/16/21,18:00:00 - 20:59:59,PERSONA,PEATON [PERSONA],Mayor de edad,HOMBRE,COSTA RICA,PUNTARENAS,CORREDORES,LA CUESTA
HOMICIDIO,DISCUSION/RIÑA,5/28/21,15:00:00 - 17:59:59,PERSONA,PRIVADO DE LIBERTAD [PERSONA],Mayor de edad,HOMBRE,COSTA RICA,ALAJUELA,ALAJUELA,SAN RAFAEL
HOMICIDIO,DISCUSION/RIÑA,6/11/21,00:00:00 - 02:59:59,PERSONA,OTRO O INDETERMINADO [PERSONA],Mayor de edad,HOMBRE,Desconocido,SAN JOSE,DESAMPARADOS,LOS GUIDO
HOMICIDIO,DISCUSION/RIÑA,7/31/21,00:00:00 - 02:59:59,PERSONA,OTRO O INDETERMINADO [PERSONA],Mayor de edad,HOMBRE,COSTA RICA,HEREDIA,HEREDIA,SAN FRANCISCO
HOMICIDIO,DISCUSION/RIÑA,8/17/21,06:00:00 - 08:59:59,PERSONA,PEATON [PERSONA],Mayor de edad,MUJER,COSTA RICA,ALAJUELA,SAN CARLOS,FLORENCIA
HOMICIDIO,DISCUSION/RIÑA,8/29/21,00:00:00 - 02:59:59,PERSONA,OTRO O INDETERMINADO [PERSONA],Desconocido,HOMBRE,Desconocido,PUNTARENAS,PUNTARENAS,EL ROBLE
HOMICIDIO,DISCUSION/RIÑA,11/1/21,00:00:00 - 02:59:59,PERSONA,PEATON [PERSONA],Adulto Mayor,HOMBRE,COSTA RICA,ALAJUELA,SAN CARLOS,POCOSOL
HOMICIDIO,AJUSTE DE CUENTAS/VENGANZA,4/21/23,21:00:00 - 23:59:59,PERSONA,OTRO O INDETERMINADO [PERSONA],Mayor de edad,HOMBRE,COSTA RICA,SAN JOSE,ALAJUELITA,SAN FELIPE
HOMICIDIO,AJUSTE DE CUENTAS/VENGANZA,4/26/23,21:00:00 - 23:59:59,PERSONA,OTRO O INDETERMINADO [PERSONA],Desconocido,HOMBRE,NICARAGUA,SAN JOSE,SAN JOSE,URUCA
HOMICIDIO,AJUSTE DE CUENTAS/VENGANZA,5/23/23,18:00:00 - 20:59:59,PERSONA,OTRO O INDETERMINADO [PERSONA],Mayor de edad,HOMBRE,Desconocido,LIMON,SIQUIRRES,ALEGRIA
HOMICIDIO,AJUSTE DE CUENTAS/VENGANZA,6/3/23,15:00:00 - 17:59:59,PERSONA,PEATON [PERSONA],Mayor de edad,DESCONOCIDO,COSTA RICA,PUNTARENAS,PUNTARENAS,CHACARITA
HOMICIDIO,AJUSTE DE CUENTAS/VENGANZA,6/5/23,21:00:00 - 23:59:59,PERSONA,OTRO O INDETERMINADO [PERSONA],Mayor de edad,DESCONOCIDO,COSTA RICA,LIMON,TALAMANCA,BRATSI
HOMICIDIO,AJUSTE DE CUENTAS/VENGANZA,6/7/23,03:00:00 - 05:59:59,PERSONA,DELINCUENTE (RECONOCIDO) [PERSONA],Mayor de edad,HOMBRE,COSTA RICA,SAN JOSE,PEREZ ZELEDON,CAJON
HOMICIDIO,AJUSTE DE CUENTAS/VENGANZA,6/23/23,15:00:00 - 17:59:59,PERSONA,PEATON [PERSONA],Mayor de edad,HOMBRE,COSTA RICA,SAN JOSE,GOICOECHEA,PURRAL
HOMICIDIO,AJUSTE DE CUENTAS/VENGANZA,7/7/23,06:00:00 - 08:59:59,PERSONA,PEATON [PERSONA],Mayor de edad,HOMBRE,COSTA RICA,PUNTARENAS,QUEPOS,QUEPOS
HOMICIDIO,AJUSTE DE CUENTAS/VENGANZA,7/8/23,18:00:00 - 20:59:59,PERSONA,PEATON [PERSONA],Mayor de edad,DESCONOCIDO,COSTA RICA,CARTAGO,PARAISO,LLANOS DE SANTA LUCIA
HOMICIDIO,AJUSTE DE CUENTAS/VENGANZA,7/10/23,21:00:00 - 23:59:59,PERSONA,PEATON [PERSONA],Mayor de edad,HOMBRE,COSTA RICA,GUANACASTE,CANAS,CANAS
HOMICIDIO,AJUSTE DE CUENTAS/VENGANZA,8/4/23,21:00:00 - 23:59:59,PERSONA,PEATON [PERSONA],Mayor de edad,HOMBRE,COSTA RICA,ALAJUELA,SAN RAMON,PIEDADES NORTE
HOMICIDIO,AJUSTE DE CUENTAS/VENGANZA,8/7/23,21:00:00 - 23:59:59,PERSONA,PEATON [PERSONA],Desconocido,HOMBRE,COSTA RICA,ALAJUELA,SAN RAMON,SAN ISIDRO
HOMICIDIO,AJUSTE DE CUENTAS/VENGANZA,8/18/23,06:00:00 - 08:59:59,PERSONA,OTRO O INDETERMINADO [PERSONA],Mayor de edad,DESCONOCIDO,COSTA RICA,LIMON,LIMON,LIMON
HOMICIDIO,AJUSTE DE CUENTAS/VENGANZA,8/18/23,21:00:00 - 23:59:59,PERSONA,PEATON [PERSONA],Mayor de edad,DESCONOCIDO,COSTA RICA,SAN JOSE,GOICOECHEA,GUADALUPE
HOMICIDIO,AJUSTE DE CUENTAS/VENGANZA,8/19/23,21:00:00 - 23:59:59,PERSONA,PEATON [PERSONA],Mayor de edad,HOMBRE,COSTA RICA,CARTAGO,TURRIALBA,LA ISABEL
HOMICIDIO,AJUSTE DE CUENTAS/VENGANZA,8/21/23,09:00:00 - 11:59:59,PERSONA,OTRO O INDETERMINADO [PERSONA],Desconocido,MUJER,JAMAICA,ALAJUELA,ALAJUELA,GUACIMA
HOMICIDIO,AJUSTE DE CUENTAS/VENGANZA,8/24/23,12:00:00 - 14:59:59,PERSONA,OTRO O INDETERMINADO [PERSONA],Mayor de edad,DESCONOCIDO,COSTA RICA,LIMON,LIMON,LIMON
HOMICIDIO,AJUSTE DE CUENTAS/VENGANZA,8/30/23,06:00:00 - 08:59:59,PERSONA,OTRO O INDETERMINADO [PERSONA],Mayor de edad,DESCONOCIDO,COSTA RICA,LIMON,MATINA,CARRANDI
HOMICIDIO,AJUSTE DE CUENTAS/VENGANZA,8/31/23,12:00:00 - 14:59:59,PERSONA,OTRO O INDETERMINADO [PERSONA],Mayor de edad,HOMBRE,COSTA RICA,HEREDIA,SANTO DOMINGO,SAN VICENTE
HOMICIDIO,AJUSTE DE CUENTAS/VENGANZA,9/13/23,21:00:00 - 23:59:59,PERSONA,PEATON [PERSONA],Mayor de edad,HOMBRE,COSTA RICA,CARTAGO,PARAISO,LLANOS DE SANTA LUCIA
HOMICIDIO,AJUSTE DE CUENTAS/VENGANZA,9/24/23,09:00:00 - 11:59:59,PERSONA,PEATON [PERSONA],Mayor de edad,HOMBRE,COSTA RICA,SAN JOSE,ALAJUELITA,ALAJUELITA
HOMICIDIO,AJUSTE DE CUENTAS/VENGANZA,9/23/23,09:00:00 - 11:59:59,PERSONA,OTRO O INDETERMINADO [PERSONA],Mayor de edad,HOMBRE,COSTA RICA,ALAJUELA,ALAJUELA,GUACIMA
HOMICIDIO,AJUSTE DE CUENTAS/VENGANZA,10/4/23,06:00:00 - 08:59:59,PERSONA,OTRO O INDETERMINADO [PERSONA],Mayor de edad,HOMBRE,COSTA RICA,GUANACASTE,NICOYA,SAMARA
HOMICIDIO,FEMICIDIO,6/6/21,21:00:00 - 23:59:59,PERSONA,PEATON [PERSONA],Mayor de edad,MUJER,COSTA RICA,LIMON,LIMON,LIMON
HOMICIDIO,FEMICIDIO,10/25/23,06:00:00 - 08:59:59,PERSONA,OTRO O INDETERMINADO [PERSONA],Desconocido,MUJER,Desconocido,CARTAGO,CARTAGO,SAN NICOLAS
HOMICIDIO,NO DETERMINADO,6/13/21,06:00:00 - 08:59:59,PERSONA,OTRO O INDETERMINADO [PERSONA],Mayor de edad,HOMBRE,COSTA RICA,SAN JOSE,GOICOECHEA,PURRAL
HOMICIDIO,NO DETERMINADO,10/12/21,12:00:00 - 14:59:59,PERSONA,PEATON [PERSONA],Mayor de edad,HOMBRE,COSTA RICA,LIMON,LIMON,LIMON
HOMICIDIO,NO DETERMINADO,6/13/22,12:00:00 - 14:59:59,PERSONA,PEATON [PERSONA],Desconocido,HOMBRE,Desconocido,LIMON,TALAMANCA,CAHUITA
HOMICIDIO,NO DETERMINADO,11/4/23,03:00:00 - 05:59:59,PERSONA,PEATON [PERSONA],Mayor de edad,DESCONOCIDO,COSTA RICA,ALAJUELA,SAN RAMON,SAN JUAN
HOMICIDIO,OTRO O INDETERMINADO,6/24/21,18:00:00 - 20:59:59,PERSONA,OTRO O INDETERMINADO [PERSONA],Mayor de edad,HOMBRE,COSTA RICA,SAN JOSE,SAN JOSE,CATEDRAL
HOMICIDIO,OTRO O INDETERMINADO,10/8/21,21:00:00 - 23:59:59,PERSONA,PEATON [PERSONA],Desconocido,HOMBRE,Desconocido,SAN JOSE,SAN JOSE,CATEDRAL
HOMICIDIO,OTRO O INDETERMINADO,7/11/22,06:00:00 - 08:59:59,PERSONA,PEATON [PERSONA],Mayor de edad,HOMBRE,COSTA RICA,SAN JOSE,SAN JOSE,PAVAS
HOMICIDIO,OTRO O INDETERMINADO,10/8/22,18:00:00 - 20:59:59,PERSONA,OTRO O INDETERMINADO [PERSONA],Mayor de edad,HOMBRE,COSTA RICA,SAN JOSE,ASERRI,MONTERRY
HOMICIDIO,OTRO O INDETERMINADO,12/30/23,18:00:00 - 20:59:59,PERSONA,OTRO O INDETERMINADO [PERSONA],Desconocido,HOMBRE,NICARAGUA,CARTAGO,LA UNION,RIO AZUL
HOMICIDIO,POR LA COMISION DE OTRO DELITO,2/20/21,21:00:00 - 23:59:59,PERSONA,PEATON [PERSONA],Mayor de edad,MUJER,COSTA RICA,CARTAGO,ALVARADO,PACAYAS
HOMICIDIO,POR LA COMISION DE OTRO DELITO,7/6/21,00:00:00 - 02:59:59,PERSONA,GUARDA [PERSONA],Adulto Mayor,HOMBRE,COSTA RICA,PUNTARENAS,PUNTARENAS,PUNTARENAS
HOMICIDIO,POR LA COMISION DE OTRO DELITO,9/4/21,12:00:00 - 14:59:59,PERSONA,OTRO O INDETERMINADO [PERSONA],Adulto Mayor,DESCONOCIDO,Desconocido,HEREDIA,SARAPIQUI,HORQUETAS
HOMICIDIO,POR LA COMISION DE OTRO DELITO,10/17/21,09:00:00 - 11:59:59,PERSONA,OTRO O INDETERMINADO [PERSONA],Mayor de edad,HOMBRE,COSTA RICA,PUNTARENAS,BUENOS AIRES,BRUNKA
HOMICIDIO,POR LA COMISION DE OTRO DELITO,1/4/22,18:00:00 - 20:59:59,PERSONA,PEATON [PERSONA],Mayor de edad,HOMBRE,NICARAGUA,LIMON,TALAMANCA,CAHUITA
HOMICIDIO,POR LA COMISION DE OTRO DELITO,4/13/22,09:00:00 - 11:59:59,PERSONA,OTRO O INDETERMINADO [PERSONA],Mayor de edad,HOMBRE,COSTA RICA,ALAJUELA,OROTINA,CEIBA
HOMICIDIO,POR LA COMISION DE OTRO DELITO,5/12/22,18:00:00 - 20:59:59,PERSONA,PEATON [PERSONA],Adulto Mayor,HOMBRE,COSTA RICA,ALAJUELA,SAN RAMON,SAN RAFAEL
HOMICIDIO,POR LA COMISION DE OTRO DELITO,6/14/22,21:00:00 - 23:59:59,PERSONA,EMPRESARIO/COMERCIANTE [PERSONA],Mayor de edad,HOMBRE,Desconocido,SAN JOSE,ASERRI,ASERRI
HOMICIDIO,POR LA COMISION DE OTRO DELITO,10/9/22,06:00:00 - 08:59:59,PERSONA,USUARIO SERVICIO PUBLICO/PRIVADO [PERSONA],Mayor de edad,HOMBRE,NICARAGUA,SAN JOSE,PEREZ ZELEDON,SAN ISIDRO DE EL GENERAL
HOMICIDIO,POR LA COMISION DE OTRO DELITO,1/12/23,15:00:00 - 17:59:59,PERSONA,OTRO O INDETERMINADO [PERSONA],Desconocido,MUJER,Desconocido,GUANACASTE,LIBERIA,LIBERIA
HOMICIDIO,POR LA COMISION DE OTRO DELITO,2/14/23,18:00:00 - 20:59:59,PERSONA,PEATON [PERSONA],Adulto Mayor,HOMBRE,COSTA RICA,SAN JOSE,PEREZ ZELEDON,SAN ISIDRO DE EL GENERAL
HOMICIDIO,POR LA COMISION DE OTRO DELITO,4/21/23,18:00:00 - 20:59:59,PERSONA,CLIENTE LOCAL COMERCIAL [PERSONA],Mayor de edad,DESCONOCIDO,COSTA RICA,LIMON,MATINA,BATAN
HOMICIDIO,AJUSTE DE CUENTAS/VENGANZA,10/9/23,00:00:00 - 02:59:59,PERSONA,OTRO O INDETERMINADO [PERSONA],Mayor de edad,HOMBRE,COSTA RICA,SAN JOSE,SAN JOSE,URUCA
HOMICIDIO,AJUSTE DE CUENTAS/VENGANZA,10/11/23,03:00:00 - 05:59:59,PERSONA,PEATON [PERSONA],Menor de edad,HOMBRE,COSTA RICA,LIMON,LIMON,LIMON
HOMICIDIO,AJUSTE DE CUENTAS/VENGANZA,10/17/23,15:00:00 - 17:59:59,PERSONA,PEATON [PERSONA],Mayor de edad,HOMBRE,COSTA RICA,LIMON,MATINA,BATAN
HOMICIDIO,AJUSTE DE CUENTAS/VENGANZA,11/1/23,15:00:00 - 17:59:59,PERSONA,PEATON [PERSONA],Mayor de edad,HOMBRE,COSTA RICA,LIMON,MATINA,BATAN
HOMICIDIO,AJUSTE DE CUENTAS/VENGANZA,11/17/23,00:00:00 - 02:59:59,PERSONA,OTRO O INDETERMINADO [PERSONA],Mayor de edad,HOMBRE,COSTA RICA,GUANACASTE,SANTA CRUZ,SANTA CRUZ
HOMICIDIO,AJUSTE DE CUENTAS/VENGANZA,11/19/23,18:00:00 - 20:59:59,PERSONA,PEATON [PERSONA],Mayor de edad,HOMBRE,COSTA RICA,PUNTARENAS,PARRITA,PARRITA
HOMICIDIO,AJUSTE DE CUENTAS/VENGANZA,11/19/23,00:00:00 - 02:59:59,PERSONA,OTRO O INDETERMINADO [PERSONA],Mayor de edad,HOMBRE,COSTA RICA,SAN JOSE,VASQUEZ DE CORONADO,DULCE NOMBRE DE JESUS
HOMICIDIO,AJUSTE DE CUENTAS/VENGANZA,12/13/23,18:00:00 - 20:59:59,PERSONA,PEATON [PERSONA],Mayor de edad,HOMBRE,COSTA RICA,PUNTARENAS,CORREDORES,CANOAS
HOMICIDIO,AJUSTE DE CUENTAS/VENGANZA,12/19/23,03:00:00 - 05:59:59,PERSONA,USUARIO SERVICIO PUBLICO/PRIVADO [PERSONA],Mayor de edad,HOMBRE,COSTA RICA,LIMON,LIMON,LIMON
HOMICIDIO,AJUSTE DE CUENTAS/VENGANZA,12/25/23,21:00:00 - 23:59:59,PERSONA,OTRO O INDETERMINADO [PERSONA],Menor de edad,HOMBRE,COSTA RICA,CARTAGO,CARTAGO,CORRALILLO
HOMICIDIO,DISCUSION/RIÑA,5/14/21,06:00:00 - 08:59:59,PERSONA,PEATON [PERSONA],Desconocido,HOMBRE,ESTADOS UNIDOS,PUNTARENAS,GARABITO,JACO
HOMICIDIO,DISCUSION/RIÑA,5/25/21,09:00:00 - 11:59:59,PERSONA,GUARDA [PERSONA],Mayor de edad,HOMBRE,COSTA RICA,ALAJUELA,ALAJUELA,ALAJUELA
HOMICIDIO,DISCUSION/RIÑA,5/30/21,21:00:00 - 23:59:59,PERSONA,OTRO O INDETERMINADO [PERSONA],Mayor de edad,MUJER,COSTA RICA,ALAJUELA,ALAJUELA,DESAMPARADOS
HOMICIDIO,DISCUSION/RIÑA,11/21/21,21:00:00 - 23:59:59,PERSONA,PEATON [PERSONA],Mayor de edad,HOMBRE,COSTA RICA,LIMON,MATINA,CARRANDI
HOMICIDIO,DISCUSION/RIÑA,12/25/21,00:00:00 - 02:59:59,PERSONA,PEATON [PERSONA],Mayor de edad,DESCONOCIDO,COSTA RICA,LIMON,SIQUIRRES,PACUARITO
HOMICIDIO,DISCUSION/RIÑA,1/30/22,00:00:00 - 02:59:59,PERSONA,PRIVADO DE LIBERTAD [PERSONA],Mayor de edad,DESCONOCIDO,COSTA RICA,ALAJUELA,ALAJUELA,SAN RAFAEL
HOMICIDIO,DISCUSION/RIÑA,3/27/22,18:00:00 - 20:59:59,PERSONA,OTRO O INDETERMINADO [PERSONA],Mayor de edad,HOMBRE,NICARAGUA,SAN JOSE,SAN JOSE,URUCA
HOMICIDIO,DISCUSION/RIÑA,12/7/22,03:00:00 - 05:59:59,PERSONA,OTRO O INDETERMINADO [PERSONA],Mayor de edad,HOMBRE,COSTA RICA,GUANACASTE,CANAS,CANAS
HOMICIDIO,DISCUSION/RIÑA,1/15/23,00:00:00 - 02:59:59,PERSONA,PEATON [PERSONA],Mayor de edad,HOMBRE,COSTA RICA,CARTAGO,CARTAGO,OCCIDENTAL
HOMICIDIO,DISCUSION/RIÑA,2/1/23,03:00:00 - 05:59:59,PERSONA,PEATON [PERSONA],Mayor de edad,DESCONOCIDO,COSTA RICA,LIMON,LIMON,MATAMA
HOMICIDIO,DISCUSION/RIÑA,3/13/23,12:00:00 - 14:59:59,PERSONA,PEATON [PERSONA],Mayor de edad,DESCONOCIDO,COSTA RICA,HEREDIA,SARAPIQUI,PUERTO VIEJO
HOMICIDIO,DISCUSION/RIÑA,3/18/23,12:00:00 - 14:59:59,PERSONA,PRIVADO DE LIBERTAD [PERSONA],Mayor de edad,HOMBRE,COSTA RICA,ALAJUELA,ALAJUELA,SAN RAFAEL
HOMICIDIO,DISCUSION/RIÑA,4/16/23,09:00:00 - 11:59:59,PERSONA,OTRO O INDETERMINADO [PERSONA],Mayor de edad,HOMBRE,COSTA RICA,SAN JOSE,SAN JOSE,SAN SEBASTIAN
HOMICIDIO,DISCUSION/RIÑA,6/8/23,21:00:00 - 23:59:59,PERSONA,OTRO O INDETERMINADO [PERSONA],Mayor de edad,HOMBRE,COSTA RICA,ALAJUELA,ALAJUELA,TURRUCARES
HOMICIDIO,POR LA COMISION DE OTRO DELITO,5/29/23,21:00:00 - 23:59:59,PERSONA,OTRO O INDETERMINADO [PERSONA],Mayor de edad,HOMBRE,RUSIA,GUANACASTE,BAGACES,MOGOTE
HOMICIDIO,POR LA COMISION DE OTRO DELITO,6/21/23,00:00:00 - 02:59:59,PERSONA,OTRO O INDETERMINADO [PERSONA],Mayor de edad,HOMBRE,COSTA RICA,SAN JOSE,ASERRI,TARBACA
HOMICIDIO,POR LA COMISION DE OTRO DELITO,6/30/23,15:00:00 - 17:59:59,PERSONA,OTRO O INDETERMINADO [PERSONA],Mayor de edad,DESCONOCIDO,COSTA RICA,CARTAGO,EL GUARCO,EL TEJAR
HOMICIDIO,POR LA COMISION DE OTRO DELITO,11/21/23,18:00:00 - 20:59:59,PERSONA,PEATON [PERSONA],Mayor de edad,DESCONOCIDO,COSTA RICA,ALAJUELA,SAN CARLOS,POCOSOL
HOMICIDIO,PROFESIONAL,6/30/23,00:00:00 - 02:59:59,PERSONA,OTRO O INDETERMINADO [PERSONA],Mayor de edad,HOMBRE,COSTA RICA,PUNTARENAS,PARRITA,PARRITA
HOMICIDIO,REPELIENDO ACTIVIDAD CRIMINAL,6/4/22,18:00:00 - 20:59:59,PERSONA,OTRO O INDETERMINADO [PERSONA],Mayor de edad,HOMBRE,COSTA RICA,SAN JOSE,ALAJUELITA,SAN FELIPE
HOMICIDIO,REPELIENDO ACTIVIDAD CRIMINAL,6/12/22,00:00:00 - 02:59:59,PERSONA,OTRO O INDETERMINADO [PERSONA],Mayor de edad,HOMBRE,COSTA RICA,SAN JOSE,SAN JOSE,PAVAS
HOMICIDIO,REPELIENDO ACTIVIDAD CRIMINAL,8/13/22,15:00:00 - 17:59:59,PERSONA,OTRO O INDETERMINADO [PERSONA],Mayor de edad,HOMBRE,COSTA RICA,SAN JOSE,SAN JOSE,SAN SEBASTIAN
HOMICIDIO,REPELIENDO ACTIVIDAD CRIMINAL,12/12/23,21:00:00 - 23:59:59,PERSONA,OTRO O INDETERMINADO [PERSONA],Desconocido,DESCONOCIDO,Desconocido,LIMON,POCOCI,RITA
HOMICIDIO,VIOLENCIA DOMESTICA,8/7/21,09:00:00 - 11:59:59,PERSONA,OTRO O INDETERMINADO [PERSONA],Mayor de edad,MUJER,COSTA RICA,LIMON,SIQUIRRES,CAIRO
HOMICIDIO,VIOLENCIA DOMESTICA,2/3/23,21:00:00 - 23:59:59,PERSONA,PEATON [PERSONA],Mayor de edad,MUJER,COLOMBIA,PUNTARENAS,CORREDORES,CANOAS
HOMICIDIO,VIOLENCIA DOMESTICA,12/31/23,06:00:00 - 08:59:59,PERSONA,OTRO O INDETERMINADO [PERSONA],Adulto Mayor,MUJER,COSTA RICA,SAN JOSE,DESAMPARADOS,SAN RAFAEL ARRIBA
HOMICIDIO,DISCUSION/RIÑA,12/25/21,00:00:00 - 02:59:59,PERSONA,OTRO O INDETERMINADO [PERSONA],Desconocido,DESCONOCIDO,Desconocido,LIMON,POCOCI,CARIARI
HOMICIDIO,DISCUSION/RIÑA,2/17/22,18:00:00 - 20:59:59,PERSONA,PEATON [PERSONA],Mayor de edad,HOMBRE,COSTA RICA,LIMON,LIMON,LIMON
HOMICIDIO,DISCUSION/RIÑA,3/13/22,18:00:00 - 20:59:59,PERSONA,PEATON [PERSONA],Mayor de edad,DESCONOCIDO,Desconocido,CARTAGO,LA UNION,SAN DIEGO
HOMICIDIO,DISCUSION/RIÑA,5/29/22,15:00:00 - 17:59:59,PERSONA,PRIVADO DE LIBERTAD [PERSONA],Mayor de edad,HOMBRE,COSTA RICA,ALAJUELA,ALAJUELA,SAN RAFAEL
HOMICIDIO,DISCUSION/RIÑA,6/22/22,15:00:00 - 17:59:59,PERSONA,PEATON [PERSONA],Mayor de edad,HOMBRE,COSTA RICA,ALAJUELA,SAN CARLOS,POCOSOL
HOMICIDIO,DISCUSION/RIÑA,7/21/22,12:00:00 - 14:59:59,PERSONA,PRIVADO DE LIBERTAD [PERSONA],Mayor de edad,HOMBRE,COSTA RICA,ALAJUELA,ALAJUELA,SAN RAFAEL
HOMICIDIO,DISCUSION/RIÑA,7/30/22,15:00:00 - 17:59:59,PERSONA,PEATON [PERSONA],Mayor de edad,HOMBRE,COSTA RICA,SAN JOSE,SAN JOSE,PAVAS
HOMICIDIO,DISCUSION/RIÑA,8/9/22,00:00:00 - 02:59:59,PERSONA,PRIVADO DE LIBERTAD [PERSONA],Mayor de edad,HOMBRE,COSTA RICA,ALAJUELA,ALAJUELA,SAN RAFAEL
HOMICIDIO,DISCUSION/RIÑA,9/14/22,21:00:00 - 23:59:59,PERSONA,PEATON [PERSONA],Mayor de edad,HOMBRE,COSTA RICA,CARTAGO,TURRIALBA,DESCONOCIDO
HOMICIDIO,DISCUSION/RIÑA,11/12/22,03:00:00 - 05:59:59,PERSONA,OTRO O INDETERMINADO [PERSONA],Mayor de edad,HOMBRE,COSTA RICA,HEREDIA,HEREDIA,SAN FRANCISCO
HOMICIDIO,DISCUSION/RIÑA,2/22/23,12:00:00 - 14:59:59,PERSONA,OTRO O INDETERMINADO [PERSONA],Mayor de edad,DESCONOCIDO,COSTA RICA,SAN JOSE,GOICOECHEA,CALLE BLANCOS
HOMICIDIO,DISCUSION/RIÑA,3/21/23,00:00:00 - 02:59:59,PERSONA,PEATON [PERSONA],Mayor de edad,HOMBRE,COSTA RICA,CARTAGO,PARAISO,PARAISO
HOMICIDIO,DISCUSION/RIÑA,5/14/23,21:00:00 - 23:59:59,PERSONA,OTRO O INDETERMINADO [PERSONA],Mayor de edad,HOMBRE,COSTA RICA,LIMON,TALAMANCA,SIXAOLA
HOMICIDIO,DISCUSION/RIÑA,5/17/23,12:00:00 - 14:59:59,PERSONA,PRIVADO DE LIBERTAD [PERSONA],Mayor de edad,HOMBRE,COSTA RICA,SAN JOSE,SAN JOSE,HOSPITAL
HOMICIDIO,DISCUSION/RIÑA,9/17/23,21:00:00 - 23:59:59,PERSONA,PEATON [PERSONA],Mayor de edad,HOMBRE,NICARAGUA,GUANACASTE,LIBERIA,LIBERIA
HOMICIDIO,DISCUSION/RIÑA,10/22/23,03:00:00 - 05:59:59,PERSONA,PEATON [PERSONA],Mayor de edad,HOMBRE,COSTA RICA,PUNTARENAS,ESPARZA,ESPIRITU SANTO
HOMICIDIO,DISCUSION/RIÑA,12/16/23,21:00:00 - 23:59:59,PERSONA,PEATON [PERSONA],Mayor de edad,HOMBRE,COSTA RICA,LIMON,TALAMANCA,BRATSI
HOMICIDIO,NO DETERMINADO,5/10/21,06:00:00 - 08:59:59,PERSONA,OTRO O INDETERMINADO [PERSONA],Mayor de edad,HOMBRE,Desconocido,SAN JOSE,SAN JOSE,CATEDRAL
HOMICIDIO,NO DETERMINADO,5/19/21,09:00:00 - 11:59:59,PERSONA,OTRO O INDETERMINADO [PERSONA],Mayor de edad,HOMBRE,COSTA RICA,SAN JOSE,ASERRI,ASERRI
HOMICIDIO,NO DETERMINADO,7/3/22,06:00:00 - 08:59:59,PERSONA,OTRO O INDETERMINADO [PERSONA],Desconocido,HOMBRE,NICARAGUA,PUNTARENAS,BUENOS AIRES,POTRERO GRANDE
HOMICIDIO,OTRO O INDETERMINADO,10/1/22,21:00:00 - 23:59:59,PERSONA,OTRO O INDETERMINADO [PERSONA],Mayor de edad,DESCONOCIDO,Desconocido,SAN JOSE,SAN JOSE,SAN FRANCISCO DE DOS RIOS
HOMICIDIO,OTRO O INDETERMINADO,11/19/22,00:00:00 - 02:59:59,PERSONA,OTRO O INDETERMINADO [PERSONA],Mayor de edad,DESCONOCIDO,COSTA RICA,HEREDIA,HEREDIA,SAN FRANCISCO
HOMICIDIO,OTRO O INDETERMINADO,11/24/23,18:00:00 - 20:59:59,PERSONA,PEATON [PERSONA],Mayor de edad,HOMBRE,COSTA RICA,SAN JOSE,SAN JOSE,PAVAS
HOMICIDIO,OTRO O INDETERMINADO,12/30/23,03:00:00 - 05:59:59,PERSONA,OTRO O INDETERMINADO [PERSONA],Mayor de edad,MUJER,COSTA RICA,SAN JOSE,SAN JOSE,PAVAS
HOMICIDIO,VIOLENCIA DOMESTICA,6/1/22,06:00:00 - 08:59:59,PERSONA,OTRO O INDETERMINADO [PERSONA],Mayor de edad,DESCONOCIDO,COSTA RICA,CARTAGO,JIMENEZ,PEJIBAYE
HOMICIDIO,VIOLENCIA DOMESTICA,4/24/23,09:00:00 - 11:59:59,PERSONA,OTRO O INDETERMINADO [PERSONA],Desconocido,MUJER,Desconocido,CARTAGO,TURRIALBA,TRES EQUIS
HOMICIDIO,AJUSTE DE CUENTAS/VENGANZA,12/26/23,21:00:00 - 23:59:59,PERSONA,INDIGENTE [PERSONA],Mayor de edad,HOMBRE,COSTA RICA,SAN JOSE,SAN JOSE,PAVAS
HOMICIDIO,DISCUSION/RIÑA,5/29/21,15:00:00 - 17:59:59,PERSONA,PEATON [PERSONA],Mayor de edad,HOMBRE,COSTA RICA,SAN JOSE,ALAJUELITA,SAN JOSECITO
HOMICIDIO,DISCUSION/RIÑA,7/20/21,18:00:00 - 20:59:59,PERSONA,PEATON [PERSONA],Mayor de edad,HOMBRE,COSTA RICA,PUNTARENAS,PUNTARENAS,EL ROBLE
HOMICIDIO,DISCUSION/RIÑA,8/8/21,18:00:00 - 20:59:59,PERSONA,OTRO O INDETERMINADO [PERSONA],Mayor de edad,HOMBRE,COSTA RICA,ALAJUELA,ALAJUELA,SAN RAFAEL
HOMICIDIO,DISCUSION/RIÑA,9/15/21,00:00:00 - 02:59:59,PERSONA,PEATON [PERSONA],Mayor de edad,HOMBRE,NICARAGUA,LIMON,MATINA,CARRANDI
HOMICIDIO,DISCUSION/RIÑA,1/2/22,21:00:00 - 23:59:59,PERSONA,OTRO O INDETERMINADO [PERSONA],Mayor de edad,HOMBRE,COSTA RICA,HEREDIA,BARVA,BARVA
HOMICIDIO,DISCUSION/RIÑA,2/4/22,21:00:00 - 23:59:59,PERSONA,OTRO O INDETERMINADO [PERSONA],Desconocido,HOMBRE,NICARAGUA,ALAJUELA,ALAJUELA,RIO SEGUNDO
HOMICIDIO,DISCUSION/RIÑA,2/19/22,18:00:00 - 20:59:59,PERSONA,PRIVADO DE LIBERTAD [PERSONA],Mayor de edad,HOMBRE,COSTA RICA,ALAJUELA,ALAJUELA,SAN RAFAEL
HOMICIDIO,DISCUSION/RIÑA,3/6/22,18:00:00 - 20:59:59,PERSONA,PEATON [PERSONA],Mayor de edad,DESCONOCIDO,COSTA RICA,ALAJUELA,POAS,SAN RAFAEL
HOMICIDIO,DISCUSION/RIÑA,3/7/22,00:00:00 - 02:59:59,PERSONA,PEATON [PERSONA],Mayor de edad,HOMBRE,COSTA RICA,PUNTARENAS,GARABITO,TARCOLES
HOMICIDIO,DISCUSION/RIÑA,5/8/22,06:00:00 - 08:59:59,PERSONA,PEATON [PERSONA],Mayor de edad,HOMBRE,COSTA RICA,LIMON,LIMON,LIMON
HOMICIDIO,DISCUSION/RIÑA,8/19/22,06:00:00 - 08:59:59,PERSONA,OTRO O INDETERMINADO [PERSONA],Mayor de edad,HOMBRE,COSTA RICA,LIMON,GUACIMO,GUACIMO
HOMICIDIO,DISCUSION/RIÑA,9/16/22,21:00:00 - 23:59:59,PERSONA,PEATON [PERSONA],Mayor de edad,HOMBRE,NICARAGUA,GUANACASTE,NICOYA,NOSARA
HOMICIDIO,DISCUSION/RIÑA,11/24/22,03:00:00 - 05:59:59,PERSONA,PEATON [PERSONA],Desconocido,HOMBRE,Desconocido,PUNTARENAS,PUNTARENAS,CHACARITA
HOMICIDIO,DISCUSION/RIÑA,1/29/23,03:00:00 - 05:59:59,PERSONA,PEATON [PERSONA],Mayor de edad,HOMBRE,COSTA RICA,GUANACASTE,SANTA CRUZ,TEMPATE
HOMICIDIO,DISCUSION/RIÑA,4/15/23,03:00:00 - 05:59:59,PERSONA,INDIGENTE [PERSONA],Mayor de edad,HOMBRE,COSTA RICA,SAN JOSE,SAN JOSE,HOSPITAL
HOMICIDIO,DISCUSION/RIÑA,4/14/23,06:00:00 - 08:59:59,PERSONA,PEATON [PERSONA],Mayor de edad,HOMBRE,NICARAGUA,ALAJUELA,ALAJUELA,SAN RAFAEL
HOMICIDIO,DISCUSION/RIÑA,4/24/23,15:00:00 - 17:59:59,PERSONA,PEATON [PERSONA],Mayor de edad,HOMBRE,COSTA RICA,CARTAGO,PARAISO,PARAISO
HOMICIDIO,DISCUSION/RIÑA,5/28/23,00:00:00 - 02:59:59,PERSONA,PEATON [PERSONA],Mayor de edad,HOMBRE,COSTA RICA,SAN JOSE,SAN JOSE,URUCA
HOMICIDIO,DISCUSION/RIÑA,6/21/23,12:00:00 - 14:59:59,PERSONA,OTRO O INDETERMINADO [PERSONA],Menor de edad,HOMBRE,COSTA RICA,HEREDIA,SAN RAFAEL,SAN RAFAEL
HOMICIDIO,DISCUSION/RIÑA,7/5/23,18:00:00 - 20:59:59,PERSONA,OTRO O INDETERMINADO [PERSONA],Menor de edad,HOMBRE,COSTA RICA,SAN JOSE,DESAMPARADOS,DESAMPARADOS
HOMICIDIO,DISCUSION/RIÑA,7/11/23,21:00:00 - 23:59:59,PERSONA,PEATON [PERSONA],Mayor de edad,MUJER,COSTA RICA,ALAJUELA,SAN CARLOS,POCOSOL
HOMICIDIO,DISCUSION/RIÑA,8/1/23,21:00:00 - 23:59:59,PERSONA,OTRO O INDETERMINADO [PERSONA],Mayor de edad,HOMBRE,COSTA RICA,SAN JOSE,SAN JOSE,HATILLO
HOMICIDIO,DISCUSION/RIÑA,9/14/23,18:00:00 - 20:59:59,PERSONA,PEATON [PERSONA],Mayor de edad,HOMBRE,COSTA RICA,PUNTARENAS,PUNTARENAS,BARRANCA
HOMICIDIO,AJUSTE DE CUENTAS/VENGANZA,5/6/23,12:00:00 - 14:59:59,PERSONA,MENOR DE EDAD [PERSONA],Menor de edad,HOMBRE,COSTA RICA,PUNTARENAS,PUNTARENAS,EL ROBLE
HOMICIDIO,AJUSTE DE CUENTAS/VENGANZA,6/1/23,06:00:00 - 08:59:59,PERSONA,OTRO O INDETERMINADO [PERSONA],Mayor de edad,HOMBRE,COSTA RICA,SAN JOSE,CURRIDABAT,CURRIDABAT
HOMICIDIO,AJUSTE DE CUENTAS/VENGANZA,6/11/23,21:00:00 - 23:59:59,PERSONA,OTRO O INDETERMINADO [PERSONA],Mayor de edad,DESCONOCIDO,Desconocido,LIMON,POCOCI,LA COLONIA
HOMICIDIO,AJUSTE DE CUENTAS/VENGANZA,6/17/23,12:00:00 - 14:59:59,PERSONA,PEATON [PERSONA],Mayor de edad,HOMBRE,COSTA RICA,PUNTARENAS,OSA,PALMAR
HOMICIDIO,AJUSTE DE CUENTAS/VENGANZA,6/25/23,03:00:00 - 05:59:59,PERSONA,OTRO O INDETERMINADO [PERSONA],Mayor de edad,HOMBRE,COSTA RICA,CARTAGO,ALVARADO,PACAYAS
HOMICIDIO,AJUSTE DE CUENTAS/VENGANZA,6/26/23,12:00:00 - 14:59:59,PERSONA,OTRO O INDETERMINADO [PERSONA],Mayor de edad,HOMBRE,COSTA RICA,CARTAGO,EL GUARCO,EL TEJAR
HOMICIDIO,AJUSTE DE CUENTAS/VENGANZA,6/28/23,09:00:00 - 11:59:59,PERSONA,OTRO O INDETERMINADO [PERSONA],Desconocido,HOMBRE,COSTA RICA,CARTAGO,CARTAGO,SAN NICOLAS
HOMICIDIO,AJUSTE DE CUENTAS/VENGANZA,7/11/23,21:00:00 - 23:59:59,PERSONA,OTRO O INDETERMINADO [PERSONA],Mayor de edad,HOMBRE,COSTA RICA,GUANACASTE,NICOYA,NOSARA
HOMICIDIO,AJUSTE DE CUENTAS/VENGANZA,7/15/23,18:00:00 - 20:59:59,PERSONA,OTRO O INDETERMINADO [PERSONA],Mayor de edad,HOMBRE,COSTA RICA,CARTAGO,CARTAGO,SAN FRANCISCO
HOMICIDIO,AJUSTE DE CUENTAS/VENGANZA,7/17/23,03:00:00 - 05:59:59,PERSONA,PEATON [PERSONA],Mayor de edad,HOMBRE,PANAMA,PUNTARENAS,PUNTARENAS,EL ROBLE
HOMICIDIO,AJUSTE DE CUENTAS/VENGANZA,7/20/23,00:00:00 - 02:59:59,PERSONA,OTRO O INDETERMINADO [PERSONA],Mayor de edad,DESCONOCIDO,COSTA RICA,LIMON,GUACIMO,DUACARI
HOMICIDIO,AJUSTE DE CUENTAS/VENGANZA,7/23/23,12:00:00 - 14:59:59,PERSONA,PEATON [PERSONA],Mayor de edad,HOMBRE,COSTA RICA,LIMON,LIMON,LIMON
HOMICIDIO,AJUSTE DE CUENTAS/VENGANZA,7/31/23,18:00:00 - 20:59:59,PERSONA,PEATON [PERSONA],Mayor de edad,HOMBRE,COSTA RICA,GUANACASTE,CANAS,CANAS
HOMICIDIO,AJUSTE DE CUENTAS/VENGANZA,8/2/23,18:00:00 - 20:59:59,PERSONA,OTRO O INDETERMINADO [PERSONA],Mayor de edad,HOMBRE,COSTA RICA,LIMON,SIQUIRRES,SIQUIRRES
HOMICIDIO,AJUSTE DE CUENTAS/VENGANZA,8/7/23,15:00:00 - 17:59:59,PERSONA,PEATON [PERSONA],Mayor de edad,HOMBRE,COSTA RICA,PUNTARENAS,PUNTARENAS,CHACARITA
HOMICIDIO,AJUSTE DE CUENTAS/VENGANZA,9/28/22,09:00:00 - 11:59:59,PERSONA,OTRO O INDETERMINADO [PERSONA],Mayor de edad,HOMBRE,NICARAGUA,ALAJUELA,ALAJUELA,RIO SEGUNDO
HOMICIDIO,AJUSTE DE CUENTAS/VENGANZA,8/9/23,12:00:00 - 14:59:59,PERSONA,OTRO O INDETERMINADO [PERSONA],Mayor de edad,HOMBRE,COSTA RICA,LIMON,SIQUIRRES,CAIRO
HOMICIDIO,AJUSTE DE CUENTAS/VENGANZA,8/12/23,21:00:00 - 23:59:59,PERSONA,TAXISTA [PERSONA],Mayor de edad,HOMBRE,COSTA RICA,GUANACASTE,CANAS,CANAS
HOMICIDIO,AJUSTE DE CUENTAS/VENGANZA,8/17/23,21:00:00 - 23:59:59,PERSONA,OTRO O INDETERMINADO [PERSONA],Mayor de edad,HOMBRE,COSTA RICA,LIMON,LIMON,LIMON
HOMICIDIO,AJUSTE DE CUENTAS/VENGANZA,8/22/23,06:00:00 - 08:59:59,PERSONA,CLIENTE LOCAL COMERCIAL [PERSONA],Mayor de edad,HOMBRE,CANADA,SAN JOSE,PEREZ ZELEDON,CAJON
HOMICIDIO,AJUSTE DE CUENTAS/VENGANZA,8/30/23,00:00:00 - 02:59:59,PERSONA,PEATON [PERSONA],Desconocido,HOMBRE,Desconocido,CARTAGO,PARAISO,LLANOS DE SANTA LUCIA
HOMICIDIO,AJUSTE DE CUENTAS/VENGANZA,9/14/23,21:00:00 - 23:59:59,PERSONA,PEATON [PERSONA],Desconocido,HOMBRE,Desconocido,ALAJUELA,SAN CARLOS,AGUAS ZARCAS
HOMICIDIO,AJUSTE DE CUENTAS/VENGANZA,9/19/23,06:00:00 - 08:59:59,PERSONA,PEATON [PERSONA],Mayor de edad,HOMBRE,COSTA RICA,HEREDIA,HEREDIA,SAN FRANCISCO
HOMICIDIO,AJUSTE DE CUENTAS/VENGANZA,10/2/23,21:00:00 - 23:59:59,PERSONA,PEATON [PERSONA],Mayor de edad,HOMBRE,COSTA RICA,SAN JOSE,ALAJUELITA,CONCEPCION
HOMICIDIO,AJUSTE DE CUENTAS/VENGANZA,10/15/23,00:00:00 - 02:59:59,PERSONA,PEATON [PERSONA],Mayor de edad,HOMBRE,COSTA RICA,GUANACASTE,NICOYA,NOSARA
HOMICIDIO,AJUSTE DE CUENTAS/VENGANZA,10/25/23,03:00:00 - 05:59:59,PERSONA,OTRO O INDETERMINADO [PERSONA],Mayor de edad,HOMBRE,COSTA RICA,SAN JOSE,GOICOECHEA,PURRAL
HOMICIDIO,AJUSTE DE CUENTAS/VENGANZA,11/5/23,18:00:00 - 20:59:59,PERSONA,PEATON [PERSONA],Desconocido,HOMBRE,COLOMBIA,PUNTARENAS,GARABITO,JACO
HOMICIDIO,AJUSTE DE CUENTAS/VENGANZA,11/3/23,21:00:00 - 23:59:59,PERSONA,OTRO O INDETERMINADO [PERSONA],Mayor de edad,HOMBRE,COSTA RICA,SAN JOSE,SAN JOSE,HATILLO
HOMICIDIO,AJUSTE DE CUENTAS/VENGANZA,11/14/23,21:00:00 - 23:59:59,PERSONA,FINQUERO [PERSONA],Mayor de edad,HOMBRE,COSTA RICA,GUANACASTE,SANTA CRUZ,TEMPATE
HOMICIDIO,AJUSTE DE CUENTAS/VENGANZA,12/3/23,03:00:00 - 05:59:59,PERSONA,OTRO O INDETERMINADO [PERSONA],Mayor de edad,HOMBRE,COSTA RICA,SAN JOSE,ALAJUELITA,SAN JOSECITO
HOMICIDIO,DISCUSION/RIÑA,4/4/21,06:00:00 - 08:59:59,PERSONA,PEATON [PERSONA],Mayor de edad,HOMBRE,COSTA RICA,SAN JOSE,VASQUEZ DE CORONADO,CASCAJAL
HOMICIDIO,DISCUSION/RIÑA,4/7/21,15:00:00 - 17:59:59,PERSONA,INDIGENTE [PERSONA],Desconocido,MUJER,NICARAGUA,ALAJUELA,ALAJUELA,DESAMPARADOS
HOMICIDIO,DISCUSION/RIÑA,5/7/21,21:00:00 - 23:59:59,PERSONA,OTRO O INDETERMINADO [PERSONA],Mayor de edad,HOMBRE,COSTA RICA,CARTAGO,CARTAGO,SAN FRANCISCO
HOMICIDIO,DISCUSION/RIÑA,5/29/21,18:00:00 - 20:59:59,PERSONA,CLIENTE LOCAL COMERCIAL [PERSONA],Mayor de edad,HOMBRE,COSTA RICA,GUANACASTE,BAGACES,BAGACES
HOMICIDIO,DISCUSION/RIÑA,6/19/21,15:00:00 - 17:59:59,PERSONA,DELINCUENTE (RECONOCIDO) [PERSONA],Desconocido,HOMBRE,COSTA RICA,ALAJUELA,SAN CARLOS,QUESADA
HOMICIDIO,DISCUSION/RIÑA,6/24/21,00:00:00 - 02:59:59,PERSONA,INDIGENTE [PERSONA],Mayor de edad,HOMBRE,COSTA RICA,PUNTARENAS,PUNTARENAS,BARRANCA
HOMICIDIO,DISCUSION/RIÑA,8/21/21,00:00:00 - 02:59:59,PERSONA,PEATON [PERSONA],Mayor de edad,DESCONOCIDO,COSTA RICA,ALAJUELA,SAN CARLOS,QUESADA
HOMICIDIO,DISCUSION/RIÑA,9/20/21,06:00:00 - 08:59:59,PERSONA,OTRO O INDETERMINADO [PERSONA],Mayor de edad,DESCONOCIDO,Desconocido,LIMON,SIQUIRRES,SIQUIRRES
HOMICIDIO,DISCUSION/RIÑA,10/4/21,18:00:00 - 20:59:59,PERSONA,PEATON [PERSONA],Mayor de edad,HOMBRE,NICARAGUA,LIMON,LIMON,LIMON
HOMICIDIO,DISCUSION/RIÑA,11/5/21,15:00:00 - 17:59:59,PERSONA,OTRO O INDETERMINADO [PERSONA],Mayor de edad,HOMBRE,COSTA RICA,ALAJUELA,GRECIA,GRECIA
HOMICIDIO,DISCUSION/RIÑA,12/11/21,00:00:00 - 02:59:59,PERSONA,PEATON [PERSONA],Mayor de edad,HOMBRE,COSTA RICA,GUANACASTE,CANAS,CANAS
HOMICIDIO,DISCUSION/RIÑA,1/5/22,09:00:00 - 11:59:59,PERSONA,OTRO O INDETERMINADO [PERSONA],Mayor de edad,DESCONOCIDO,Desconocido,SAN JOSE,TIBAS,LEON XIII
HOMICIDIO,DISCUSION/RIÑA,1/15/22,09:00:00 - 11:59:59,PERSONA,PRIVADO DE LIBERTAD [PERSONA],Mayor de edad,HOMBRE,COSTA RICA,ALAJUELA,ALAJUELA,SAN RAFAEL
HOMICIDIO,DISCUSION/RIÑA,4/19/22,21:00:00 - 23:59:59,PERSONA,OTRO O INDETERMINADO [PERSONA],Mayor de edad,HOMBRE,COSTA RICA,ALAJUELA,ATENAS,ATENAS
HOMICIDIO,DISCUSION/RIÑA,5/7/22,21:00:00 - 23:59:59,PERSONA,DROGADICTO [PERSONA],Mayor de edad,HOMBRE,Desconocido,ALAJUELA,SAN CARLOS,CUTRIS
HOMICIDIO,DISCUSION/RIÑA,6/19/22,06:00:00 - 08:59:59,PERSONA,PEATON [PERSONA],Desconocido,HOMBRE,NICARAGUA,HEREDIA,HEREDIA,SAN FRANCISCO
HOMICIDIO,DISCUSION/RIÑA,8/16/22,06:00:00 - 08:59:59,PERSONA,PEATON [PERSONA],Mayor de edad,MUJER,COSTA RICA,PUNTARENAS,CORREDORES,CORREDOR
HOMICIDIO,DISCUSION/RIÑA,6/27/23,03:00:00 - 05:59:59,PERSONA,PEATON [PERSONA],Mayor de edad,DESCONOCIDO,COSTA RICA,LIMON,LIMON,LIMON
HOMICIDIO,DISCUSION/RIÑA,7/2/23,00:00:00 - 02:59:59,PERSONA,PEATON [PERSONA],Mayor de edad,HOMBRE,NICARAGUA,GUANACASTE,ABANGARES,LAS JUNTAS
HOMICIDIO,DISCUSION/RIÑA,9/30/23,00:00:00 - 02:59:59,PERSONA,OTRO O INDETERMINADO [PERSONA],Mayor de edad,HOMBRE,COSTA RICA,SAN JOSE,SAN JOSE,HOSPITAL
HOMICIDIO,DISCUSION/RIÑA,11/15/23,21:00:00 - 23:59:59,PERSONA,PEATON [PERSONA],Desconocido,HOMBRE,NICARAGUA,SAN JOSE,DESAMPARADOS,DESAMPARADOS
HOMICIDIO,DISCUSION/RIÑA,12/30/23,03:00:00 - 05:59:59,PERSONA,OTRO O INDETERMINADO [PERSONA],Mayor de edad,MUJER,Desconocido,LIMON,POCOCI,COLORADO
HOMICIDIO,FEMICIDIO,2/21/22,00:00:00 - 02:59:59,PERSONA,PEATON [PERSONA],Mayor de edad,MUJER,COSTA RICA,LIMON,MATINA,BATAN
HOMICIDIO,NO DETERMINADO,5/26/21,18:00:00 - 20:59:59,PERSONA,OTRO O INDETERMINADO [PERSONA],Mayor de edad,HOMBRE,NICARAGUA,SAN JOSE,SAN JOSE,HOSPITAL
HOMICIDIO,NO DETERMINADO,7/17/21,21:00:00 - 23:59:59,PERSONA,OTRO O INDETERMINADO [PERSONA],Mayor de edad,DESCONOCIDO,Desconocido,SAN JOSE,SAN JOSE,URUCA
HOMICIDIO,NO DETERMINADO,12/11/21,09:00:00 - 11:59:59,PERSONA,INDIGENTE [PERSONA],Mayor de edad,MUJER,COSTA RICA,SAN JOSE,SAN JOSE,MERCED
HOMICIDIO,NO DETERMINADO,2/25/22,15:00:00 - 17:59:59,PERSONA,FINQUERO [PERSONA],Mayor de edad,HOMBRE,COSTA RICA,PUNTARENAS,BUENOS AIRES,POTRERO GRANDE
HOMICIDIO,NO DETERMINADO,3/26/23,18:00:00 - 20:59:59,PERSONA,PEATON [PERSONA],Desconocido,MUJER,Desconocido,SAN JOSE,SAN JOSE,URUCA
HOMICIDIO,OTRO O INDETERMINADO,2/4/21,09:00:00 - 11:59:59,PERSONA,OTRO O INDETERMINADO [PERSONA],Mayor de edad,HOMBRE,COSTA RICA,SAN JOSE,GOICOECHEA,MATA PLATANO
HOMICIDIO,OTRO O INDETERMINADO,9/20/21,00:00:00 - 02:59:59,PERSONA,OTRO O INDETERMINADO [PERSONA],Mayor de edad,HOMBRE,COSTA RICA,SAN JOSE,GOICOECHEA,PURRAL
HOMICIDIO,OTRO O INDETERMINADO,12/16/23,09:00:00 - 11:59:59,PERSONA,OTRO O INDETERMINADO [PERSONA],Desconocido,HOMBRE,Desconocido,HEREDIA,SAN RAFAEL,LOS ANGELES
HOMICIDIO,OTRO O INDETERMINADO,12/28/23,18:00:00 - 20:59:59,PERSONA,OTRO O INDETERMINADO [PERSONA],Mayor de edad,DESCONOCIDO,COSTA RICA,SAN JOSE,SAN JOSE,PAVAS
HOMICIDIO,POR LA COMISION DE OTRO DELITO,1/6/21,21:00:00 - 23:59:59,PERSONA,OTRO O INDETERMINADO [PERSONA],Mayor de edad,MUJER,COSTA RICA,SAN JOSE,TIBAS,CINCO ESQUINAS
HOMICIDIO,POR LA COMISION DE OTRO DELITO,8/20/21,18:00:00 - 20:59:59,PERSONA,OTRO O INDETERMINADO [PERSONA],Mayor de edad,DESCONOCIDO,COSTA RICA,PUNTARENAS,QUEPOS,SAVEGRE
HOMICIDIO,POR LA COMISION DE OTRO DELITO,10/17/21,09:00:00 - 11:59:59,PERSONA,OTRO O INDETERMINADO [PERSONA],Mayor de edad,MUJER,COSTA RICA,PUNTARENAS,BUENOS AIRES,BRUNKA
HOMICIDIO,POR LA COMISION DE OTRO DELITO,11/23/21,15:00:00 - 17:59:59,PERSONA,PEATON [PERSONA],Mayor de edad,HOMBRE,COSTA RICA,LIMON,LIMON,MATAMA
HOMICIDIO,POR LA COMISION DE OTRO DELITO,3/18/22,21:00:00 - 23:59:59,PERSONA,PEATON [PERSONA],Mayor de edad,HOMBRE,COSTA RICA,CARTAGO,CARTAGO,CORRALILLO
HOMICIDIO,POR LA COMISION DE OTRO DELITO,5/10/22,15:00:00 - 17:59:59,PERSONA,OTRO O INDETERMINADO [PERSONA],Mayor de edad,MUJER,ESTADOS UNIDOS,PUNTARENAS,GARABITO,JACO
HOMICIDIO,POR LA COMISION DE OTRO DELITO,5/24/22,18:00:00 - 20:59:59,PERSONA,OTRO O INDETERMINADO [PERSONA],Mayor de edad,HOMBRE,NICARAGUA,PUNTARENAS,QUEPOS,SAVEGRE
HOMICIDIO,POR LA COMISION DE OTRO DELITO,6/15/22,06:00:00 - 08:59:59,PERSONA,FINQUERO [PERSONA],Mayor de edad,HOMBRE,COSTA RICA,ALAJUELA,RIO CUARTO,SANTA RITA
HOMICIDIO,POR LA COMISION DE OTRO DELITO,2/19/21,15:00:00 - 17:59:59,PERSONA,OTRO O INDETERMINADO [PERSONA],Mayor de edad,HOMBRE,CROACIA,PUNTARENAS,PUNTARENAS,EL ROBLE
HOMICIDIO,POR LA COMISION DE OTRO DELITO,4/21/21,09:00:00 - 11:59:59,PERSONA,OTRO O INDETERMINADO [PERSONA],Mayor de edad,HOMBRE,COSTA RICA,ALAJUELA,GRECIA,SAN JOSE
HOMICIDIO,POR LA COMISION DE OTRO DELITO,5/11/21,21:00:00 - 23:59:59,PERSONA,PEATON [PERSONA],Mayor de edad,MUJER,COSTA RICA,PUNTARENAS,CORREDORES,CORREDOR
HOMICIDIO,POR LA COMISION DE OTRO DELITO,5/15/21,12:00:00 - 14:59:59,PERSONA,OTRO O INDETERMINADO [PERSONA],Mayor de edad,DESCONOCIDO,COSTA RICA,LIMON,POCOCI,CARIARI
HOMICIDIO,POR LA COMISION DE OTRO DELITO,5/15/21,12:00:00 - 14:59:59,PERSONA,OTRO O INDETERMINADO [PERSONA],Mayor de edad,HOMBRE,COSTA RICA,LIMON,POCOCI,CARIARI
HOMICIDIO,POR LA COMISION DE OTRO DELITO,6/17/21,12:00:00 - 14:59:59,PERSONA,OTRO O INDETERMINADO [PERSONA],Mayor de edad,HOMBRE,COSTA RICA,ALAJUELA,SAN RAMON,SAN JUAN
HOMICIDIO,POR LA COMISION DE OTRO DELITO,9/18/21,18:00:00 - 20:59:59,PERSONA,PEATON [PERSONA],Mayor de edad,HOMBRE,COSTA RICA,ALAJUELA,ALAJUELA,ALAJUELA
HOMICIDIO,POR LA COMISION DE OTRO DELITO,1/25/22,18:00:00 - 20:59:59,PERSONA,PEATON [PERSONA],Adulto Mayor,HOMBRE,COSTA RICA,GUANACASTE,LIBERIA,LIBERIA
HOMICIDIO,POR LA COMISION DE OTRO DELITO,4/13/22,18:00:00 - 20:59:59,PERSONA,OTRO O INDETERMINADO [PERSONA],Mayor de edad,HOMBRE,COSTA RICA,PUNTARENAS,PUNTARENAS,EL ROBLE
HOMICIDIO,POR LA COMISION DE OTRO DELITO,6/11/22,06:00:00 - 08:59:59,PERSONA,OTRO O INDETERMINADO [PERSONA],Adulto Mayor,HOMBRE,COSTA RICA,GUANACASTE,SANTA CRUZ,CABO VELAS
HOMICIDIO,POR LA COMISION DE OTRO DELITO,9/23/22,06:00:00 - 08:59:59,PERSONA,PEATON [PERSONA],Mayor de edad,MUJER,COSTA RICA,PUNTARENAS,GOLFITO,GUAYCARA
HOMICIDIO,POR LA COMISION DE OTRO DELITO,10/18/22,18:00:00 - 20:59:59,PERSONA,OTRO O INDETERMINADO [PERSONA],Mayor de edad,DESCONOCIDO,COSTA RICA,HEREDIA,SANTO DOMINGO,SANTO DOMINGO
HOMICIDIO,POR LA COMISION DE OTRO DELITO,11/27/22,00:00:00 - 02:59:59,PERSONA,OTRO O INDETERMINADO [PERSONA],Mayor de edad,HOMBRE,COSTA RICA,ALAJUELA,ALAJUELA,SAN ANTONIO
HOMICIDIO,POR LA COMISION DE OTRO DELITO,1/1/23,09:00:00 - 11:59:59,PERSONA,OTRO O INDETERMINADO [PERSONA],Mayor de edad,DESCONOCIDO,COSTA RICA,PUNTARENAS,PARRITA,PARRITA
HOMICIDIO,POR LA COMISION DE OTRO DELITO,3/25/23,18:00:00 - 20:59:59,PERSONA,PEATON [PERSONA],Mayor de edad,HOMBRE,COSTA RICA,SAN JOSE,SAN JOSE,PAVAS
HOMICIDIO,POR LA COMISION DE OTRO DELITO,4/7/23,18:00:00 - 20:59:59,PERSONA,PEATON [PERSONA],Mayor de edad,HOMBRE,COSTA RICA,LIMON,LIMON,LIMON
HOMICIDIO,POR LA COMISION DE OTRO DELITO,5/18/23,00:00:00 - 02:59:59,PERSONA,OTRO O INDETERMINADO [PERSONA],Mayor de edad,HOMBRE,COSTA RICA,SAN JOSE,DESAMPARADOS,SAN RAFAEL ABAJO
HOMICIDIO,POR LA COMISION DE OTRO DELITO,8/27/23,15:00:00 - 17:59:59,PERSONA,PEATON [PERSONA],Menor de edad,DESCONOCIDO,COSTA RICA,ALAJUELA,SAN CARLOS,QUESADA
HOMICIDIO,VIOLENCIA DOMESTICA,1/26/21,12:00:00 - 14:59:59,PERSONA,OTRO O INDETERMINADO [PERSONA],Mayor de edad,MUJER,COSTA RICA,SAN JOSE,SAN JOSE,PAVAS
HOMICIDIO,VIOLENCIA DOMESTICA,3/27/23,03:00:00 - 05:59:59,PERSONA,CLIENTE LOCAL COMERCIAL [PERSONA],Mayor de edad,MUJER,NICARAGUA,GUANACASTE,SANTA CRUZ,TEMPATE
HOMICIDIO,VIOLENCIA DOMESTICA,7/12/23,12:00:00 - 14:59:59,PERSONA,PEATON [PERSONA],Desconocido,HOMBRE,NICARAGUA,PUNTARENAS,PUNTARENAS,BARRANCA
HOMICIDIO,VIOLENCIA DOMESTICA,10/22/23,12:00:00 - 14:59:59,PERSONA,PEATON [PERSONA],Mayor de edad,MUJER,COSTA RICA,SAN JOSE,GOICOECHEA,PURRAL
HOMICIDIO,DISCUSION/RIÑA,11/26/23,00:00:00 - 02:59:59,PERSONA,PEATON [PERSONA],Mayor de edad,HOMBRE,COSTA RICA,LIMON,TALAMANCA,CAHUITA
HOMICIDIO,FEMICIDIO,9/2/21,15:00:00 - 17:59:59,PERSONA,OTRO O INDETERMINADO [PERSONA],Mayor de edad,MUJER,COSTA RICA,GUANACASTE,LIBERIA,LIBERIA
HOMICIDIO,IDEOLOGICO,4/3/21,00:00:00 - 02:59:59,PERSONA,OTRO O INDETERMINADO [PERSONA],Mayor de edad,HOMBRE,COSTA RICA,PUNTARENAS,PUNTARENAS,BARRANCA
HOMICIDIO,NO DETERMINADO,8/29/21,18:00:00 - 20:59:59,PERSONA,OTRO O INDETERMINADO [PERSONA],Mayor de edad,DESCONOCIDO,Desconocido,SAN JOSE,ASERRI,SALITRILLOS
HOMICIDIO,OTRO O INDETERMINADO,2/5/21,00:00:00 - 02:59:59,PERSONA,OTRO O INDETERMINADO [PERSONA],Mayor de edad,HOMBRE,COSTA RICA,SAN JOSE,DESAMPARADOS,SAN JUAN DE DIOS
HOMICIDIO,OTRO O INDETERMINADO,9/17/22,18:00:00 - 20:59:59,PERSONA,PEATON [PERSONA],Menor de edad,HOMBRE,COSTA RICA,SAN JOSE,SAN JOSE,PAVAS
HOMICIDIO,OTRO O INDETERMINADO,11/20/22,00:00:00 - 02:59:59,PERSONA,PEATON [PERSONA],Mayor de edad,MUJER,COSTA RICA,CARTAGO,CARTAGO,OCCIDENTAL
HOMICIDIO,POR LA COMISION DE OTRO DELITO,1/1/21,00:00:00 - 02:59:59,PERSONA,PEATON [PERSONA],Mayor de edad,HOMBRE,COSTA RICA,PUNTARENAS,PUNTARENAS,EL ROBLE
HOMICIDIO,POR LA COMISION DE OTRO DELITO,3/19/21,21:00:00 - 23:59:59,PERSONA,PEATON [PERSONA],Mayor de edad,HOMBRE,COSTA RICA,CARTAGO,LA UNION,SAN RAFAEL
HOMICIDIO,POR LA COMISION DE OTRO DELITO,5/25/21,18:00:00 - 20:59:59,PERSONA,PEATON [PERSONA],Mayor de edad,HOMBRE,COSTA RICA,LIMON,LIMON,LIMON
HOMICIDIO,POR LA COMISION DE OTRO DELITO,9/8/21,00:00:00 - 02:59:59,PERSONA,FINQUERO [PERSONA],Desconocido,HOMBRE,NICARAGUA,HEREDIA,SARAPIQUI,CURE?A
HOMICIDIO,POR LA COMISION DE OTRO DELITO,10/17/21,09:00:00 - 11:59:59,PERSONA,OTRO O INDETERMINADO [PERSONA],Mayor de edad,HOMBRE,COSTA RICA,PUNTARENAS,BUENOS AIRES,BRUNKA
HOMICIDIO,POR LA COMISION DE OTRO DELITO,12/24/21,00:00:00 - 02:59:59,PERSONA,OTRO O INDETERMINADO [PERSONA],Mayor de edad,HOMBRE,COSTA RICA,LIMON,GUACIMO,RIO JIMENEZ
HOMICIDIO,POR LA COMISION DE OTRO DELITO,8/4/22,15:00:00 - 17:59:59,PERSONA,OTRO O INDETERMINADO [PERSONA],Mayor de edad,HOMBRE,COSTA RICA,HEREDIA,SARAPIQUI,PUERTO VIEJO
HOMICIDIO,POR LA COMISION DE OTRO DELITO,11/24/22,18:00:00 - 20:59:59,PERSONA,PEATON [PERSONA],Mayor de edad,MUJER,COSTA RICA,GUANACASTE,NICOYA,NICOYA
HOMICIDIO,POR LA COMISION DE OTRO DELITO,4/1/23,00:00:00 - 02:59:59,PERSONA,OTRO O INDETERMINADO [PERSONA],Mayor de edad,DESCONOCIDO,COSTA RICA,CARTAGO,LA UNION,RIO AZUL
HOMICIDIO,POR LA COMISION DE OTRO DELITO,5/21/23,09:00:00 - 11:59:59,PERSONA,OTRO O INDETERMINADO [PERSONA],Mayor de edad,HOMBRE,COSTA RICA,ALAJUELA,ALAJUELA,SAN RAFAEL
HOMICIDIO,POR LA COMISION DE OTRO DELITO,2/18/23,09:00:00 - 11:59:59,PERSONA,GUARDA [PERSONA],Mayor de edad,HOMBRE,COSTA RICA,SAN JOSE,SAN JOSE,URUCA
HOMICIDIO,POR LA COMISION DE OTRO DELITO,11/2/23,03:00:00 - 05:59:59,PERSONA,PEATON [PERSONA],Mayor de edad,HOMBRE,COSTA RICA,LIMON,MATINA,CARRANDI
HOMICIDIO,POR LA COMISION DE OTRO DELITO,11/21/23,09:00:00 - 11:59:59,PERSONA,PEATON [PERSONA],Mayor de edad,HOMBRE,COSTA RICA,ALAJUELA,GRECIA,TACARES
HOMICIDIO,POR LA COMISION DE OTRO DELITO,12/30/23,18:00:00 - 20:59:59,PERSONA,GUARDA [PERSONA],Mayor de edad,HOMBRE,COSTA RICA,PUNTARENAS,OSA,CORTES
HOMICIDIO,PROFESIONAL,6/11/23,21:00:00 - 23:59:59,PERSONA,OTRO O INDETERMINADO [PERSONA],Mayor de edad,HOMBRE,COSTA RICA,PUNTARENAS,PARRITA,PARRITA
HOMICIDIO,REPELIENDO ACTIVIDAD CRIMINAL,8/1/21,12:00:00 - 14:59:59,PERSONA,DROGADICTO [PERSONA],Mayor de edad,HOMBRE,COSTA RICA,ALAJUELA,ALAJUELA,SAN JOSE
HOMICIDIO,DISCUSION/RIÑA,9/28/22,18:00:00 - 20:59:59,PERSONA,PEATON [PERSONA],Menor de edad,HOMBRE,COSTA RICA,CARTAGO,CARTAGO,SAN FRANCISCO
HOMICIDIO,DISCUSION/RIÑA,11/15/22,00:00:00 - 02:59:59,PERSONA,PEATON [PERSONA],Mayor de edad,HOMBRE,COSTA RICA,HEREDIA,SANTO DOMINGO,SANTA ROSA
HOMICIDIO,DISCUSION/RIÑA,12/10/22,12:00:00 - 14:59:59,PERSONA,PEATON [PERSONA],Mayor de edad,HOMBRE,COSTA RICA,PUNTARENAS,BUENOS AIRES,BUENOS AIRES
HOMICIDIO,DISCUSION/RIÑA,12/12/22,21:00:00 - 23:59:59,PERSONA,PEATON [PERSONA],Mayor de edad,HOMBRE,COSTA RICA,ALAJUELA,SAN CARLOS,POCOSOL
HOMICIDIO,DISCUSION/RIÑA,4/8/22,18:00:00 - 20:59:59,PERSONA,OTRO O INDETERMINADO [PERSONA],Mayor de edad,HOMBRE,COSTA RICA,SAN JOSE,SAN JOSE,HATILLO
HOMICIDIO,DISCUSION/RIÑA,2/7/23,00:00:00 - 02:59:59,PERSONA,PEATON [PERSONA],Mayor de edad,HOMBRE,COSTA RICA,PUNTARENAS,QUEPOS,QUEPOS
HOMICIDIO,DISCUSION/RIÑA,5/11/23,18:00:00 - 20:59:59,PERSONA,PRIVADO DE LIBERTAD [PERSONA],Mayor de edad,HOMBRE,COSTA RICA,ALAJUELA,ALAJUELA,SAN RAFAEL
HOMICIDIO,DISCUSION/RIÑA,5/22/23,00:00:00 - 02:59:59,PERSONA,OTRO O INDETERMINADO [PERSONA],Mayor de edad,DESCONOCIDO,COSTA RICA,ALAJUELA,ALAJUELA,SAN RAFAEL
HOMICIDIO,DISCUSION/RIÑA,6/9/23,06:00:00 - 08:59:59,PERSONA,PEATON [PERSONA],Mayor de edad,HOMBRE,COSTA RICA,SAN JOSE,SAN JOSE,URUCA
HOMICIDIO,DISCUSION/RIÑA,11/12/22,03:00:00 - 05:59:59,PERSONA,PEATON [PERSONA],Menor de edad,MUJER,COSTA RICA,HEREDIA,HEREDIA,SAN FRANCISCO
HOMICIDIO,DISCUSION/RIÑA,6/16/23,09:00:00 - 11:59:59,PERSONA,OTRO O INDETERMINADO [PERSONA],Mayor de edad,HOMBRE,COSTA RICA,CARTAGO,CARTAGO,SAN NICOLAS
HOMICIDIO,DISCUSION/RIÑA,6/19/23,06:00:00 - 08:59:59,PERSONA,OTRO O INDETERMINADO [PERSONA],Desconocido,HOMBRE,NICARAGUA,CARTAGO,CARTAGO,SAN NICOLAS
HOMICIDIO,DISCUSION/RIÑA,6/29/23,12:00:00 - 14:59:59,PERSONA,OTRO O INDETERMINADO [PERSONA],Mayor de edad,HOMBRE,NICARAGUA,ALAJUELA,ALAJUELA,RIO SEGUNDO
HOMICIDIO,DISCUSION/RIÑA,7/15/23,00:00:00 - 02:59:59,PERSONA,PEATON [PERSONA],Mayor de edad,HOMBRE,COSTA RICA,HEREDIA,BARVA,SAN PABLO
HOMICIDIO,DISCUSION/RIÑA,9/22/23,09:00:00 - 11:59:59,PERSONA,PEATON [PERSONA],Mayor de edad,HOMBRE,COSTA RICA,CARTAGO,OREAMUNO,SANTA ROSA
HOMICIDIO,DISCUSION/RIÑA,12/3/23,06:00:00 - 08:59:59,PERSONA,OTRO O INDETERMINADO [PERSONA],Mayor de edad,HOMBRE,COSTA RICA,GUANACASTE,CARRILLO,BELEN
HOMICIDIO,DISCUSION/RIÑA,12/6/23,15:00:00 - 17:59:59,PERSONA,PEATON [PERSONA],Desconocido,HOMBRE,COSTA RICA,HEREDIA,SARAPIQUI,HORQUETAS
HOMICIDIO,DISCUSION/RIÑA,11/25/23,00:00:00 - 02:59:59,PERSONA,OTRO O INDETERMINADO [PERSONA],Mayor de edad,HOMBRE,COSTA RICA,LIMON,POCOCI,GUAPILES
HOMICIDIO,FEMICIDIO,9/15/21,18:00:00 - 20:59:59,PERSONA,OTRO O INDETERMINADO [PERSONA],Mayor de edad,MUJER,COSTA RICA,PUNTARENAS,PUNTARENAS,CHACARITA
HOMICIDIO,FEMICIDIO,5/13/22,03:00:00 - 05:59:59,PERSONA,OTRO O INDETERMINADO [PERSONA],Mayor de edad,MUJER,COSTA RICA,HEREDIA,HEREDIA,SAN FRANCISCO
HOMICIDIO,NO DETERMINADO,8/12/22,18:00:00 - 20:59:59,PERSONA,PEATON [PERSONA],Desconocido,HOMBRE,NICARAGUA,LIMON,MATINA,MATINA
HOMICIDIO,OTRO O INDETERMINADO,5/29/21,15:00:00 - 17:59:59,PERSONA,OTRO O INDETERMINADO [PERSONA],Mayor de edad,HOMBRE,COSTA RICA,SAN JOSE,ESCAZU,SAN RAFAEL
HOMICIDIO,OTRO O INDETERMINADO,10/18/21,00:00:00 - 02:59:59,PERSONA,PEATON [PERSONA],Mayor de edad,MUJER,COSTA RICA,SAN JOSE,SAN JOSE,PAVAS
HOMICIDIO,OTRO O INDETERMINADO,11/5/21,06:00:00 - 08:59:59,PERSONA,COBRADOR/MENSAJERO/PAGADOR [PERSONA],Mayor de edad,HOMBRE,COLOMBIA,ALAJUELA,GRECIA,SAN ISIDRO
HOMICIDIO,POR LA COMISION DE OTRO DELITO,7/2/22,00:00:00 - 02:59:59,PERSONA,OTRO O INDETERMINADO [PERSONA],Mayor de edad,HOMBRE,COSTA RICA,SAN JOSE,SAN JOSE,CATEDRAL
HOMICIDIO,POR LA COMISION DE OTRO DELITO,3/13/22,21:00:00 - 23:59:59,PERSONA,OTRO O INDETERMINADO [PERSONA],Mayor de edad,HOMBRE,COSTA RICA,SAN JOSE,SAN JOSE,MERCED
HOMICIDIO,POR LA COMISION DE OTRO DELITO,10/9/22,18:00:00 - 20:59:59,PERSONA,OTRO O INDETERMINADO [PERSONA],Mayor de edad,HOMBRE,COSTA RICA,LIMON,MATINA,BATAN
HOMICIDIO,POR LA COMISION DE OTRO DELITO,12/12/22,18:00:00 - 20:59:59,PERSONA,OTRO O INDETERMINADO [PERSONA],Mayor de edad,HOMBRE,COSTA RICA,LIMON,POCOCI,RITA
HOMICIDIO,POR LA COMISION DE OTRO DELITO,3/15/23,00:00:00 - 02:59:59,PERSONA,OTRO O INDETERMINADO [PERSONA],Mayor de edad,HOMBRE,COSTA RICA,HEREDIA,SAN PABLO,SAN PABLO
HOMICIDIO,POR LA COMISION DE OTRO DELITO,3/13/23,00:00:00 - 02:59:59,PERSONA,OTRO O INDETERMINADO [PERSONA],Adulto Mayor,MUJER,COSTA RICA,GUANACASTE,LIBERIA,LIBERIA
HOMICIDIO,POR LA COMISION DE OTRO DELITO,3/18/23,18:00:00 - 20:59:59,PERSONA,OTRO O INDETERMINADO [PERSONA],Mayor de edad,HOMBRE,NICARAGUA,HEREDIA,SARAPIQUI,PUERTO VIEJO
HOMICIDIO,POR LA COMISION DE OTRO DELITO,4/24/23,09:00:00 - 11:59:59,PERSONA,PEATON [PERSONA],Mayor de edad,HOMBRE,NICARAGUA,ALAJUELA,ALAJUELA,SAN JOSE
HOMICIDIO,POR LA COMISION DE OTRO DELITO,4/27/23,03:00:00 - 05:59:59,PERSONA,TAXISTA [PERSONA],Adulto Mayor,HOMBRE,COSTA RICA,ALAJUELA,POAS,CARRILLOS
HOMICIDIO,POR LA COMISION DE OTRO DELITO,6/18/23,03:00:00 - 05:59:59,PERSONA,OTRO O INDETERMINADO [PERSONA],Mayor de edad,HOMBRE,COSTA RICA,ALAJUELA,ALAJUELA,GUACIMA
HOMICIDIO,POR LA COMISION DE OTRO DELITO,9/17/23,00:00:00 - 02:59:59,PERSONA,PEATON [PERSONA],Mayor de edad,HOMBRE,NICARAGUA,ALAJUELA,UPALA,UPALA
HOMICIDIO,POR LA COMISION DE OTRO DELITO,10/19/23,00:00:00 - 02:59:59,PERSONA,OTRO O INDETERMINADO [PERSONA],Mayor de edad,HOMBRE,COSTA RICA,CARTAGO,CARTAGO,SAN NICOLAS
HOMICIDIO,POR LA COMISION DE OTRO DELITO,12/11/23,03:00:00 - 05:59:59,PERSONA,PEATON [PERSONA],Mayor de edad,HOMBRE,COSTA RICA,PUNTARENAS,PUNTARENAS,EL ROBLE
HOMICIDIO,PROFESIONAL,5/12/22,03:00:00 - 05:59:59,PERSONA,OTRO O INDETERMINADO [PERSONA],Mayor de edad,MUJER,COSTA RICA,PUNTARENAS,MONTES DE ORO,SAN ISIDRO
HOMICIDIO,PROFESIONAL,10/21/23,18:00:00 - 20:59:59,PERSONA,PEATON [PERSONA],Mayor de edad,MUJER,COSTA RICA,PUNTARENAS,PUNTARENAS,EL ROBLE
HOMICIDIO,REPELIENDO ACTIVIDAD CRIMINAL,8/28/21,18:00:00 - 20:59:59,PERSONA,DELINCUENTE (RECONOCIDO) [PERSONA],Mayor de edad,HOMBRE,COSTA RICA,ALAJUELA,ALAJUELA,GUACIMA
HOMICIDIO,REPELIENDO ACTIVIDAD CRIMINAL,11/21/21,12:00:00 - 14:59:59,PERSONA,PEATON [PERSONA],Mayor de edad,HOMBRE,COSTA RICA,HEREDIA,SAN RAFAEL,SAN JOSECITO
HOMICIDIO,REPELIENDO ACTIVIDAD CRIMINAL,3/26/22,21:00:00 - 23:59:59,PERSONA,PEATON [PERSONA],Mayor de edad,HOMBRE,COSTA RICA,SAN JOSE,GOICOECHEA,IPIS
HOMICIDIO,REPELIENDO ACTIVIDAD CRIMINAL,1/6/23,06:00:00 - 08:59:59,PERSONA,OTRO O INDETERMINADO [PERSONA],Adulto Mayor,HOMBRE,COSTA RICA,LIMON,GUACIMO,RIO JIMENEZ
HOMICIDIO,REPELIENDO ACTIVIDAD CRIMINAL,7/12/23,18:00:00 - 20:59:59,PERSONA,OTRO O INDETERMINADO [PERSONA],Mayor de edad,HOMBRE,COSTA RICA,SAN JOSE,MONTES DE OCA,SAN RAFAEL
HOMICIDIO,REPELIENDO ACTIVIDAD CRIMINAL,12/8/23,21:00:00 - 23:59:59,PERSONA,OTRO O INDETERMINADO [PERSONA],Mayor de edad,HOMBRE,COSTA RICA,SAN JOSE,SAN JOSE,URUCA
HOMICIDIO,VIOLENCIA DOMESTICA,2/16/21,18:00:00 - 20:59:59,PERSONA,OTRO O INDETERMINADO [PERSONA],Mayor de edad,MUJER,COSTA RICA,SAN JOSE,CURRIDABAT,CURRIDABAT
HOMICIDIO,VIOLENCIA DOMESTICA,8/12/21,09:00:00 - 11:59:59,PERSONA,OTRO O INDETERMINADO [PERSONA],Mayor de edad,MUJER,COSTA RICA,CARTAGO,CARTAGO,CARMEN
HOMICIDIO,REPELIENDO ACTIVIDAD CRIMINAL,8/30/21,00:00:00 - 02:59:59,PERSONA,DELINCUENTE (RECONOCIDO) [PERSONA],Mayor de edad,DESCONOCIDO,COSTA RICA,ALAJUELA,ALAJUELA,DESAMPARADOS
HOMICIDIO,REPELIENDO ACTIVIDAD CRIMINAL,12/22/21,21:00:00 - 23:59:59,PERSONA,OTRO O INDETERMINADO [PERSONA],Mayor de edad,DESCONOCIDO,COSTA RICA,HEREDIA,SANTA BARBARA,SANTA BARBARA
HOMICIDIO,REPELIENDO ACTIVIDAD CRIMINAL,10/4/23,21:00:00 - 23:59:59,PERSONA,PEATON [PERSONA],Desconocido,DESCONOCIDO,COSTA RICA,SAN JOSE,CURRIDABAT,TIRRASES
HOMICIDIO,VIOLENCIA DOMESTICA,1/23/21,00:00:00 - 02:59:59,PERSONA,PEATON [PERSONA],Desconocido,MUJER,Desconocido,PUNTARENAS,GARABITO,TARCOLES
HOMICIDIO,VIOLENCIA DOMESTICA,8/14/22,15:00:00 - 17:59:59,PERSONA,OTRO O INDETERMINADO [PERSONA],Mayor de edad,HOMBRE,REINO UNIDO,ALAJUELA,ALAJUELA,SAN JOSE
HOMICIDIO,VIOLENCIA DOMESTICA,8/23/22,00:00:00 - 02:59:59,PERSONA,PEATON [PERSONA],Mayor de edad,MUJER,COSTA RICA,LIMON,LIMON,LIMON
HOMICIDIO,VIOLENCIA DOMESTICA,11/28/22,18:00:00 - 20:59:59,PERSONA,MENOR DE EDAD [PERSONA],Menor de edad,DESCONOCIDO,COSTA RICA,LIMON,POCOCI,CARIARI
HOMICIDIO,VIOLENCIA DOMESTICA,4/24/23,12:00:00 - 14:59:59,PERSONA,OTRO O INDETERMINADO [PERSONA],Adulto Mayor,HOMBRE,COSTA RICA,SAN JOSE,ALAJUELITA,SAN FELIPE
HOMICIDIO,VIOLENCIA DOMESTICA,9/5/23,06:00:00 - 08:59:59,PERSONA,OTRO O INDETERMINADO [PERSONA],Adulto Mayor,MUJER,COSTA RICA,SAN JOSE,LEON CORTES,LLANO BONITO
HOMICIDIO,VIOLENCIA DOMESTICA,11/8/23,00:00:00 - 02:59:59,PERSONA,OTRO O INDETERMINADO [PERSONA],Mayor de edad,MUJER,COSTA RICA,SAN JOSE,SAN JOSE,MERCED
HOMICIDIO,VIOLENCIA DOMESTICA,12/6/23,15:00:00 - 17:59:59,PERSONA,OTRO O INDETERMINADO [PERSONA],Mayor de edad,HOMBRE,COSTA RICA,ALAJUELA,ALAJUELA,SAN JOSE
HOMICIDIO,OTRO O INDETERMINADO,11/29/21,00:00:00 - 02:59:59,PERSONA,PEATON [PERSONA],Mayor de edad,HOMBRE,COSTA RICA,SAN JOSE,SAN JOSE,PAVAS
HOMICIDIO,POR LA COMISION DE OTRO DELITO,1/7/21,00:00:00 - 02:59:59,PERSONA,GUARDA [PERSONA],Mayor de edad,HOMBRE,COSTA RICA,PUNTARENAS,PUNTARENAS,CHACARITA
HOMICIDIO,POR LA COMISION DE OTRO DELITO,3/2/21,18:00:00 - 20:59:59,PERSONA,PEATON [PERSONA],Mayor de edad,HOMBRE,COSTA RICA,SAN JOSE,DESAMPARADOS,DESAMPARADOS
HOMICIDIO,POR LA COMISION DE OTRO DELITO,7/5/21,21:00:00 - 23:59:59,PERSONA,DELINCUENTE (RECONOCIDO) [PERSONA],Mayor de edad,HOMBRE,COSTA RICA,GUANACASTE,SANTA CRUZ,TEMPATE
HOMICIDIO,POR LA COMISION DE OTRO DELITO,10/1/21,18:00:00 - 20:59:59,PERSONA,OTRO O INDETERMINADO [PERSONA],Mayor de edad,DESCONOCIDO,COSTA RICA,CARTAGO,CARTAGO,CARMEN
HOMICIDIO,POR LA COMISION DE OTRO DELITO,10/12/21,15:00:00 - 17:59:59,PERSONA,OTRO O INDETERMINADO [PERSONA],Mayor de edad,HOMBRE,COSTA RICA,ALAJUELA,ALAJUELA,ALAJUELA
HOMICIDIO,POR LA COMISION DE OTRO DELITO,10/17/21,09:00:00 - 11:59:59,PERSONA,OTRO O INDETERMINADO [PERSONA],Mayor de edad,MUJER,COSTA RICA,PUNTARENAS,BUENOS AIRES,BRUNKA
HOMICIDIO,POR LA COMISION DE OTRO DELITO,12/17/21,21:00:00 - 23:59:59,PERSONA,GUARDA [PERSONA],Mayor de edad,HOMBRE,COSTA RICA,PUNTARENAS,BUENOS AIRES,BRUNKA
HOMICIDIO,POR LA COMISION DE OTRO DELITO,12/21/21,21:00:00 - 23:59:59,PERSONA,OTRO O INDETERMINADO [PERSONA],Adulto Mayor,HOMBRE,COSTA RICA,LIMON,POCOCI,LA COLONIA
HOMICIDIO,POR LA COMISION DE OTRO DELITO,12/31/21,18:00:00 - 20:59:59,PERSONA,PEATON [PERSONA],Mayor de edad,HOMBRE,COSTA RICA,LIMON,MATINA,BATAN
HOMICIDIO,POR LA COMISION DE OTRO DELITO,4/6/22,03:00:00 - 05:59:59,PERSONA,OTRO O INDETERMINADO [PERSONA],Mayor de edad,HOMBRE,COSTA RICA,GUANACASTE,CARRILLO,SARDINAL
HOMICIDIO,POR LA COMISION DE OTRO DELITO,5/7/22,21:00:00 - 23:59:59,PERSONA,TAXISTA [PERSONA],Mayor de edad,HOMBRE,COSTA RICA,CARTAGO,PARAISO,SANTIAGO
HOMICIDIO,POR LA COMISION DE OTRO DELITO,9/27/22,15:00:00 - 17:59:59,PERSONA,OTRO O INDETERMINADO [PERSONA],Mayor de edad,HOMBRE,COSTA RICA,ALAJUELA,GRECIA,GRECIA
HOMICIDIO,POR LA COMISION DE OTRO DELITO,2/17/23,21:00:00 - 23:59:59,PERSONA,PROSTITUTA [PERSONA],Mayor de edad,MUJER,COSTA RICA,LIMON,LIMON,LIMON
HOMICIDIO,POR LA COMISION DE OTRO DELITO,8/8/23,00:00:00 - 02:59:59,PERSONA,PEATON [PERSONA],Mayor de edad,HOMBRE,COSTA RICA,PUNTARENAS,MONTES DE ORO,MIRAMAR
HOMICIDIO,POR LA COMISION DE OTRO DELITO,8/15/23,03:00:00 - 05:59:59,PERSONA,OTRO O INDETERMINADO [PERSONA],Mayor de edad,HOMBRE,COSTA RICA,LIMON,MATINA,MATINA
HOMICIDIO,POR LA COMISION DE OTRO DELITO,8/21/23,15:00:00 - 17:59:59,PERSONA,OTRO O INDETERMINADO [PERSONA],Mayor de edad,HOMBRE,COSTA RICA,LIMON,MATINA,BATAN
HOMICIDIO,POR LA COMISION DE OTRO DELITO,10/28/23,06:00:00 - 08:59:59,PERSONA,OTRO O INDETERMINADO [PERSONA],Menor de edad,HOMBRE,COSTA RICA,SAN JOSE,ALAJUELITA,SAN FELIPE
HOMICIDIO,POR LA COMISION DE OTRO DELITO,10/28/23,06:00:00 - 08:59:59,PERSONA,PEATON [PERSONA],Mayor de edad,HOMBRE,COSTA RICA,SAN JOSE,ALAJUELITA,SAN FELIPE
HOMICIDIO,PROFESIONAL,4/27/21,12:00:00 - 14:59:59,PERSONA,CLIENTE LOCAL COMERCIAL [PERSONA],Mayor de edad,HOMBRE,COSTA RICA,ALAJUELA,SAN RAMON,ANGELES
HOMICIDIO,PROFESIONAL,6/14/23,06:00:00 - 08:59:59,PERSONA,PEATON [PERSONA],Menor de edad,HOMBRE,COSTA RICA,PUNTARENAS,PUNTARENAS,BARRANCA
HOMICIDIO,REPELIENDO ACTIVIDAD CRIMINAL,8/15/21,18:00:00 - 20:59:59,PERSONA,OTRO O INDETERMINADO [PERSONA],Menor de edad,HOMBRE,COSTA RICA,SAN JOSE,ASERRI,ASERRI
HOMICIDIO,REPELIENDO ACTIVIDAD CRIMINAL,1/22/22,03:00:00 - 05:59:59,PERSONA,OTRO O INDETERMINADO [PERSONA],Mayor de edad,HOMBRE,COSTA RICA,LIMON,GUACIMO,DUACARI
HOMICIDIO,VIOLENCIA DOMESTICA,11/30/21,15:00:00 - 17:59:59,PERSONA,PEATON [PERSONA],Desconocido,MUJER,NICARAGUA,ALAJUELA,LOS CHILES,LOS CHILES
HOMICIDIO,VIOLENCIA DOMESTICA,8/11/23,00:00:00 - 02:59:59,PERSONA,OTRO O INDETERMINADO [PERSONA],Desconocido,DESCONOCIDO,Desconocido,SAN JOSE,SAN JOSE,ZAPOTE
HOMICIDIO,REPELIENDO ACTIVIDAD CRIMINAL,2/27/22,00:00:00 - 02:59:59,PERSONA,PEATON [PERSONA],Mayor de edad,DESCONOCIDO,Desconocido,SAN JOSE,SAN JOSE,HOSPITAL
HOMICIDIO,REPELIENDO ACTIVIDAD CRIMINAL,3/23/23,18:00:00 - 20:59:59,PERSONA,PEATON [PERSONA],Mayor de edad,HOMBRE,COSTA RICA,ALAJUELA,ALAJUELA,ALAJUELA
HOMICIDIO,REPELIENDO ACTIVIDAD CRIMINAL,8/31/23,21:00:00 - 23:59:59,PERSONA,GUARDA [PERSONA],Adulto Mayor,DESCONOCIDO,Desconocido,PUNTARENAS,QUEPOS,QUEPOS
HOMICIDIO,REPELIENDO ACTIVIDAD CRIMINAL,12/26/23,15:00:00 - 17:59:59,PERSONA,PEATON [PERSONA],Mayor de edad,HOMBRE,COSTA RICA,PUNTARENAS,PUNTARENAS,BARRANCA
HOMICIDIO,VIOLENCIA DOMESTICA,10/26/21,15:00:00 - 17:59:59,PERSONA,OTRO O INDETERMINADO [PERSONA],Mayor de edad,DESCONOCIDO,COSTA RICA,CARTAGO,TURRIALBA,TURRIALBA
HOMICIDIO,VIOLENCIA DOMESTICA,12/14/22,00:00:00 - 02:59:59,PERSONA,OTRO O INDETERMINADO [PERSONA],Desconocido,MUJER,Desconocido,LIMON,TALAMANCA,BRATSI
HOMICIDIO,VIOLENCIA DOMESTICA,10/22/23,00:00:00 - 02:59:59,PERSONA,OTRO O INDETERMINADO [PERSONA],Desconocido,HOMBRE,NICARAGUA,ALAJUELA,ALAJUELA,SAN JOSE
HOMICIDIO,AJUSTE DE CUENTAS/VENGANZA,11/8/21,18:00:00 - 20:59:59,PERSONA,OTRO O INDETERMINADO [PERSONA],Mayor de edad,HOMBRE,COSTA RICA,SAN JOSE,TIBAS,LEON XIII
HOMICIDIO,AJUSTE DE CUENTAS/VENGANZA,11/9/21,00:00:00 - 02:59:59,PERSONA,OTRO O INDETERMINADO [PERSONA],Mayor de edad,HOMBRE,COSTA RICA,CARTAGO,CARTAGO,SAN FRANCISCO
HOMICIDIO,AJUSTE DE CUENTAS/VENGANZA,12/27/21,21:00:00 - 23:59:59,PERSONA,OTRO O INDETERMINADO [PERSONA],Mayor de edad,HOMBRE,COSTA RICA,LIMON,POCOCI,RITA
HOMICIDIO,AJUSTE DE CUENTAS/VENGANZA,1/1/22,18:00:00 - 20:59:59,PERSONA,OTRO O INDETERMINADO [PERSONA],Mayor de edad,HOMBRE,COSTA RICA,LIMON,POCOCI,CARIARI
HOMICIDIO,AJUSTE DE CUENTAS/VENGANZA,1/25/22,09:00:00 - 11:59:59,PERSONA,MENOR DE EDAD [PERSONA],Menor de edad,HOMBRE,COSTA RICA,PUNTARENAS,PUNTARENAS,CHACARITA
HOMICIDIO,AJUSTE DE CUENTAS/VENGANZA,1/27/22,09:00:00 - 11:59:59,PERSONA,PEATON [PERSONA],Mayor de edad,HOMBRE,COSTA RICA,LIMON,LIMON,LIMON
HOMICIDIO,AJUSTE DE CUENTAS/VENGANZA,2/8/22,21:00:00 - 23:59:59,PERSONA,OTRO O INDETERMINADO [PERSONA],Mayor de edad,HOMBRE,COSTA RICA,HEREDIA,SANTO DOMINGO,TURES
HOMICIDIO,AJUSTE DE CUENTAS/VENGANZA,2/19/22,09:00:00 - 11:59:59,PERSONA,OTRO O INDETERMINADO [PERSONA],Mayor de edad,HOMBRE,COSTA RICA,HEREDIA,SARAPIQUI,PUERTO VIEJO
HOMICIDIO,AJUSTE DE CUENTAS/VENGANZA,3/2/22,09:00:00 - 11:59:59,PERSONA,PEATON [PERSONA],Mayor de edad,HOMBRE,NICARAGUA,PUNTARENAS,CORREDORES,CORREDOR
HOMICIDIO,AJUSTE DE CUENTAS/VENGANZA,3/2/22,09:00:00 - 11:59:59,PERSONA,PEATON [PERSONA],Mayor de edad,HOMBRE,COSTA RICA,LIMON,LIMON,LIMON
HOMICIDIO,AJUSTE DE CUENTAS/VENGANZA,3/2/22,09:00:00 - 11:59:59,PERSONA,PEATON [PERSONA],Mayor de edad,HOMBRE,COSTA RICA,LIMON,LIMON,LIMON
HOMICIDIO,AJUSTE DE CUENTAS/VENGANZA,5/16/22,18:00:00 - 20:59:59,PERSONA,EMPRESARIO/COMERCIANTE [PERSONA],Mayor de edad,HOMBRE,COSTA RICA,GUANACASTE,LIBERIA,LIBERIA
HOMICIDIO,AJUSTE DE CUENTAS/VENGANZA,5/21/22,00:00:00 - 02:59:59,PERSONA,OTRO O INDETERMINADO [PERSONA],Mayor de edad,HOMBRE,COSTA RICA,PUNTARENAS,PUNTARENAS,BARRANCA
HOMICIDIO,AJUSTE DE CUENTAS/VENGANZA,6/21/22,06:00:00 - 08:59:59,PERSONA,OTRO O INDETERMINADO [PERSONA],Desconocido,HOMBRE,Desconocido,GUANACASTE,BAGACES,BAGACES
HOMICIDIO,AJUSTE DE CUENTAS/VENGANZA,7/8/22,15:00:00 - 17:59:59,PERSONA,PEATON [PERSONA],Mayor de edad,HOMBRE,COSTA RICA,CARTAGO,LA UNION,DULCE NOMBRE
HOMICIDIO,AJUSTE DE CUENTAS/VENGANZA,7/8/22,21:00:00 - 23:59:59,PERSONA,PEATON [PERSONA],Mayor de edad,HOMBRE,COSTA RICA,LIMON,LIMON,LIMON
HOMICIDIO,AJUSTE DE CUENTAS/VENGANZA,8/5/22,00:00:00 - 02:59:59,PERSONA,PEATON [PERSONA],Mayor de edad,HOMBRE,COSTA RICA,LIMON,LIMON,LIMON
HOMICIDIO,AJUSTE DE CUENTAS/VENGANZA,8/21/22,09:00:00 - 11:59:59,PERSONA,OTRO O INDETERMINADO [PERSONA],Mayor de edad,HOMBRE,COSTA RICA,LIMON,POCOCI,JIMENEZ
HOMICIDIO,AJUSTE DE CUENTAS/VENGANZA,8/23/22,06:00:00 - 08:59:59,PERSONA,PEATON [PERSONA],Mayor de edad,MUJER,COSTA RICA,GUANACASTE,LIBERIA,LIBERIA
HOMICIDIO,AJUSTE DE CUENTAS/VENGANZA,8/26/22,12:00:00 - 14:59:59,PERSONA,TAXISTA [PERSONA],Mayor de edad,HOMBRE,COSTA RICA,GUANACASTE,LA CRUZ,LA CRUZ
HOMICIDIO,AJUSTE DE CUENTAS/VENGANZA,9/16/22,03:00:00 - 05:59:59,PERSONA,PEATON [PERSONA],Mayor de edad,HOMBRE,COSTA RICA,SAN JOSE,SAN JOSE,PAVAS
HOMICIDIO,AJUSTE DE CUENTAS/VENGANZA,10/2/22,18:00:00 - 20:59:59,PERSONA,PEATON [PERSONA],Mayor de edad,HOMBRE,COSTA RICA,LIMON,LIMON,LIMON
HOMICIDIO,AJUSTE DE CUENTAS/VENGANZA,10/1/22,06:00:00 - 08:59:59,PERSONA,PEATON [PERSONA],Mayor de edad,HOMBRE,COSTA RICA,PUNTARENAS,PUNTARENAS,COBANO
HOMICIDIO,AJUSTE DE CUENTAS/VENGANZA,10/12/22,00:00:00 - 02:59:59,PERSONA,PEATON [PERSONA],Mayor de edad,HOMBRE,COSTA RICA,PUNTARENAS,PUNTARENAS,CHACARITA
HOMICIDIO,AJUSTE DE CUENTAS/VENGANZA,10/18/22,15:00:00 - 17:59:59,PERSONA,OTRO O INDETERMINADO [PERSONA],Mayor de edad,MUJER,COSTA RICA,LIMON,SIQUIRRES,ALEGRIA
HOMICIDIO,AJUSTE DE CUENTAS/VENGANZA,10/23/22,06:00:00 - 08:59:59,PERSONA,PEATON [PERSONA],Desconocido,HOMBRE,NICARAGUA,ALAJUELA,SAN CARLOS,CUTRIS
HOMICIDIO,AJUSTE DE CUENTAS/VENGANZA,11/2/22,03:00:00 - 05:59:59,PERSONA,MENOR DE EDAD [PERSONA],Menor de edad,HOMBRE,COSTA RICA,PUNTARENAS,PUNTARENAS,EL ROBLE
HOMICIDIO,AJUSTE DE CUENTAS/VENGANZA,11/11/22,18:00:00 - 20:59:59,PERSONA,PEATON [PERSONA],Mayor de edad,HOMBRE,NICARAGUA,PUNTARENAS,QUEPOS,QUEPOS
HOMICIDIO,AJUSTE DE CUENTAS/VENGANZA,11/21/22,18:00:00 - 20:59:59,PERSONA,PEATON [PERSONA],Mayor de edad,HOMBRE,PANAMA,PUNTARENAS,CORREDORES,LA CUESTA
HOMICIDIO,AJUSTE DE CUENTAS/VENGANZA,11/6/22,18:00:00 - 20:59:59,PERSONA,PEATON [PERSONA],Mayor de edad,DESCONOCIDO,COSTA RICA,SAN JOSE,MORAVIA,LA TRINIDAD
HOMICIDIO,AJUSTE DE CUENTAS/VENGANZA,12/11/22,12:00:00 - 14:59:59,PERSONA,MENOR DE EDAD [PERSONA],Menor de edad,DESCONOCIDO,COSTA RICA,PUNTARENAS,PUNTARENAS,CHACARITA
HOMICIDIO,AJUSTE DE CUENTAS/VENGANZA,12/12/22,15:00:00 - 17:59:59,PERSONA,PEATON [PERSONA],Mayor de edad,HOMBRE,COSTA RICA,PUNTARENAS,PARRITA,PARRITA
HOMICIDIO,AJUSTE DE CUENTAS/VENGANZA,12/22/22,09:00:00 - 11:59:59,PERSONA,PEATON [PERSONA],Mayor de edad,HOMBRE,COSTA RICA,ALAJUELA,SAN RAMON,PENAS BLANCAS
HOMICIDIO,AJUSTE DE CUENTAS/VENGANZA,12/28/22,21:00:00 - 23:59:59,PERSONA,PEATON [PERSONA],Mayor de edad,DESCONOCIDO,Desconocido,PUNTARENAS,PUNTARENAS,CHACARITA
HOMICIDIO,AJUSTE DE CUENTAS/VENGANZA,1/1/23,15:00:00 - 17:59:59,PERSONA,PEATON [PERSONA],Mayor de edad,HOMBRE,Desconocido,LIMON,TALAMANCA,SIXAOLA
HOMICIDIO,AJUSTE DE CUENTAS/VENGANZA,1/10/23,18:00:00 - 20:59:59,PERSONA,OTRO O INDETERMINADO [PERSONA],Mayor de edad,MUJER,COSTA RICA,SAN JOSE,DESAMPARADOS,SAN JUAN DE DIOS
HOMICIDIO,AJUSTE DE CUENTAS/VENGANZA,2/9/23,18:00:00 - 20:59:59,PERSONA,OTRO O INDETERMINADO [PERSONA],Mayor de edad,HOMBRE,COSTA RICA,LIMON,SIQUIRRES,ALEGRIA
HOMICIDIO,AJUSTE DE CUENTAS/VENGANZA,2/11/23,12:00:00 - 14:59:59,PERSONA,PEATON [PERSONA],Desconocido,DESCONOCIDO,NICARAGUA,ALAJUELA,SAN CARLOS,POCOSOL
HOMICIDIO,AJUSTE DE CUENTAS/VENGANZA,2/17/23,18:00:00 - 20:59:59,PERSONA,PEATON [PERSONA],Desconocido,HOMBRE,NICARAGUA,GUANACASTE,SANTA CRUZ,TAMARINDO
HOMICIDIO,AJUSTE DE CUENTAS/VENGANZA,3/15/23,00:00:00 - 02:59:59,PERSONA,OTRO O INDETERMINADO [PERSONA],Mayor de edad,HOMBRE,COSTA RICA,CARTAGO,LA UNION,RIO AZUL
HOMICIDIO,AJUSTE DE CUENTAS/VENGANZA,3/26/23,18:00:00 - 20:59:59,PERSONA,PEATON [PERSONA],Mayor de edad,HOMBRE,COSTA RICA,ALAJUELA,SAN CARLOS,POCOSOL
HOMICIDIO,AJUSTE DE CUENTAS/VENGANZA,4/13/23,21:00:00 - 23:59:59,PERSONA,CLIENTE LOCAL COMERCIAL [PERSONA],Mayor de edad,HOMBRE,COSTA RICA,LIMON,LIMON,RIO BLANCO
HOMICIDIO,AJUSTE DE CUENTAS/VENGANZA,4/22/23,12:00:00 - 14:59:59,PERSONA,OTRO O INDETERMINADO [PERSONA],Mayor de edad,HOMBRE,COSTA RICA,SAN JOSE,SAN JOSE,PAVAS
HOMICIDIO,AJUSTE DE CUENTAS/VENGANZA,4/24/23,15:00:00 - 17:59:59,PERSONA,OTRO O INDETERMINADO [PERSONA],Mayor de edad,HOMBRE,COSTA RICA,GUANACASTE,NICOYA,NICOYA
HOMICIDIO,AJUSTE DE CUENTAS/VENGANZA,4/29/23,18:00:00 - 20:59:59,PERSONA,DELINCUENTE (RECONOCIDO) [PERSONA],Mayor de edad,HOMBRE,COSTA RICA,LIMON,LIMON,LIMON
HOMICIDIO,AJUSTE DE CUENTAS/VENGANZA,5/3/23,00:00:00 - 02:59:59,PERSONA,EMPRESARIO/COMERCIANTE [PERSONA],Adulto Mayor,HOMBRE,COSTA RICA,PUNTARENAS,COTO BRUS,LIMONCITO
HOMICIDIO,AJUSTE DE CUENTAS/VENGANZA,6/1/23,21:00:00 - 23:59:59,PERSONA,OTRO O INDETERMINADO [PERSONA],Mayor de edad,HOMBRE,COSTA RICA,LIMON,SIQUIRRES,SIQUIRRES
HOMICIDIO,AJUSTE DE CUENTAS/VENGANZA,5/22/23,18:00:00 - 20:59:59,PERSONA,TAXISTA [PERSONA],Desconocido,HOMBRE,COSTA RICA,HEREDIA,SARAPIQUI,PUERTO VIEJO
HOMICIDIO,AJUSTE DE CUENTAS/VENGANZA,5/24/23,15:00:00 - 17:59:59,PERSONA,PEATON [PERSONA],Mayor de edad,HOMBRE,COSTA RICA,PUNTARENAS,PARRITA,PARRITA
HOMICIDIO,AJUSTE DE CUENTAS/VENGANZA,5/26/23,18:00:00 - 20:59:59,PERSONA,OTRO O INDETERMINADO [PERSONA],Mayor de edad,HOMBRE,COSTA RICA,CARTAGO,LA UNION,RIO AZUL
HOMICIDIO,AJUSTE DE CUENTAS/VENGANZA,6/23/23,15:00:00 - 17:59:59,PERSONA,PEATON [PERSONA],Mayor de edad,HOMBRE,COSTA RICA,LIMON,MATINA,MATINA
HOMICIDIO,AJUSTE DE CUENTAS/VENGANZA,6/30/23,09:00:00 - 11:59:59,PERSONA,PEATON [PERSONA],Mayor de edad,HOMBRE,COSTA RICA,SAN JOSE,MORAVIA,SAN VICENTE
HOMICIDIO,AJUSTE DE CUENTAS/VENGANZA,7/7/23,00:00:00 - 02:59:59,PERSONA,OTRO O INDETERMINADO [PERSONA],Desconocido,HOMBRE,Desconocido,HEREDIA,SARAPIQUI,HORQUETAS
HOMICIDIO,AJUSTE DE CUENTAS/VENGANZA,7/19/23,00:00:00 - 02:59:59,PERSONA,PEATON [PERSONA],Mayor de edad,HOMBRE,COSTA RICA,SAN JOSE,SAN JOSE,SAN SEBASTIAN
HOMICIDIO,AJUSTE DE CUENTAS/VENGANZA,7/31/23,00:00:00 - 02:59:59,PERSONA,PEATON [PERSONA],Desconocido,DESCONOCIDO,NICARAGUA,PUNTARENAS,PUNTARENAS,CHACARITA
HOMICIDIO,AJUSTE DE CUENTAS/VENGANZA,8/1/23,15:00:00 - 17:59:59,PERSONA,OTRO O INDETERMINADO [PERSONA],Mayor de edad,HOMBRE,NICARAGUA,GUANACASTE,BAGACES,BAGACES
HOMICIDIO,AJUSTE DE CUENTAS/VENGANZA,8/20/23,00:00:00 - 02:59:59,PERSONA,OTRO O INDETERMINADO [PERSONA],Mayor de edad,HOMBRE,COSTA RICA,SAN JOSE,DESAMPARADOS,SAN JUAN DE DIOS
HOMICIDIO,AJUSTE DE CUENTAS/VENGANZA,8/22/23,18:00:00 - 20:59:59,PERSONA,OTRO O INDETERMINADO [PERSONA],Mayor de edad,HOMBRE,COSTA RICA,SAN JOSE,DESAMPARADOS,SAN JUAN DE DIOS
HOMICIDIO,AJUSTE DE CUENTAS/VENGANZA,8/24/23,09:00:00 - 11:59:59,PERSONA,OTRO O INDETERMINADO [PERSONA],Mayor de edad,HOMBRE,COSTA RICA,LIMON,MATINA,MATINA
HOMICIDIO,AJUSTE DE CUENTAS/VENGANZA,8/28/23,00:00:00 - 02:59:59,PERSONA,OTRO O INDETERMINADO [PERSONA],Mayor de edad,HOMBRE,COSTA RICA,GUANACASTE,SANTA CRUZ,DIRIA
HOMICIDIO,AJUSTE DE CUENTAS/VENGANZA,9/1/23,15:00:00 - 17:59:59,PERSONA,PEATON [PERSONA],Mayor de edad,HOMBRE,COSTA RICA,PUNTARENAS,PUNTARENAS,CHACARITA
HOMICIDIO,AJUSTE DE CUENTAS/VENGANZA,9/1/23,21:00:00 - 23:59:59,PERSONA,CLIENTE LOCAL COMERCIAL [PERSONA],Mayor de edad,HOMBRE,COSTA RICA,SAN JOSE,SAN JOSE,SAN SEBASTIAN
HOMICIDIO,AJUSTE DE CUENTAS/VENGANZA,9/5/23,21:00:00 - 23:59:59,PERSONA,PEATON [PERSONA],Mayor de edad,HOMBRE,COSTA RICA,SAN JOSE,GOICOECHEA,PURRAL
HOMICIDIO,AJUSTE DE CUENTAS/VENGANZA,9/11/23,21:00:00 - 23:59:59,PERSONA,OTRO O INDETERMINADO [PERSONA],Mayor de edad,HOMBRE,COSTA RICA,CARTAGO,CARTAGO,CARMEN
HOMICIDIO,AJUSTE DE CUENTAS/VENGANZA,9/26/23,12:00:00 - 14:59:59,PERSONA,PEATON [PERSONA],Mayor de edad,HOMBRE,COSTA RICA,LIMON,LIMON,LIMON
HOMICIDIO,AJUSTE DE CUENTAS/VENGANZA,9/29/23,15:00:00 - 17:59:59,PERSONA,OTRO O INDETERMINADO [PERSONA],Desconocido,HOMBRE,Desconocido,ALAJUELA,ATENAS,ATENAS
HOMICIDIO,AJUSTE DE CUENTAS/VENGANZA,10/4/23,00:00:00 - 02:59:59,PERSONA,OTRO O INDETERMINADO [PERSONA],Mayor de edad,HOMBRE,COSTA RICA,LIMON,SIQUIRRES,SIQUIRRES
HOMICIDIO,AJUSTE DE CUENTAS/VENGANZA,10/6/23,00:00:00 - 02:59:59,PERSONA,PEATON [PERSONA],Mayor de edad,MUJER,COSTA RICA,LIMON,LIMON,LIMON
HOMICIDIO,AJUSTE DE CUENTAS/VENGANZA,10/7/23,18:00:00 - 20:59:59,PERSONA,OTRO O INDETERMINADO [PERSONA],Mayor de edad,HOMBRE,COSTA RICA,SAN JOSE,MONTES DE OCA,SAN RAFAEL
HOMICIDIO,AJUSTE DE CUENTAS/VENGANZA,10/12/23,12:00:00 - 14:59:59,PERSONA,PEATON [PERSONA],Desconocido,HOMBRE,Desconocido,LIMON,LIMON,LIMON
HOMICIDIO,AJUSTE DE CUENTAS/VENGANZA,10/19/23,18:00:00 - 20:59:59,PERSONA,CLIENTE LOCAL COMERCIAL [PERSONA],Mayor de edad,MUJER,NICARAGUA,ALAJUELA,SAN CARLOS,AGUAS ZARCAS
HOMICIDIO,AJUSTE DE CUENTAS/VENGANZA,10/28/23,00:00:00 - 02:59:59,PERSONA,PEATON [PERSONA],Mayor de edad,HOMBRE,COSTA RICA,LIMON,MATINA,BATAN
HOMICIDIO,AJUSTE DE CUENTAS/VENGANZA,11/1/23,15:00:00 - 17:59:59,PERSONA,PEATON [PERSONA],Mayor de edad,HOMBRE,COSTA RICA,LIMON,MATINA,BATAN
HOMICIDIO,AJUSTE DE CUENTAS/VENGANZA,11/5/23,21:00:00 - 23:59:59,PERSONA,OTRO O INDETERMINADO [PERSONA],Mayor de edad,HOMBRE,COSTA RICA,SAN JOSE,SAN JOSE,PAVAS
HOMICIDIO,AJUSTE DE CUENTAS/VENGANZA,11/5/23,18:00:00 - 20:59:59,PERSONA,PEATON [PERSONA],Mayor de edad,HOMBRE,COLOMBIA,PUNTARENAS,GARABITO,JACO
HOMICIDIO,AJUSTE DE CUENTAS/VENGANZA,11/9/23,15:00:00 - 17:59:59,PERSONA,OTRO O INDETERMINADO [PERSONA],Mayor de edad,DESCONOCIDO,COSTA RICA,LIMON,POCOCI,RITA
HOMICIDIO,AJUSTE DE CUENTAS/VENGANZA,11/25/23,15:00:00 - 17:59:59,PERSONA,OTRO O INDETERMINADO [PERSONA],Mayor de edad,HOMBRE,COSTA RICA,CARTAGO,EL GUARCO,SAN ISIDRO
HOMICIDIO,AJUSTE DE CUENTAS/VENGANZA,12/1/23,00:00:00 - 02:59:59,PERSONA,PEATON [PERSONA],Mayor de edad,HOMBRE,COSTA RICA,PUNTARENAS,OSA,PALMAR
HOMICIDIO,AJUSTE DE CUENTAS/VENGANZA,12/6/23,18:00:00 - 20:59:59,PERSONA,PEATON [PERSONA],Mayor de edad,HOMBRE,COSTA RICA,PUNTARENAS,PARRITA,PARRITA
HOMICIDIO,AJUSTE DE CUENTAS/VENGANZA,12/6/23,18:00:00 - 20:59:59,PERSONA,PEATON [PERSONA],Menor de edad,DESCONOCIDO,Desconocido,PUNTARENAS,PARRITA,PARRITA
HOMICIDIO,AJUSTE DE CUENTAS/VENGANZA,12/18/23,12:00:00 - 14:59:59,PERSONA,PEATON [PERSONA],Mayor de edad,HOMBRE,COSTA RICA,PUNTARENAS,PUNTARENAS,BARRANCA
HOMICIDIO,AJUSTE DE CUENTAS/VENGANZA,12/23/23,00:00:00 - 02:59:59,PERSONA,PEATON [PERSONA],Mayor de edad,DESCONOCIDO,COSTA RICA,GUANACASTE,ABANGARES,LAS JUNTAS
HOMICIDIO,DISCUSION/RIÑA,3/14/21,21:00:00 - 23:59:59,PERSONA,PEATON [PERSONA],Desconocido,HOMBRE,VENEZUELA,LIMON,LIMON,MATAMA
HOMICIDIO,DISCUSION/RIÑA,4/24/21,21:00:00 - 23:59:59,PERSONA,PEATON [PERSONA],Mayor de edad,HOMBRE,NICARAGUA,ALAJUELA,LOS CHILES,LOS CHILES
HOMICIDIO,DISCUSION/RIÑA,6/30/21,00:00:00 - 02:59:59,PERSONA,OTRO O INDETERMINADO [PERSONA],Desconocido,HOMBRE,COSTA RICA,HEREDIA,BELEN,LA RIBERA
HOMICIDIO,DISCUSION/RIÑA,7/20/21,03:00:00 - 05:59:59,PERSONA,PEATON [PERSONA],Mayor de edad,HOMBRE,COSTA RICA,PUNTARENAS,PUERTO JIMÉNEZ,PUERTO JIMÉNEZ
HOMICIDIO,DISCUSION/RIÑA,9/8/21,15:00:00 - 17:59:59,PERSONA,OTRO O INDETERMINADO [PERSONA],Desconocido,HOMBRE,Desconocido,ALAJUELA,ALAJUELA,TAMBOR
HOMICIDIO,DISCUSION/RIÑA,10/3/21,18:00:00 - 20:59:59,PERSONA,OTRO O INDETERMINADO [PERSONA],Mayor de edad,MUJER,COSTA RICA,GUANACASTE,BAGACES,FORTUNA
HOMICIDIO,DISCUSION/RIÑA,11/28/21,00:00:00 - 02:59:59,PERSONA,PEATON [PERSONA],Mayor de edad,HOMBRE,NICARAGUA,LIMON,TALAMANCA,CAHUITA
HOMICIDIO,DISCUSION/RIÑA,11/20/21,21:00:00 - 23:59:59,PERSONA,OTRO O INDETERMINADO [PERSONA],Desconocido,HOMBRE,Desconocido,CARTAGO,TURRIALBA,LA SUIZA
HOMICIDIO,DISCUSION/RIÑA,11/21/21,21:00:00 - 23:59:59,PERSONA,PEATON [PERSONA],Desconocido,HOMBRE,COSTA RICA,LIMON,MATINA,CARRANDI
HOMICIDIO,DISCUSION/RIÑA,1/17/22,03:00:00 - 05:59:59,PERSONA,PEATON [PERSONA],Mayor de edad,HOMBRE,COSTA RICA,GUANACASTE,LIBERIA,LIBERIA
HOMICIDIO,DISCUSION/RIÑA,2/12/22,06:00:00 - 08:59:59,PERSONA,PEATON [PERSONA],Menor de edad,HOMBRE,COSTA RICA,PUNTARENAS,BUENOS AIRES,BUENOS AIRES
HOMICIDIO,DISCUSION/RIÑA,3/17/22,18:00:00 - 20:59:59,PERSONA,OTRO O INDETERMINADO [PERSONA],Mayor de edad,DESCONOCIDO,COSTA RICA,ALAJUELA,NARANJO,SAN JERONIMO
HOMICIDIO,DISCUSION/RIÑA,6/10/22,00:00:00 - 02:59:59,PERSONA,OTRO O INDETERMINADO [PERSONA],Mayor de edad,DESCONOCIDO,COSTA RICA,ALAJUELA,ALAJUELA,ALAJUELA
HOMICIDIO,DISCUSION/RIÑA,6/13/22,00:00:00 - 02:59:59,PERSONA,PEATON [PERSONA],Mayor de edad,HOMBRE,COSTA RICA,PUNTARENAS,ESPARZA,CALDERA
HOMICIDIO,DISCUSION/RIÑA,7/19/22,15:00:00 - 17:59:59,PERSONA,OTRO O INDETERMINADO [PERSONA],Mayor de edad,HOMBRE,COSTA RICA,SAN JOSE,SAN JOSE,SAN FRANCISCO DE DOS RIOS
HOMICIDIO,DISCUSION/RIÑA,11/27/22,00:00:00 - 02:59:59,PERSONA,CLIENTE LOCAL COMERCIAL [PERSONA],Mayor de edad,HOMBRE,COSTA RICA,GUANACASTE,LIBERIA,LIBERIA
HOMICIDIO,DISCUSION/RIÑA,12/29/22,12:00:00 - 14:59:59,PERSONA,PEATON [PERSONA],Mayor de edad,HOMBRE,COSTA RICA,PUNTARENAS,QUEPOS,SAVEGRE
HOMICIDIO,DISCUSION/RIÑA,1/9/23,12:00:00 - 14:59:59,PERSONA,PEATON [PERSONA],Mayor de edad,MUJER,NICARAGUA,HEREDIA,HEREDIA,SAN FRANCISCO
HOMICIDIO,DISCUSION/RIÑA,2/5/23,18:00:00 - 20:59:59,PERSONA,OTRO O INDETERMINADO [PERSONA],Mayor de edad,HOMBRE,NICARAGUA,ALAJUELA,ALAJUELA,SAN ANTONIO
HOMICIDIO,DISCUSION/RIÑA,2/24/23,15:00:00 - 17:59:59,PERSONA,PEATON [PERSONA],Desconocido,DESCONOCIDO,COSTA RICA,ALAJUELA,SAN CARLOS,FORTUNA
HOMICIDIO,DISCUSION/RIÑA,4/3/23,03:00:00 - 05:59:59,PERSONA,PEATON [PERSONA],Desconocido,DESCONOCIDO,NICARAGUA,ALAJUELA,SAN CARLOS,PITAL
HOMICIDIO,DISCUSION/RIÑA,6/19/23,03:00:00 - 05:59:59,PERSONA,OTRO O INDETERMINADO [PERSONA],Mayor de edad,HOMBRE,COSTA RICA,LIMON,LIMON,LIMON
HOMICIDIO,DISCUSION/RIÑA,6/28/23,15:00:00 - 17:59:59,PERSONA,OTRO O INDETERMINADO [PERSONA],Adulto Mayor,DESCONOCIDO,COSTA RICA,PUNTARENAS,PUNTARENAS,BARRANCA
HOMICIDIO,DISCUSION/RIÑA,7/4/23,21:00:00 - 23:59:59,PERSONA,PEATON [PERSONA],Mayor de edad,HOMBRE,COSTA RICA,GUANACASTE,SANTA CRUZ,VEINTISIETE DE ABRIL
HOMICIDIO,DISCUSION/RIÑA,7/11/23,21:00:00 - 23:59:59,PERSONA,PEATON [PERSONA],Mayor de edad,HOMBRE,COSTA RICA,ALAJUELA,SAN CARLOS,POCOSOL
HOMICIDIO,DISCUSION/RIÑA,7/13/23,06:00:00 - 08:59:59,PERSONA,PEATON [PERSONA],Mayor de edad,HOMBRE,COSTA RICA,PUNTARENAS,PUNTARENAS,BARRANCA
HOMICIDIO,DISCUSION/RIÑA,8/3/23,15:00:00 - 17:59:59,PERSONA,PEATON [PERSONA],Desconocido,HOMBRE,NICARAGUA,LIMON,MATINA,BATAN
HOMICIDIO,DISCUSION/RIÑA,8/18/23,18:00:00 - 20:59:59,PERSONA,PEATON [PERSONA],Mayor de edad,HOMBRE,COSTA RICA,HEREDIA,HEREDIA,SAN FRANCISCO
HOMICIDIO,DISCUSION/RIÑA,9/10/23,15:00:00 - 17:59:59,PERSONA,DELINCUENTE (RECONOCIDO) [PERSONA],Mayor de edad,HOMBRE,COSTA RICA,SAN JOSE,PEREZ ZELEDON,DANIEL FLORES
HOMICIDIO,DISCUSION/RIÑA,9/25/23,09:00:00 - 11:59:59,PERSONA,OTRO O INDETERMINADO [PERSONA],Desconocido,HOMBRE,Desconocido,GUANACASTE,CARRILLO,BELEN
HOMICIDIO,DISCUSION/RIÑA,12/14/23,03:00:00 - 05:59:59,PERSONA,PEATON [PERSONA],Mayor de edad,HOMBRE,COSTA RICA,PUNTARENAS,PUNTARENAS,MANZANILLO
HOMICIDIO,NO DETERMINADO,5/26/21,18:00:00 - 20:59:59,PERSONA,OTRO O INDETERMINADO [PERSONA],Mayor de edad,HOMBRE,COSTA RICA,SAN JOSE,SAN JOSE,HOSPITAL
HOMICIDIO,NO DETERMINADO,10/18/22,15:00:00 - 17:59:59,PERSONA,OTRO O INDETERMINADO [PERSONA],Mayor de edad,HOMBRE,COSTA RICA,SAN JOSE,ESCAZU,SAN RAFAEL
HOMICIDIO,NO DETERMINADO,11/27/22,21:00:00 - 23:59:59,PERSONA,OTRO O INDETERMINADO [PERSONA],Mayor de edad,HOMBRE,COSTA RICA,SAN JOSE,SAN JOSE,HATILLO
HOMICIDIO,NO DETERMINADO,8/1/23,00:00:00 - 02:59:59,PERSONA,OTRO O INDETERMINADO [PERSONA],Mayor de edad,HOMBRE,COSTA RICA,SAN JOSE,SAN JOSE,DESCONOCIDO
HOMICIDIO,OTRO O INDETERMINADO,10/11/21,18:00:00 - 20:59:59,PERSONA,PEATON [PERSONA],Menor de edad,DESCONOCIDO,NICARAGUA,SAN JOSE,SAN JOSE,URUCA
HOMICIDIO,OTRO O INDETERMINADO,2/21/21,18:00:00 - 20:59:59,PERSONA,OTRO O INDETERMINADO [PERSONA],Mayor de edad,HOMBRE,NICARAGUA,SAN JOSE,SAN JOSE,MATA REDONDA
HOMICIDIO,OTRO O INDETERMINADO,8/14/21,00:00:00 - 02:59:59,PERSONA,PEATON [PERSONA],Desconocido,HOMBRE,NICARAGUA,PUNTARENAS,GARABITO,JACO
HOMICIDIO,OTRO O INDETERMINADO,11/24/22,00:00:00 - 02:59:59,PERSONA,OTRO O INDETERMINADO [PERSONA],Mayor de edad,DESCONOCIDO,COSTA RICA,HEREDIA,SANTA BARBARA,SANTA BARBARA
HOMICIDIO,POR LA COMISION DE OTRO DELITO,4/21/21,06:00:00 - 08:59:59,PERSONA,OTRO O INDETERMINADO [PERSONA],Mayor de edad,HOMBRE,NICARAGUA,LIMON,GUACIMO,POCORA
HOMICIDIO,POR LA COMISION DE OTRO DELITO,11/12/21,09:00:00 - 11:59:59,PERSONA,EMPRESARIO/COMERCIANTE [PERSONA],Desconocido,HOMBRE,COSTA RICA,GUANACASTE,BAGACES,MOGOTE
HOMICIDIO,POR LA COMISION DE OTRO DELITO,2/21/22,09:00:00 - 11:59:59,PERSONA,EMPRESARIO/COMERCIANTE [PERSONA],Adulto Mayor,HOMBRE,COSTA RICA,LIMON,POCOCI,JIMENEZ
HOMICIDIO,POR LA COMISION DE OTRO DELITO,8/6/22,18:00:00 - 20:59:59,PERSONA,OTRO O INDETERMINADO [PERSONA],Mayor de edad,HOMBRE,COSTA RICA,ALAJUELA,SAN RAMON,SAN ISIDRO
HOMICIDIO,POR LA COMISION DE OTRO DELITO,10/20/22,12:00:00 - 14:59:59,PERSONA,OTRO O INDETERMINADO [PERSONA],Mayor de edad,HOMBRE,NICARAGUA,ALAJUELA,NARANJO,SAN MIGUEL
HOMICIDIO,POR LA COMISION DE OTRO DELITO,3/8/23,12:00:00 - 14:59:59,PERSONA,OTRO O INDETERMINADO [PERSONA],Mayor de edad,HOMBRE,COSTA RICA,SAN JOSE,ASERRI,ASERRI
HOMICIDIO,POR LA COMISION DE OTRO DELITO,5/25/23,18:00:00 - 20:59:59,PERSONA,OTRO O INDETERMINADO [PERSONA],Mayor de edad,HOMBRE,COSTA RICA,GUANACASTE,SANTA CRUZ,CARTAGENA
HOMICIDIO,POR LA COMISION DE OTRO DELITO,7/9/23,18:00:00 - 20:59:59,PERSONA,OTRO O INDETERMINADO [PERSONA],Desconocido,HOMBRE,NICARAGUA,LIMON,POCOCI,JIMENEZ
HOMICIDIO,POR LA COMISION DE OTRO DELITO,10/28/23,06:00:00 - 08:59:59,PERSONA,OTRO O INDETERMINADO [PERSONA],Mayor de edad,MUJER,COSTA RICA,SAN JOSE,ALAJUELITA,SAN FELIPE
HOMICIDIO,PROFESIONAL,8/7/21,00:00:00 - 02:59:59,PERSONA,OTRO O INDETERMINADO [PERSONA],Mayor de edad,HOMBRE,COSTA RICA,SAN JOSE,CURRIDABAT,TIRRASES
HOMICIDIO,PROFESIONAL,9/14/22,15:00:00 - 17:59:59,PERSONA,CLIENTE LOCAL COMERCIAL [PERSONA],Mayor de edad,MUJER,COSTA RICA,PUNTARENAS,PUNTARENAS,CHACARITA
HOMICIDIO,PROFESIONAL,5/30/23,18:00:00 - 20:59:59,PERSONA,OTRO O INDETERMINADO [PERSONA],Menor de edad,HOMBRE,COSTA RICA,PUNTARENAS,QUEPOS,QUEPOS
HOMICIDIO,REPELIENDO ACTIVIDAD CRIMINAL,2/11/21,15:00:00 - 17:59:59,PERSONA,DELINCUENTE (RECONOCIDO) [PERSONA],Mayor de edad,HOMBRE,COSTA RICA,PUNTARENAS,CORREDORES,CORREDOR
HOMICIDIO,REPELIENDO ACTIVIDAD CRIMINAL,2/16/21,03:00:00 - 05:59:59,PERSONA,GUARDA [PERSONA],Mayor de edad,HOMBRE,COSTA RICA,LIMON,POCOCI,ROXANA
HOMICIDIO,REPELIENDO ACTIVIDAD CRIMINAL,2/27/22,15:00:00 - 17:59:59,PERSONA,OTRO O INDETERMINADO [PERSONA],Mayor de edad,HOMBRE,COSTA RICA,LIMON,POCOCI,RITA
HOMICIDIO,REPELIENDO ACTIVIDAD CRIMINAL,3/4/22,15:00:00 - 17:59:59,PERSONA,OTRO O INDETERMINADO [PERSONA],Mayor de edad,DESCONOCIDO,Desconocido,SAN JOSE,SAN JOSE,CATEDRAL
HOMICIDIO,REPELIENDO ACTIVIDAD CRIMINAL,6/20/22,00:00:00 - 02:59:59,PERSONA,OTRO O INDETERMINADO [PERSONA],Mayor de edad,DESCONOCIDO,COSTA RICA,SAN JOSE,MONTES DE OCA,SAN PEDRO
HOMICIDIO,REPELIENDO ACTIVIDAD CRIMINAL,8/29/22,12:00:00 - 14:59:59,PERSONA,PEATON [PERSONA],Mayor de edad,HOMBRE,COSTA RICA,PUNTARENAS,PUERTO JIMÉNEZ,PUERTO JIMÉNEZ
HOMICIDIO,VIOLENCIA DOMESTICA,1/17/22,09:00:00 - 11:59:59,PERSONA,OTRO O INDETERMINADO [PERSONA],Adulto Mayor,MUJER,COSTA RICA,HEREDIA,SAN ISIDRO,SAN ISIDRO
HOMICIDIO,VIOLENCIA DOMESTICA,6/12/22,15:00:00 - 17:59:59,PERSONA,CLIENTE LOCAL COMERCIAL [PERSONA],Mayor de edad,MUJER,COSTA RICA,GUANACASTE,TILARAN,TILARAN
HOMICIDIO,VIOLENCIA DOMESTICA,11/13/22,15:00:00 - 17:59:59,PERSONA,OTRO O INDETERMINADO [PERSONA],Mayor de edad,MUJER,COSTA RICA,LIMON,TALAMANCA,TELIRE